
=============
== PyTorch ==
=============

NVIDIA Release 26.05 (build 313520559)
PyTorch Version 2.12.0a0+5aff392
Container image Copyright (c) 2026, NVIDIA CORPORATION & AFFILIATES. All rights reserved.
Copyright (c) 2014-2024 Facebook Inc.
Copyright (c) 2011-2014 Idiap Research Institute (Ronan Collobert)
Copyright (c) 2012-2014 Deepmind Technologies    (Koray Kavukcuoglu)
Copyright (c) 2011-2012 NEC Laboratories America (Koray Kavukcuoglu)
Copyright (c) 2011-2013 NYU                      (Clement Farabet)
Copyright (c) 2006-2010 NEC Laboratories America (Ronan Collobert, Leon Bottou, Iain Melvin, Jason Weston)
Copyright (c) 2006      Idiap Research Institute (Samy Bengio)
Copyright (c) 2001-2004 Idiap Research Institute (Ronan Collobert, Samy Bengio, Johnny Mariethoz)
Copyright (c) 2015      Google Inc.
Copyright (c) 2015      Yangqing Jia
Copyright (c) 2013-2016 The Caffe contributors
All rights reserved.

Various files include modifications (c) NVIDIA CORPORATION & AFFILIATES.  All rights reserved.

GOVERNING TERMS: The software and materials are governed by the NVIDIA Software License Agreement
(found at https://www.nvidia.com/en-us/agreements/enterprise-software/nvidia-software-license-agreement/)
and the Product-Specific Terms for NVIDIA AI Products
(found at https://www.nvidia.com/en-us/agreements/enterprise-software/product-specific-terms-for-ai-products/).

NOTE: CUDA Forward Compatibility mode ENABLED.
  Using CUDA 13.2 driver version 595.58.03 with kernel driver version 580.159.04.
  See https://docs.nvidia.com/deploy/cuda-compatibility/ for details.

NOTE: Mellanox network driver detected, but NVIDIA peer memory driver not
      detected.  Multi-node communication performance may be reduced.

W0726 03:03:54.779000 1019 torch/distributed/run.py:862] 
W0726 03:03:54.779000 1019 torch/distributed/run.py:862] *****************************************
W0726 03:03:54.779000 1019 torch/distributed/run.py:862] Setting OMP_NUM_THREADS environment variable for each process to be 1 in default, to avoid your system being overloaded, please further tune the variable for optimal performance in your application as needed. 
W0726 03:03:54.779000 1019 torch/distributed/run.py:862] *****************************************
WARNING: temporarily disabled some autotune configs for CUDA 12.8+
WARNING: temporarily disabled some autotune configs for CUDA 12.8+
WARNING: temporarily disabled some autotune configs for CUDA 12.8+
WARNING: temporarily disabled some autotune configs for CUDA 12.8+
WARNING: temporarily disabled some autotune configs for CUDA 12.8+
WARNING: temporarily disabled some autotune configs for CUDA 12.8+
WARNING: temporarily disabled some autotune configs for CUDA 12.8+
WARNING: temporarily disabled some autotune configs for CUDA 12.8+
NOTE! Installing ujson may make loading annotations faster.
NOTE! Installing ujson may make loading annotations faster.
NOTE! Installing ujson may make loading annotations faster.
NOTE! Installing ujson may make loading annotations faster.
NOTE! Installing ujson may make loading annotations faster.
NOTE! Installing ujson may make loading annotations faster.
NOTE! Installing ujson may make loading annotations faster.
NOTE! Installing ujson may make loading annotations faster.
[Rank 5] PID=1092, Node=N/A, LocalRank=5
[Rank 1] PID=1088, Node=N/A, LocalRank=1
[Rank 0] PID=1087, Node=N/A, LocalRank=0
[Rank 7] PID=1094, Node=N/A, LocalRank=7
[Rank 6] PID=1093, Node=N/A, LocalRank=6
[Rank 3] PID=1090, Node=N/A, LocalRank=3
[Rank 4] PID=1091, Node=N/A, LocalRank=4
[Rank 2] PID=1089, Node=N/A, LocalRank=2
/workspace/recsys-examples/examples/hstu/configs/hstu_config.py:206: UserWarning: TP size is 1, setting sequence parallel to False
  warnings.warn("TP size is 1, setting sequence parallel to False")
/workspace/recsys-examples/examples/hstu/configs/hstu_config.py:206: UserWarning: TP size is 1, setting sequence parallel to False
  warnings.warn("TP size is 1, setting sequence parallel to False")
/workspace/recsys-examples/examples/hstu/configs/hstu_config.py:206: UserWarning: TP size is 1, setting sequence parallel to False
  warnings.warn("TP size is 1, setting sequence parallel to False")
/workspace/recsys-examples/examples/hstu/configs/hstu_config.py:206: UserWarning: TP size is 1, setting sequence parallel to False
  warnings.warn("TP size is 1, setting sequence parallel to False")
/workspace/recsys-examples/examples/hstu/configs/hstu_config.py:206: UserWarning: TP size is 1, setting sequence parallel to False
  warnings.warn("TP size is 1, setting sequence parallel to False")
[rank1]: Traceback (most recent call last):
[rank1]:   File "/workspace/recsys-examples/examples/hstu/./training/pretrain_gr_ranking.py", line 203, in <module>
[rank1]:     main()
[rank1]:   File "/workspace/recsys-examples/examples/hstu/./training/pretrain_gr_ranking.py", line 101, in main
[rank1]:     task_config = create_ranking_config(dataset_args, network_args, embedding_args)
[rank1]:                   ^^^^^^^^^^^^^^^^^^^^^^^^^^^^^^^^^^^^^^^^^^^^^^^^^^^^^^^^^^^^^^^^^
[rank1]:   File "/workspace/recsys-examples/examples/hstu/./training/pretrain_gr_ranking.py", line 65, in create_ranking_config
[rank1]:     embedding_configs=create_embedding_configs(
[rank1]:                       ^^^^^^^^^^^^^^^^^^^^^^^^^
[rank1]:   File "/workspace/recsys-examples/examples/hstu/training/trainer/utils.py", line 235, in create_embedding_configs
[rank1]:     common_preprocessors = get_common_preprocessors()
[rank1]:                            ^^^^^^^^^^^^^^^^^^^^^^^^^^
[rank1]: TypeError: get_common_preprocessors() missing 1 required positional argument: 'dataset_path'
/workspace/recsys-examples/examples/hstu/configs/hstu_config.py:206: UserWarning: TP size is 1, setting sequence parallel to False
  warnings.warn("TP size is 1, setting sequence parallel to False")
[rank4]: Traceback (most recent call last):
[rank4]:   File "/workspace/recsys-examples/examples/hstu/./training/pretrain_gr_ranking.py", line 203, in <module>
[rank4]:     main()
[rank4]:   File "/workspace/recsys-examples/examples/hstu/./training/pretrain_gr_ranking.py", line 101, in main
[rank4]:     task_config = create_ranking_config(dataset_args, network_args, embedding_args)
[rank4]:                   ^^^^^^^^^^^^^^^^^^^^^^^^^^^^^^^^^^^^^^^^^^^^^^^^^^^^^^^^^^^^^^^^^
[rank4]:   File "/workspace/recsys-examples/examples/hstu/./training/pretrain_gr_ranking.py", line 65, in create_ranking_config
[rank4]:     embedding_configs=create_embedding_configs(
[rank4]:                       ^^^^^^^^^^^^^^^^^^^^^^^^^
[rank4]:   File "/workspace/recsys-examples/examples/hstu/training/trainer/utils.py", line 235, in create_embedding_configs
[rank4]:     common_preprocessors = get_common_preprocessors()
[rank4]:                            ^^^^^^^^^^^^^^^^^^^^^^^^^^
[rank4]: TypeError: get_common_preprocessors() missing 1 required positional argument: 'dataset_path'
[rank3]: Traceback (most recent call last):
[rank3]:   File "/workspace/recsys-examples/examples/hstu/./training/pretrain_gr_ranking.py", line 203, in <module>
[rank3]:     main()
[rank3]:   File "/workspace/recsys-examples/examples/hstu/./training/pretrain_gr_ranking.py", line 101, in main
[rank3]:     task_config = create_ranking_config(dataset_args, network_args, embedding_args)
[rank3]:                   ^^^^^^^^^^^^^^^^^^^^^^^^^^^^^^^^^^^^^^^^^^^^^^^^^^^^^^^^^^^^^^^^^
[rank3]:   File "/workspace/recsys-examples/examples/hstu/./training/pretrain_gr_ranking.py", line 65, in create_ranking_config
[rank3]:     embedding_configs=create_embedding_configs(
[rank3]:                       ^^^^^^^^^^^^^^^^^^^^^^^^^
[rank3]:   File "/workspace/recsys-examples/examples/hstu/training/trainer/utils.py", line 235, in create_embedding_configs
[rank3]:     common_preprocessors = get_common_preprocessors()
[rank3]:                            ^^^^^^^^^^^^^^^^^^^^^^^^^^
[rank3]: TypeError: get_common_preprocessors() missing 1 required positional argument: 'dataset_path'
/workspace/recsys-examples/examples/hstu/configs/hstu_config.py:206: UserWarning: TP size is 1, setting sequence parallel to False
  warnings.warn("TP size is 1, setting sequence parallel to False")
[rank2]: Traceback (most recent call last):
[rank2]:   File "/workspace/recsys-examples/examples/hstu/./training/pretrain_gr_ranking.py", line 203, in <module>
[rank2]:     main()
[rank2]:   File "/workspace/recsys-examples/examples/hstu/./training/pretrain_gr_ranking.py", line 101, in main
[rank2]:     task_config = create_ranking_config(dataset_args, network_args, embedding_args)
[rank2]:                   ^^^^^^^^^^^^^^^^^^^^^^^^^^^^^^^^^^^^^^^^^^^^^^^^^^^^^^^^^^^^^^^^^
[rank2]:   File "/workspace/recsys-examples/examples/hstu/./training/pretrain_gr_ranking.py", line 65, in create_ranking_config
[rank2]:     embedding_configs=create_embedding_configs(
[rank2]:                       ^^^^^^^^^^^^^^^^^^^^^^^^^
[rank2]:   File "/workspace/recsys-examples/examples/hstu/training/trainer/utils.py", line 235, in create_embedding_configs
[rank2]:     common_preprocessors = get_common_preprocessors()
[rank2]:                            ^^^^^^^^^^^^^^^^^^^^^^^^^^
[rank2]: TypeError: get_common_preprocessors() missing 1 required positional argument: 'dataset_path'
[rank6]: Traceback (most recent call last):
[rank6]:   File "/workspace/recsys-examples/examples/hstu/./training/pretrain_gr_ranking.py", line 203, in <module>
[rank6]:     main()
[rank6]:   File "/workspace/recsys-examples/examples/hstu/./training/pretrain_gr_ranking.py", line 101, in main
[rank6]:     task_config = create_ranking_config(dataset_args, network_args, embedding_args)
[rank6]:                   ^^^^^^^^^^^^^^^^^^^^^^^^^^^^^^^^^^^^^^^^^^^^^^^^^^^^^^^^^^^^^^^^^
[rank6]:   File "/workspace/recsys-examples/examples/hstu/./training/pretrain_gr_ranking.py", line 65, in create_ranking_config
[rank6]:     embedding_configs=create_embedding_configs(
[rank6]:                       ^^^^^^^^^^^^^^^^^^^^^^^^^
[rank6]:   File "/workspace/recsys-examples/examples/hstu/training/trainer/utils.py", line 235, in create_embedding_configs
[rank6]:     common_preprocessors = get_common_preprocessors()
[rank6]:                            ^^^^^^^^^^^^^^^^^^^^^^^^^^
[rank6]: TypeError: get_common_preprocessors() missing 1 required positional argument: 'dataset_path'
[rank7]: Traceback (most recent call last):
[rank7]:   File "/workspace/recsys-examples/examples/hstu/./training/pretrain_gr_ranking.py", line 203, in <module>
[rank7]:     main()
[rank7]:   File "/workspace/recsys-examples/examples/hstu/./training/pretrain_gr_ranking.py", line 101, in main
[rank7]:     task_config = create_ranking_config(dataset_args, network_args, embedding_args)
[rank7]:                   ^^^^^^^^^^^^^^^^^^^^^^^^^^^^^^^^^^^^^^^^^^^^^^^^^^^^^^^^^^^^^^^^^
[rank7]:   File "/workspace/recsys-examples/examples/hstu/./training/pretrain_gr_ranking.py", line 65, in create_ranking_config
[rank7]:     embedding_configs=create_embedding_configs(
[rank7]:                       ^^^^^^^^^^^^^^^^^^^^^^^^^
[rank7]:   File "/workspace/recsys-examples/examples/hstu/training/trainer/utils.py", line 235, in create_embedding_configs
[rank7]:     common_preprocessors = get_common_preprocessors()
[rank7]:                            ^^^^^^^^^^^^^^^^^^^^^^^^^^
[rank7]: TypeError: get_common_preprocessors() missing 1 required positional argument: 'dataset_path'
[rank5]: Traceback (most recent call last):
[rank5]:   File "/workspace/recsys-examples/examples/hstu/./training/pretrain_gr_ranking.py", line 203, in <module>
[rank5]:     main()
[rank5]:   File "/workspace/recsys-examples/examples/hstu/./training/pretrain_gr_ranking.py", line 101, in main
[rank5]:     task_config = create_ranking_config(dataset_args, network_args, embedding_args)
[rank5]:                   ^^^^^^^^^^^^^^^^^^^^^^^^^^^^^^^^^^^^^^^^^^^^^^^^^^^^^^^^^^^^^^^^^
[rank5]:   File "/workspace/recsys-examples/examples/hstu/./training/pretrain_gr_ranking.py", line 65, in create_ranking_config
[rank5]:     embedding_configs=create_embedding_configs(
[rank5]:                       ^^^^^^^^^^^^^^^^^^^^^^^^^
[rank5]:   File "/workspace/recsys-examples/examples/hstu/training/trainer/utils.py", line 235, in create_embedding_configs
[rank5]:     common_preprocessors = get_common_preprocessors()
[rank5]:                            ^^^^^^^^^^^^^^^^^^^^^^^^^^
[rank5]: TypeError: get_common_preprocessors() missing 1 required positional argument: 'dataset_path'
[07/26/26 03:04:11] INFO     distributed env initialization done. Free cuda memory: 180925.69 MB                                                                                                                                                
/workspace/recsys-examples/examples/hstu/configs/hstu_config.py:206: UserWarning: TP size is 1, setting sequence parallel to False
  warnings.warn("TP size is 1, setting sequence parallel to False")
[rank0]: Traceback (most recent call last):
[rank0]:   File "/workspace/recsys-examples/examples/hstu/./training/pretrain_gr_ranking.py", line 203, in <module>
[rank0]:     main()
[rank0]:   File "/workspace/recsys-examples/examples/hstu/./training/pretrain_gr_ranking.py", line 101, in main
[rank0]:     task_config = create_ranking_config(dataset_args, network_args, embedding_args)
[rank0]:                   ^^^^^^^^^^^^^^^^^^^^^^^^^^^^^^^^^^^^^^^^^^^^^^^^^^^^^^^^^^^^^^^^^
[rank0]:   File "/workspace/recsys-examples/examples/hstu/./training/pretrain_gr_ranking.py", line 65, in create_ranking_config
[rank0]:     embedding_configs=create_embedding_configs(
[rank0]:                       ^^^^^^^^^^^^^^^^^^^^^^^^^
[rank0]:   File "/workspace/recsys-examples/examples/hstu/training/trainer/utils.py", line 235, in create_embedding_configs
[rank0]:     common_preprocessors = get_common_preprocessors()
[rank0]:                            ^^^^^^^^^^^^^^^^^^^^^^^^^^
[rank0]: TypeError: get_common_preprocessors() missing 1 required positional argument: 'dataset_path'
[rank0]:[W726 03:04:12.348370331 ProcessGroupNCCL.cpp:1648] Warning: WARNING: destroy_process_group() was not called before program exit, which can leak resources. For more info, please see https://pytorch.org/docs/stable/distributed.html#shutdown (function operator())
[rank3]:[W726 03:04:12.365722565 ProcessGroupNCCL.cpp:1648] Warning: WARNING: destroy_process_group() was not called before program exit, which can leak resources. For more info, please see https://pytorch.org/docs/stable/distributed.html#shutdown (function operator())
[rank2]:[W726 03:04:12.366076157 ProcessGroupNCCL.cpp:1648] Warning: WARNING: destroy_process_group() was not called before program exit, which can leak resources. For more info, please see https://pytorch.org/docs/stable/distributed.html#shutdown (function operator())
[rank1]:[W726 03:04:12.366288555 ProcessGroupNCCL.cpp:1648] Warning: WARNING: destroy_process_group() was not called before program exit, which can leak resources. For more info, please see https://pytorch.org/docs/stable/distributed.html#shutdown (function operator())
[rank4]:[W726 03:04:12.376328644 ProcessGroupNCCL.cpp:1648] Warning: WARNING: destroy_process_group() was not called before program exit, which can leak resources. For more info, please see https://pytorch.org/docs/stable/distributed.html#shutdown (function operator())
[rank5]:[W726 03:04:12.386089963 ProcessGroupNCCL.cpp:1648] Warning: WARNING: destroy_process_group() was not called before program exit, which can leak resources. For more info, please see https://pytorch.org/docs/stable/distributed.html#shutdown (function operator())
[rank6]:[W726 03:04:12.386434490 ProcessGroupNCCL.cpp:1648] Warning: WARNING: destroy_process_group() was not called before program exit, which can leak resources. For more info, please see https://pytorch.org/docs/stable/distributed.html#shutdown (function operator())
[rank7]:[W726 03:04:12.396112970 ProcessGroupNCCL.cpp:1648] Warning: WARNING: destroy_process_group() was not called before program exit, which can leak resources. For more info, please see https://pytorch.org/docs/stable/distributed.html#shutdown (function operator())
W0726 03:04:13.788000 1019 torch/distributed/elastic/multiprocessing/api.py:1014] Sending process 1087 closing signal SIGTERM
W0726 03:04:13.789000 1019 torch/distributed/elastic/multiprocessing/api.py:1014] Sending process 1088 closing signal SIGTERM
W0726 03:04:13.789000 1019 torch/distributed/elastic/multiprocessing/api.py:1014] Sending process 1089 closing signal SIGTERM
W0726 03:04:13.789000 1019 torch/distributed/elastic/multiprocessing/api.py:1014] Sending process 1090 closing signal SIGTERM
W0726 03:04:13.789000 1019 torch/distributed/elastic/multiprocessing/api.py:1014] Sending process 1091 closing signal SIGTERM
W0726 03:04:13.789000 1019 torch/distributed/elastic/multiprocessing/api.py:1014] Sending process 1092 closing signal SIGTERM
W0726 03:04:13.789000 1019 torch/distributed/elastic/multiprocessing/api.py:1014] Sending process 1094 closing signal SIGTERM
E0726 03:04:14.731000 1019 torch/distributed/elastic/multiprocessing/api.py:988] failed (exitcode: 1) local_rank: 6 (pid: 1093) of binary: /usr/bin/python3
Traceback (most recent call last):
  File "/usr/local/bin/torchrun", line 6, in <module>
    sys.exit(main())
             ^^^^^^
  File "/usr/local/lib/python3.12/dist-packages/torch/distributed/elastic/multiprocessing/errors/__init__.py", line 367, in wrapper
    return f(*args, **kwargs)
           ^^^^^^^^^^^^^^^^^^
  File "/usr/local/lib/python3.12/dist-packages/torch/distributed/run.py", line 1016, in main
    run(args)
  File "/usr/local/lib/python3.12/dist-packages/torch/distributed/run.py", line 1007, in run
    elastic_launch(
  File "/usr/local/lib/python3.12/dist-packages/torch/distributed/launcher/api.py", line 191, in __call__
    return launch_agent(self._config, self._entrypoint, list(args))
           ^^^^^^^^^^^^^^^^^^^^^^^^^^^^^^^^^^^^^^^^^^^^^^^^^^^^^^^^
  File "/usr/local/lib/python3.12/dist-packages/torch/distributed/launcher/api.py", line 371, in launch_agent
    raise ChildFailedError(
torch.distributed.elastic.multiprocessing.errors.ChildFailedError: 
============================================================
./training/pretrain_gr_ranking.py FAILED
------------------------------------------------------------
Failures:
[1]:
  time      : 2026-07-26_03:04:14
  host      : 17121631918d
  rank      : 0 (local_rank: 0)
  exitcode  : 1 (pid: 1087) 
  error_file: <N/A>
  traceback : To enable traceback see: https://pytorch.org/docs/stable/elastic/errors.html
[2]:
  time      : 2026-07-26_03:04:14
  host      : 17121631918d
  rank      : 1 (local_rank: 1)
  exitcode  : 1 (pid: 1088) 
  error_file: <N/A>
  traceback : To enable traceback see: https://pytorch.org/docs/stable/elastic/errors.html
[3]:
  time      : 2026-07-26_03:04:14
  host      : 17121631918d
  rank      : 2 (local_rank: 2)
  exitcode  : 1 (pid: 1089) 
  error_file: <N/A>
  traceback : To enable traceback see: https://pytorch.org/docs/stable/elastic/errors.html
[4]:
  time      : 2026-07-26_03:04:14
  host      : 17121631918d
  rank      : 3 (local_rank: 3)
  exitcode  : 1 (pid: 1090) 
  error_file: <N/A>
  traceback : To enable traceback see: https://pytorch.org/docs/stable/elastic/errors.html
[5]:
  time      : 2026-07-26_03:04:14
  host      : 17121631918d
  rank      : 4 (local_rank: 4)
  exitcode  : 1 (pid: 1091) 
  error_file: <N/A>
  traceback : To enable traceback see: https://pytorch.org/docs/stable/elastic/errors.html
[6]:
  time      : 2026-07-26_03:04:14
  host      : 17121631918d
  rank      : 5 (local_rank: 5)
  exitcode  : 1 (pid: 1092) 
  error_file: <N/A>
  traceback : To enable traceback see: https://pytorch.org/docs/stable/elastic/errors.html
[7]:
  time      : 2026-07-26_03:04:14
  host      : 17121631918d
  rank      : 7 (local_rank: 7)
  exitcode  : 1 (pid: 1094) 
  error_file: <N/A>
  traceback : To enable traceback see: https://pytorch.org/docs/stable/elastic/errors.html
------------------------------------------------------------
Root Cause (first observed failure):
[0]:
  time      : 2026-07-26_03:04:13
  host      : 17121631918d
  rank      : 6 (local_rank: 6)
  exitcode  : 1 (pid: 1093) 
  error_file: <N/A>
  traceback : To enable traceback see: https://pytorch.org/docs/stable/elastic/errors.html
============================================================

=============
== PyTorch ==
=============

NVIDIA Release 26.05 (build 313520559)
PyTorch Version 2.12.0a0+5aff392
Container image Copyright (c) 2026, NVIDIA CORPORATION & AFFILIATES. All rights reserved.
Copyright (c) 2014-2024 Facebook Inc.
Copyright (c) 2011-2014 Idiap Research Institute (Ronan Collobert)
Copyright (c) 2012-2014 Deepmind Technologies    (Koray Kavukcuoglu)
Copyright (c) 2011-2012 NEC Laboratories America (Koray Kavukcuoglu)
Copyright (c) 2011-2013 NYU                      (Clement Farabet)
Copyright (c) 2006-2010 NEC Laboratories America (Ronan Collobert, Leon Bottou, Iain Melvin, Jason Weston)
Copyright (c) 2006      Idiap Research Institute (Samy Bengio)
Copyright (c) 2001-2004 Idiap Research Institute (Ronan Collobert, Samy Bengio, Johnny Mariethoz)
Copyright (c) 2015      Google Inc.
Copyright (c) 2015      Yangqing Jia
Copyright (c) 2013-2016 The Caffe contributors
All rights reserved.

Various files include modifications (c) NVIDIA CORPORATION & AFFILIATES.  All rights reserved.

GOVERNING TERMS: The software and materials are governed by the NVIDIA Software License Agreement
(found at https://www.nvidia.com/en-us/agreements/enterprise-software/nvidia-software-license-agreement/)
and the Product-Specific Terms for NVIDIA AI Products
(found at https://www.nvidia.com/en-us/agreements/enterprise-software/product-specific-terms-for-ai-products/).

NOTE: CUDA Forward Compatibility mode ENABLED.
  Using CUDA 13.2 driver version 595.58.03 with kernel driver version 580.159.04.
  See https://docs.nvidia.com/deploy/cuda-compatibility/ for details.

NOTE: Mellanox network driver detected, but NVIDIA peer memory driver not
      detected.  Multi-node communication performance may be reduced.

W0726 15:46:31.763000 1023 torch/distributed/run.py:862] 
W0726 15:46:31.763000 1023 torch/distributed/run.py:862] *****************************************
W0726 15:46:31.763000 1023 torch/distributed/run.py:862] Setting OMP_NUM_THREADS environment variable for each process to be 1 in default, to avoid your system being overloaded, please further tune the variable for optimal performance in your application as needed. 
W0726 15:46:31.763000 1023 torch/distributed/run.py:862] *****************************************
WARNING: temporarily disabled some autotune configs for CUDA 12.8+
WARNING: temporarily disabled some autotune configs for CUDA 12.8+
WARNING: temporarily disabled some autotune configs for CUDA 12.8+
WARNING: temporarily disabled some autotune configs for CUDA 12.8+
WARNING: temporarily disabled some autotune configs for CUDA 12.8+
WARNING: temporarily disabled some autotune configs for CUDA 12.8+
WARNING: temporarily disabled some autotune configs for CUDA 12.8+
WARNING: temporarily disabled some autotune configs for CUDA 12.8+
NOTE! Installing ujson may make loading annotations faster.
NOTE! Installing ujson may make loading annotations faster.
NOTE! Installing ujson may make loading annotations faster.
NOTE! Installing ujson may make loading annotations faster.
NOTE! Installing ujson may make loading annotations faster.
NOTE! Installing ujson may make loading annotations faster.
NOTE! Installing ujson may make loading annotations faster.
NOTE! Installing ujson may make loading annotations faster.
[Rank 5] PID=1096, Node=N/A, LocalRank=5
[Rank 0] PID=1091, Node=N/A, LocalRank=0
[Rank 1] PID=1092, Node=N/A, LocalRank=1
[Rank 3] PID=1094, Node=N/A, LocalRank=3
[Rank 7] PID=1098, Node=N/A, LocalRank=7
[Rank 6] PID=1097, Node=N/A, LocalRank=6
[Rank 2] PID=1093, Node=N/A, LocalRank=2
[Rank 4] PID=1095, Node=N/A, LocalRank=4
[07/26/26 15:46:48] INFO     distributed env initialization done. Free cuda memory: 180925.69 MB                                                                                                                                                
[07/26/26 15:46:52] INFO     [HSTUSequenceDataset] Removed 0 samples with sequence length < max_num_candidates (983 samples remaining).                                                                                                         
[07/26/26 15:46:55] INFO     [HSTUSequenceDataset] Removed 0 samples with sequence length < max_num_candidates (983 samples remaining).                                                                                                         
/usr/local/lib/python3.12/dist-packages/transformer_engine/pytorch/module/base.py:1292: UserWarning: To guarantee overlapping TP and SP collectives with the backwardGEMMs, set environment variable CUDA_DEVICE_MAX_CONNECTIONS = 1
  warnings.warn(
/usr/local/lib/python3.12/dist-packages/transformer_engine/pytorch/module/base.py:1292: UserWarning: To guarantee overlapping TP and SP collectives with the backwardGEMMs, set environment variable CUDA_DEVICE_MAX_CONNECTIONS = 1
  warnings.warn(
/usr/local/lib/python3.12/dist-packages/transformer_engine/pytorch/module/base.py:1292: UserWarning: To guarantee overlapping TP and SP collectives with the backwardGEMMs, set environment variable CUDA_DEVICE_MAX_CONNECTIONS = 1
  warnings.warn(
/usr/local/lib/python3.12/dist-packages/transformer_engine/pytorch/module/base.py:1292: UserWarning: To guarantee overlapping TP and SP collectives with the backwardGEMMs, set environment variable CUDA_DEVICE_MAX_CONNECTIONS = 1
  warnings.warn(
WARNING:root:Sharding spec not found for _embedding_collection._data_parallel_embedding_collection.user_active_degree
WARNING:root:Sharding spec not found for _embedding_collection._data_parallel_embedding_collection.follow_user_num_range
WARNING:root:Sharding spec not found for _embedding_collection._data_parallel_embedding_collection.fans_user_num_range
WARNING:root:Sharding spec not found for _embedding_collection._data_parallel_embedding_collection.friend_user_num_range
WARNING:root:Sharding spec not found for _embedding_collection._data_parallel_embedding_collection.register_days_range
WARNING:root:Sharding spec not found for _embedding_collection._data_parallel_embedding_collection.action_weights
/usr/local/lib/python3.12/dist-packages/torchrec/distributed/types.py:899: UserWarning: `_get_pg_default_device` will be deprecated, it only stays for backward-compatibility reason. If you need to find a device for object collectives, please use `_get_object_coll_device`. If you need to query the device types supported by group, please use `_device_capability(group)`. 
  device_type=_get_pg_default_device(pg).type,
/usr/local/lib/python3.12/dist-packages/transformer_engine/pytorch/module/base.py:1292: UserWarning: To guarantee overlapping TP and SP collectives with the backwardGEMMs, set environment variable CUDA_DEVICE_MAX_CONNECTIONS = 1
  warnings.warn(


Storage layout: HBM-only (single tier, GPU)
-----------+----------+----------+----------+-----------------
   tier    |  table   | init(MB) | peak(MB) | emb/opt peak(MB)
-----------+----------+----------+----------+-----------------
hbm/cuda:0 | video_id | 7324.5   | 7324.5   | 2441.5 / 4883   
           | user_id  | 7324.5   | 7324.5   | 2441.5 / 4883   
           | ---------+----------+----------+-----------------
           | TOTAL    | 14649    | 14649    | 4883 / 9766     
-----------+----------+----------+----------+-----------------
/usr/local/lib/python3.12/dist-packages/torchrec/distributed/types.py:899: UserWarning: `_get_pg_default_device` will be deprecated, it only stays for backward-compatibility reason. If you need to find a device for object collectives, please use `_get_object_coll_device`. If you need to query the device types supported by group, please use `_device_capability(group)`. 
  device_type=_get_pg_default_device(pg).type,


Storage layout: HBM-only (single tier, GPU)
-----------+----------+----------+----------+-----------------
   tier    |  table   | init(MB) | peak(MB) | emb/opt peak(MB)
-----------+----------+----------+----------+-----------------
hbm/cuda:1 | video_id | 7324.5   | 7324.5   | 2441.5 / 4883   
           | user_id  | 7324.5   | 7324.5   | 2441.5 / 4883   
           | ---------+----------+----------+-----------------
           | TOTAL    | 14649    | 14649    | 4883 / 9766     
-----------+----------+----------+----------+-----------------
WARNING:torchrec.distributed.utils:Sharding Type is data_parallel, caching params will be ignored
WARNING:torchrec.distributed.utils:Sharding Type is data_parallel, caching params will be ignored
WARNING:torchrec.distributed.utils:Sharding Type is data_parallel, caching params will be ignored
WARNING:torchrec.distributed.utils:Sharding Type is data_parallel, caching params will be ignored
WARNING:torchrec.distributed.utils:Sharding Type is data_parallel, caching params will be ignored
WARNING:torchrec.distributed.utils:Sharding Type is data_parallel, caching params will be ignored
/usr/local/lib/python3.12/dist-packages/transformer_engine/pytorch/module/base.py:1292: UserWarning: To guarantee overlapping TP and SP collectives with the backwardGEMMs, set environment variable CUDA_DEVICE_MAX_CONNECTIONS = 1
  warnings.warn(
/usr/local/lib/python3.12/dist-packages/torchrec/distributed/types.py:899: UserWarning: `_get_pg_default_device` will be deprecated, it only stays for backward-compatibility reason. If you need to find a device for object collectives, please use `_get_object_coll_device`. If you need to query the device types supported by group, please use `_device_capability(group)`. 
  device_type=_get_pg_default_device(pg).type,
WARNING:torchrec.distributed.utils:Sharding Type is data_parallel, caching params will be ignored
WARNING:torchrec.distributed.utils:Sharding Type is data_parallel, caching params will be ignored
WARNING:torchrec.distributed.utils:Sharding Type is data_parallel, caching params will be ignored
WARNING:torchrec.distributed.utils:Sharding Type is data_parallel, caching params will be ignored
WARNING:torchrec.distributed.utils:Sharding Type is data_parallel, caching params will be ignored
WARNING:torchrec.distributed.utils:Sharding Type is data_parallel, caching params will be ignored


Storage layout: HBM-only (single tier, GPU)
-----------+----------+----------+----------+-----------------
   tier    |  table   | init(MB) | peak(MB) | emb/opt peak(MB)
-----------+----------+----------+----------+-----------------
hbm/cuda:2 | video_id | 7324.5   | 7324.5   | 2441.5 / 4883   
           | user_id  | 7324.5   | 7324.5   | 2441.5 / 4883   
           | ---------+----------+----------+-----------------
           | TOTAL    | 14649    | 14649    | 4883 / 9766     
-----------+----------+----------+----------+-----------------
WARNING:torchrec.distributed.utils:Sharding Type is data_parallel, caching params will be ignored
WARNING:torchrec.distributed.utils:Sharding Type is data_parallel, caching params will be ignored
WARNING:torchrec.distributed.utils:Sharding Type is data_parallel, caching params will be ignored
WARNING:torchrec.distributed.utils:Sharding Type is data_parallel, caching params will be ignored
WARNING:torchrec.distributed.utils:Sharding Type is data_parallel, caching params will be ignored
WARNING:torchrec.distributed.utils:Sharding Type is data_parallel, caching params will be ignored
/usr/local/lib/python3.12/dist-packages/transformer_engine/pytorch/module/base.py:1292: UserWarning: To guarantee overlapping TP and SP collectives with the backwardGEMMs, set environment variable CUDA_DEVICE_MAX_CONNECTIONS = 1
  warnings.warn(
/usr/local/lib/python3.12/dist-packages/transformer_engine/pytorch/module/base.py:1292: UserWarning: To guarantee overlapping TP and SP collectives with the backwardGEMMs, set environment variable CUDA_DEVICE_MAX_CONNECTIONS = 1
  warnings.warn(
/usr/local/lib/python3.12/dist-packages/torchrec/distributed/types.py:899: UserWarning: `_get_pg_default_device` will be deprecated, it only stays for backward-compatibility reason. If you need to find a device for object collectives, please use `_get_object_coll_device`. If you need to query the device types supported by group, please use `_device_capability(group)`. 
  device_type=_get_pg_default_device(pg).type,
/usr/local/lib/python3.12/dist-packages/torchrec/distributed/types.py:899: UserWarning: `_get_pg_default_device` will be deprecated, it only stays for backward-compatibility reason. If you need to find a device for object collectives, please use `_get_object_coll_device`. If you need to query the device types supported by group, please use `_device_capability(group)`. 
  device_type=_get_pg_default_device(pg).type,
/usr/local/lib/python3.12/dist-packages/torchrec/distributed/types.py:899: UserWarning: `_get_pg_default_device` will be deprecated, it only stays for backward-compatibility reason. If you need to find a device for object collectives, please use `_get_object_coll_device`. If you need to query the device types supported by group, please use `_device_capability(group)`. 
  device_type=_get_pg_default_device(pg).type,
/usr/local/lib/python3.12/dist-packages/torchrec/distributed/types.py:899: UserWarning: `_get_pg_default_device` will be deprecated, it only stays for backward-compatibility reason. If you need to find a device for object collectives, please use `_get_object_coll_device`. If you need to query the device types supported by group, please use `_device_capability(group)`. 
  device_type=_get_pg_default_device(pg).type,
/usr/local/lib/python3.12/dist-packages/torchrec/distributed/types.py:899: UserWarning: `_get_pg_default_device` will be deprecated, it only stays for backward-compatibility reason. If you need to find a device for object collectives, please use `_get_object_coll_device`. If you need to query the device types supported by group, please use `_device_capability(group)`. 
  device_type=_get_pg_default_device(pg).type,


Storage layout: HBM-only (single tier, GPU)
-----------+----------+----------+----------+-----------------
   tier    |  table   | init(MB) | peak(MB) | emb/opt peak(MB)
-----------+----------+----------+----------+-----------------
hbm/cuda:6 | video_id | 7324.5   | 7324.5   | 2441.5 / 4883   
           | user_id  | 7324.5   | 7324.5   | 2441.5 / 4883   
           | ---------+----------+----------+-----------------
           | TOTAL    | 14649    | 14649    | 4883 / 9766     
-----------+----------+----------+----------+-----------------


Storage layout: HBM-only (single tier, GPU)
-----------+----------+----------+----------+-----------------
   tier    |  table   | init(MB) | peak(MB) | emb/opt peak(MB)
-----------+----------+----------+----------+-----------------
hbm/cuda:5 | video_id | 7324.5   | 7324.5   | 2441.5 / 4883   
           | user_id  | 7324.5   | 7324.5   | 2441.5 / 4883   
           | ---------+----------+----------+-----------------
           | TOTAL    | 14649    | 14649    | 4883 / 9766     
-----------+----------+----------+----------+-----------------


Storage layout: HBM-only (single tier, GPU)
-----------+----------+----------+----------+-----------------
   tier    |  table   | init(MB) | peak(MB) | emb/opt peak(MB)
-----------+----------+----------+----------+-----------------
hbm/cuda:4 | video_id | 7324.5   | 7324.5   | 2441.5 / 4883   
           | user_id  | 7324.5   | 7324.5   | 2441.5 / 4883   
           | ---------+----------+----------+-----------------
           | TOTAL    | 14649    | 14649    | 4883 / 9766     
-----------+----------+----------+----------+-----------------


Storage layout: HBM-only (single tier, GPU)
-----------+----------+----------+----------+-----------------
   tier    |  table   | init(MB) | peak(MB) | emb/opt peak(MB)
-----------+----------+----------+----------+-----------------
hbm/cuda:7 | video_id | 7324.5   | 7324.5   | 2441.5 / 4883   
           | user_id  | 7324.5   | 7324.5   | 2441.5 / 4883   
           | ---------+----------+----------+-----------------
           | TOTAL    | 14649    | 14649    | 4883 / 9766     
-----------+----------+----------+----------+-----------------


Storage layout: HBM-only (single tier, GPU)
-----------+----------+----------+----------+-----------------
   tier    |  table   | init(MB) | peak(MB) | emb/opt peak(MB)
-----------+----------+----------+----------+-----------------
hbm/cuda:3 | video_id | 7324.5   | 7324.5   | 2441.5 / 4883   
           | user_id  | 7324.5   | 7324.5   | 2441.5 / 4883   
           | ---------+----------+----------+-----------------
           | TOTAL    | 14649    | 14649    | 4883 / 9766     
-----------+----------+----------+----------+-----------------
WARNING:torchrec.distributed.utils:Sharding Type is data_parallel, caching params will be ignored
WARNING:torchrec.distributed.utils:Sharding Type is data_parallel, caching params will be ignored
WARNING:torchrec.distributed.utils:Sharding Type is data_parallel, caching params will be ignored
WARNING:torchrec.distributed.utils:Sharding Type is data_parallel, caching params will be ignored
WARNING:torchrec.distributed.utils:Sharding Type is data_parallel, caching params will be ignored
WARNING:torchrec.distributed.utils:Sharding Type is data_parallel, caching params will be ignored
WARNING:torchrec.distributed.utils:Sharding Type is data_parallel, caching params will be ignored
WARNING:torchrec.distributed.utils:Sharding Type is data_parallel, caching params will be ignored
WARNING:torchrec.distributed.utils:Sharding Type is data_parallel, caching params will be ignored
WARNING:torchrec.distributed.utils:Sharding Type is data_parallel, caching params will be ignored
WARNING:torchrec.distributed.utils:Sharding Type is data_parallel, caching params will be ignored
WARNING:torchrec.distributed.utils:Sharding Type is data_parallel, caching params will be ignored
WARNING:torchrec.distributed.utils:Sharding Type is data_parallel, caching params will be ignored
WARNING:torchrec.distributed.utils:Sharding Type is data_parallel, caching params will be ignored
WARNING:torchrec.distributed.utils:Sharding Type is data_parallel, caching params will be ignored
WARNING:torchrec.distributed.utils:Sharding Type is data_parallel, caching params will be ignored
WARNING:torchrec.distributed.utils:Sharding Type is data_parallel, caching params will be ignored
WARNING:torchrec.distributed.utils:Sharding Type is data_parallel, caching params will be ignored
WARNING:torchrec.distributed.utils:Sharding Type is data_parallel, caching params will be ignored
WARNING:torchrec.distributed.utils:Sharding Type is data_parallel, caching params will be ignored
WARNING:torchrec.distributed.utils:Sharding Type is data_parallel, caching params will be ignored
WARNING:torchrec.distributed.utils:Sharding Type is data_parallel, caching params will be ignored
WARNING:torchrec.distributed.utils:Sharding Type is data_parallel, caching params will be ignored
WARNING:torchrec.distributed.utils:Sharding Type is data_parallel, caching params will be ignored
WARNING:torchrec.distributed.utils:Sharding Type is data_parallel, caching params will be ignored
WARNING:torchrec.distributed.utils:Sharding Type is data_parallel, caching params will be ignored
WARNING:torchrec.distributed.utils:Sharding Type is data_parallel, caching params will be ignored
WARNING:torchrec.distributed.utils:Sharding Type is data_parallel, caching params will be ignored
WARNING:torchrec.distributed.utils:Sharding Type is data_parallel, caching params will be ignored
WARNING:torchrec.distributed.utils:Sharding Type is data_parallel, caching params will be ignored
[07/26/26 15:46:58] INFO     model initialization done, start training. Free cuda memory: 144159.69 MB                                                                                                                                          
[rank2]:W0726 15:46:59.938000 1093 torch/fx/_symbolic_trace.py:53] is_fx_tracing will return true for both fx.symbolic_trace and torch.export. Please use is_fx_tracing_symbolic_tracing() for specifically fx.symbolic_trace or torch.compiler.is_compiling() for specifically torch.export/compile.
[rank6]:W0726 15:46:59.942000 1097 torch/fx/_symbolic_trace.py:53] is_fx_tracing will return true for both fx.symbolic_trace and torch.export. Please use is_fx_tracing_symbolic_tracing() for specifically fx.symbolic_trace or torch.compiler.is_compiling() for specifically torch.export/compile.
[rank0]:W0726 15:46:59.962000 1091 torch/fx/_symbolic_trace.py:53] is_fx_tracing will return true for both fx.symbolic_trace and torch.export. Please use is_fx_tracing_symbolic_tracing() for specifically fx.symbolic_trace or torch.compiler.is_compiling() for specifically torch.export/compile.
[rank4]:W0726 15:46:59.962000 1095 torch/fx/_symbolic_trace.py:53] is_fx_tracing will return true for both fx.symbolic_trace and torch.export. Please use is_fx_tracing_symbolic_tracing() for specifically fx.symbolic_trace or torch.compiler.is_compiling() for specifically torch.export/compile.
[rank5]:W0726 15:47:00.172000 1096 torch/fx/_symbolic_trace.py:53] is_fx_tracing will return true for both fx.symbolic_trace and torch.export. Please use is_fx_tracing_symbolic_tracing() for specifically fx.symbolic_trace or torch.compiler.is_compiling() for specifically torch.export/compile.
[rank1]:W0726 15:47:00.180000 1092 torch/fx/_symbolic_trace.py:53] is_fx_tracing will return true for both fx.symbolic_trace and torch.export. Please use is_fx_tracing_symbolic_tracing() for specifically fx.symbolic_trace or torch.compiler.is_compiling() for specifically torch.export/compile.
[rank7]:W0726 15:47:00.295000 1098 torch/fx/_symbolic_trace.py:53] is_fx_tracing will return true for both fx.symbolic_trace and torch.export. Please use is_fx_tracing_symbolic_tracing() for specifically fx.symbolic_trace or torch.compiler.is_compiling() for specifically torch.export/compile.
[rank3]:W0726 15:47:00.296000 1094 torch/fx/_symbolic_trace.py:53] is_fx_tracing will return true for both fx.symbolic_trace and torch.export. Please use is_fx_tracing_symbolic_tracing() for specifically fx.symbolic_trace or torch.compiler.is_compiling() for specifically torch.export/compile.
/usr/local/lib/python3.12/dist-packages/torch/autograd/graph.py:882: UserWarning: fbgemm::dense_embedding_codegen_lookup_function: an autograd kernel was not registered to the Autograd key(s) but we are trying to backprop through it. This may lead to silently incorrect behavior. This behavior is deprecated and will be removed in a future version of PyTorch. If your operator is differentiable, please ensure you have registered an autograd kernel to the correct Autograd key (e.g. DispatchKey::Autograd, DispatchKey::CompositeImplicitAutograd). If your operator is not differentiable, or to squash this warning and use the previous behavior, please register torch::CppFunction::makeFallthrough() to DispatchKey::Autograd. (Triggered internally at /opt/pytorch/pytorch/torch/csrc/autograd/autograd_not_implemented_fallback.cpp:76.)
  return Variable._execution_engine.run_backward(  # Calls into the C++ engine to run the backward pass
/usr/local/lib/python3.12/dist-packages/torch/autograd/graph.py:882: UserWarning: fbgemm::dense_embedding_codegen_lookup_function: an autograd kernel was not registered to the Autograd key(s) but we are trying to backprop through it. This may lead to silently incorrect behavior. This behavior is deprecated and will be removed in a future version of PyTorch. If your operator is differentiable, please ensure you have registered an autograd kernel to the correct Autograd key (e.g. DispatchKey::Autograd, DispatchKey::CompositeImplicitAutograd). If your operator is not differentiable, or to squash this warning and use the previous behavior, please register torch::CppFunction::makeFallthrough() to DispatchKey::Autograd. (Triggered internally at /opt/pytorch/pytorch/torch/csrc/autograd/autograd_not_implemented_fallback.cpp:76.)
  return Variable._execution_engine.run_backward(  # Calls into the C++ engine to run the backward pass
/usr/local/lib/python3.12/dist-packages/torch/autograd/graph.py:882: UserWarning: TBE B200 optimization: device_major=10, feature_enabled=0, segment_length=1024 (Triggered internally at /workspace/deps/fbgemm/fbgemm_gpu/_skbuild/linux-x86_64-3.12/cmake-build/gen_embedding_backward_dense_split_unweighted_nobag_cuda.cu:416.)
  return Variable._execution_engine.run_backward(  # Calls into the C++ engine to run the backward pass
/usr/local/lib/python3.12/dist-packages/torch/autograd/graph.py:882: UserWarning: TBE B200 optimization: device_major=10, feature_enabled=0, segment_length=1024 (Triggered internally at /workspace/deps/fbgemm/fbgemm_gpu/_skbuild/linux-x86_64-3.12/cmake-build/gen_embedding_backward_dense_split_unweighted_nobag_cuda.cu:416.)
  return Variable._execution_engine.run_backward(  # Calls into the C++ engine to run the backward pass
/usr/local/lib/python3.12/dist-packages/torch/autograd/graph.py:882: UserWarning: The AccumulateGrad node's stream does not match the stream of the node that produced the incoming gradient. This may incur unnecessary synchronization and break CUDA graph capture if the AccumulateGrad node's stream is the default stream. This mismatch is caused by an AccumulateGrad node created prior to the current iteration being kept alive. This can happen if the autograd graph is still being kept alive by tensors such as the loss, or if you are using DDP, which will stash a reference to the node. To resolve the mismatch, delete all references to the autograd graph or ensure that DDP initialization is performed under the same stream as subsequent forwards. If the mismatch is intentional, you can use torch.autograd.graph.set_warn_on_accumulate_grad_stream_mismatch(False) to suppress this warning. (Triggered internally at /opt/pytorch/pytorch/torch/csrc/autograd/input_buffer.cpp:240.)
  return Variable._execution_engine.run_backward(  # Calls into the C++ engine to run the backward pass
/usr/local/lib/python3.12/dist-packages/torch/autograd/graph.py:882: UserWarning: The AccumulateGrad node's stream does not match the stream of the node that produced the incoming gradient. This may incur unnecessary synchronization and break CUDA graph capture if the AccumulateGrad node's stream is the default stream. This mismatch is caused by an AccumulateGrad node created prior to the current iteration being kept alive. This can happen if the autograd graph is still being kept alive by tensors such as the loss, or if you are using DDP, which will stash a reference to the node. To resolve the mismatch, delete all references to the autograd graph or ensure that DDP initialization is performed under the same stream as subsequent forwards. If the mismatch is intentional, you can use torch.autograd.graph.set_warn_on_accumulate_grad_stream_mismatch(False) to suppress this warning. (Triggered internally at /opt/pytorch/pytorch/torch/csrc/autograd/input_buffer.cpp:240.)
  return Variable._execution_engine.run_backward(  # Calls into the C++ engine to run the backward pass
/usr/local/lib/python3.12/dist-packages/torch/autograd/graph.py:882: UserWarning: fbgemm::dense_embedding_codegen_lookup_function: an autograd kernel was not registered to the Autograd key(s) but we are trying to backprop through it. This may lead to silently incorrect behavior. This behavior is deprecated and will be removed in a future version of PyTorch. If your operator is differentiable, please ensure you have registered an autograd kernel to the correct Autograd key (e.g. DispatchKey::Autograd, DispatchKey::CompositeImplicitAutograd). If your operator is not differentiable, or to squash this warning and use the previous behavior, please register torch::CppFunction::makeFallthrough() to DispatchKey::Autograd. (Triggered internally at /opt/pytorch/pytorch/torch/csrc/autograd/autograd_not_implemented_fallback.cpp:76.)
  return Variable._execution_engine.run_backward(  # Calls into the C++ engine to run the backward pass
/usr/local/lib/python3.12/dist-packages/torch/autograd/graph.py:882: UserWarning: TBE B200 optimization: device_major=10, feature_enabled=0, segment_length=1024 (Triggered internally at /workspace/deps/fbgemm/fbgemm_gpu/_skbuild/linux-x86_64-3.12/cmake-build/gen_embedding_backward_dense_split_unweighted_nobag_cuda.cu:416.)
  return Variable._execution_engine.run_backward(  # Calls into the C++ engine to run the backward pass
/usr/local/lib/python3.12/dist-packages/torch/autograd/graph.py:882: UserWarning: The AccumulateGrad node's stream does not match the stream of the node that produced the incoming gradient. This may incur unnecessary synchronization and break CUDA graph capture if the AccumulateGrad node's stream is the default stream. This mismatch is caused by an AccumulateGrad node created prior to the current iteration being kept alive. This can happen if the autograd graph is still being kept alive by tensors such as the loss, or if you are using DDP, which will stash a reference to the node. To resolve the mismatch, delete all references to the autograd graph or ensure that DDP initialization is performed under the same stream as subsequent forwards. If the mismatch is intentional, you can use torch.autograd.graph.set_warn_on_accumulate_grad_stream_mismatch(False) to suppress this warning. (Triggered internally at /opt/pytorch/pytorch/torch/csrc/autograd/input_buffer.cpp:240.)
  return Variable._execution_engine.run_backward(  # Calls into the C++ engine to run the backward pass
/usr/local/lib/python3.12/dist-packages/torch/autograd/graph.py:882: UserWarning: fbgemm::dense_embedding_codegen_lookup_function: an autograd kernel was not registered to the Autograd key(s) but we are trying to backprop through it. This may lead to silently incorrect behavior. This behavior is deprecated and will be removed in a future version of PyTorch. If your operator is differentiable, please ensure you have registered an autograd kernel to the correct Autograd key (e.g. DispatchKey::Autograd, DispatchKey::CompositeImplicitAutograd). If your operator is not differentiable, or to squash this warning and use the previous behavior, please register torch::CppFunction::makeFallthrough() to DispatchKey::Autograd. (Triggered internally at /opt/pytorch/pytorch/torch/csrc/autograd/autograd_not_implemented_fallback.cpp:76.)
  return Variable._execution_engine.run_backward(  # Calls into the C++ engine to run the backward pass
/usr/local/lib/python3.12/dist-packages/torch/autograd/graph.py:882: UserWarning: fbgemm::dense_embedding_codegen_lookup_function: an autograd kernel was not registered to the Autograd key(s) but we are trying to backprop through it. This may lead to silently incorrect behavior. This behavior is deprecated and will be removed in a future version of PyTorch. If your operator is differentiable, please ensure you have registered an autograd kernel to the correct Autograd key (e.g. DispatchKey::Autograd, DispatchKey::CompositeImplicitAutograd). If your operator is not differentiable, or to squash this warning and use the previous behavior, please register torch::CppFunction::makeFallthrough() to DispatchKey::Autograd. (Triggered internally at /opt/pytorch/pytorch/torch/csrc/autograd/autograd_not_implemented_fallback.cpp:76.)
  return Variable._execution_engine.run_backward(  # Calls into the C++ engine to run the backward pass
/usr/local/lib/python3.12/dist-packages/torch/autograd/graph.py:882: UserWarning: TBE B200 optimization: device_major=10, feature_enabled=0, segment_length=1024 (Triggered internally at /workspace/deps/fbgemm/fbgemm_gpu/_skbuild/linux-x86_64-3.12/cmake-build/gen_embedding_backward_dense_split_unweighted_nobag_cuda.cu:416.)
  return Variable._execution_engine.run_backward(  # Calls into the C++ engine to run the backward pass
/usr/local/lib/python3.12/dist-packages/torch/autograd/graph.py:882: UserWarning: The AccumulateGrad node's stream does not match the stream of the node that produced the incoming gradient. This may incur unnecessary synchronization and break CUDA graph capture if the AccumulateGrad node's stream is the default stream. This mismatch is caused by an AccumulateGrad node created prior to the current iteration being kept alive. This can happen if the autograd graph is still being kept alive by tensors such as the loss, or if you are using DDP, which will stash a reference to the node. To resolve the mismatch, delete all references to the autograd graph or ensure that DDP initialization is performed under the same stream as subsequent forwards. If the mismatch is intentional, you can use torch.autograd.graph.set_warn_on_accumulate_grad_stream_mismatch(False) to suppress this warning. (Triggered internally at /opt/pytorch/pytorch/torch/csrc/autograd/input_buffer.cpp:240.)
  return Variable._execution_engine.run_backward(  # Calls into the C++ engine to run the backward pass
/usr/local/lib/python3.12/dist-packages/torch/autograd/graph.py:882: UserWarning: TBE B200 optimization: device_major=10, feature_enabled=0, segment_length=1024 (Triggered internally at /workspace/deps/fbgemm/fbgemm_gpu/_skbuild/linux-x86_64-3.12/cmake-build/gen_embedding_backward_dense_split_unweighted_nobag_cuda.cu:416.)
  return Variable._execution_engine.run_backward(  # Calls into the C++ engine to run the backward pass
/usr/local/lib/python3.12/dist-packages/torch/autograd/graph.py:882: UserWarning: The AccumulateGrad node's stream does not match the stream of the node that produced the incoming gradient. This may incur unnecessary synchronization and break CUDA graph capture if the AccumulateGrad node's stream is the default stream. This mismatch is caused by an AccumulateGrad node created prior to the current iteration being kept alive. This can happen if the autograd graph is still being kept alive by tensors such as the loss, or if you are using DDP, which will stash a reference to the node. To resolve the mismatch, delete all references to the autograd graph or ensure that DDP initialization is performed under the same stream as subsequent forwards. If the mismatch is intentional, you can use torch.autograd.graph.set_warn_on_accumulate_grad_stream_mismatch(False) to suppress this warning. (Triggered internally at /opt/pytorch/pytorch/torch/csrc/autograd/input_buffer.cpp:240.)
  return Variable._execution_engine.run_backward(  # Calls into the C++ engine to run the backward pass
/usr/local/lib/python3.12/dist-packages/torch/autograd/graph.py:882: UserWarning: fbgemm::dense_embedding_codegen_lookup_function: an autograd kernel was not registered to the Autograd key(s) but we are trying to backprop through it. This may lead to silently incorrect behavior. This behavior is deprecated and will be removed in a future version of PyTorch. If your operator is differentiable, please ensure you have registered an autograd kernel to the correct Autograd key (e.g. DispatchKey::Autograd, DispatchKey::CompositeImplicitAutograd). If your operator is not differentiable, or to squash this warning and use the previous behavior, please register torch::CppFunction::makeFallthrough() to DispatchKey::Autograd. (Triggered internally at /opt/pytorch/pytorch/torch/csrc/autograd/autograd_not_implemented_fallback.cpp:76.)
  return Variable._execution_engine.run_backward(  # Calls into the C++ engine to run the backward pass
/usr/local/lib/python3.12/dist-packages/torch/autograd/graph.py:882: UserWarning: TBE B200 optimization: device_major=10, feature_enabled=0, segment_length=1024 (Triggered internally at /workspace/deps/fbgemm/fbgemm_gpu/_skbuild/linux-x86_64-3.12/cmake-build/gen_embedding_backward_dense_split_unweighted_nobag_cuda.cu:416.)
  return Variable._execution_engine.run_backward(  # Calls into the C++ engine to run the backward pass
/usr/local/lib/python3.12/dist-packages/torch/autograd/graph.py:882: UserWarning: fbgemm::dense_embedding_codegen_lookup_function: an autograd kernel was not registered to the Autograd key(s) but we are trying to backprop through it. This may lead to silently incorrect behavior. This behavior is deprecated and will be removed in a future version of PyTorch. If your operator is differentiable, please ensure you have registered an autograd kernel to the correct Autograd key (e.g. DispatchKey::Autograd, DispatchKey::CompositeImplicitAutograd). If your operator is not differentiable, or to squash this warning and use the previous behavior, please register torch::CppFunction::makeFallthrough() to DispatchKey::Autograd. (Triggered internally at /opt/pytorch/pytorch/torch/csrc/autograd/autograd_not_implemented_fallback.cpp:76.)
  return Variable._execution_engine.run_backward(  # Calls into the C++ engine to run the backward pass
/usr/local/lib/python3.12/dist-packages/torch/autograd/graph.py:882: UserWarning: The AccumulateGrad node's stream does not match the stream of the node that produced the incoming gradient. This may incur unnecessary synchronization and break CUDA graph capture if the AccumulateGrad node's stream is the default stream. This mismatch is caused by an AccumulateGrad node created prior to the current iteration being kept alive. This can happen if the autograd graph is still being kept alive by tensors such as the loss, or if you are using DDP, which will stash a reference to the node. To resolve the mismatch, delete all references to the autograd graph or ensure that DDP initialization is performed under the same stream as subsequent forwards. If the mismatch is intentional, you can use torch.autograd.graph.set_warn_on_accumulate_grad_stream_mismatch(False) to suppress this warning. (Triggered internally at /opt/pytorch/pytorch/torch/csrc/autograd/input_buffer.cpp:240.)
  return Variable._execution_engine.run_backward(  # Calls into the C++ engine to run the backward pass
/usr/local/lib/python3.12/dist-packages/torch/autograd/graph.py:882: UserWarning: TBE B200 optimization: device_major=10, feature_enabled=0, segment_length=1024 (Triggered internally at /workspace/deps/fbgemm/fbgemm_gpu/_skbuild/linux-x86_64-3.12/cmake-build/gen_embedding_backward_dense_split_unweighted_nobag_cuda.cu:416.)
  return Variable._execution_engine.run_backward(  # Calls into the C++ engine to run the backward pass
/usr/local/lib/python3.12/dist-packages/torch/autograd/graph.py:882: UserWarning: The AccumulateGrad node's stream does not match the stream of the node that produced the incoming gradient. This may incur unnecessary synchronization and break CUDA graph capture if the AccumulateGrad node's stream is the default stream. This mismatch is caused by an AccumulateGrad node created prior to the current iteration being kept alive. This can happen if the autograd graph is still being kept alive by tensors such as the loss, or if you are using DDP, which will stash a reference to the node. To resolve the mismatch, delete all references to the autograd graph or ensure that DDP initialization is performed under the same stream as subsequent forwards. If the mismatch is intentional, you can use torch.autograd.graph.set_warn_on_accumulate_grad_stream_mismatch(False) to suppress this warning. (Triggered internally at /opt/pytorch/pytorch/torch/csrc/autograd/input_buffer.cpp:240.)
  return Variable._execution_engine.run_backward(  # Calls into the C++ engine to run the backward pass
/usr/local/lib/python3.12/dist-packages/torch/autograd/graph.py:882: UserWarning: fbgemm::dense_embedding_codegen_lookup_function: an autograd kernel was not registered to the Autograd key(s) but we are trying to backprop through it. This may lead to silently incorrect behavior. This behavior is deprecated and will be removed in a future version of PyTorch. If your operator is differentiable, please ensure you have registered an autograd kernel to the correct Autograd key (e.g. DispatchKey::Autograd, DispatchKey::CompositeImplicitAutograd). If your operator is not differentiable, or to squash this warning and use the previous behavior, please register torch::CppFunction::makeFallthrough() to DispatchKey::Autograd. (Triggered internally at /opt/pytorch/pytorch/torch/csrc/autograd/autograd_not_implemented_fallback.cpp:76.)
  return Variable._execution_engine.run_backward(  # Calls into the C++ engine to run the backward pass
/usr/local/lib/python3.12/dist-packages/torch/autograd/graph.py:882: UserWarning: TBE B200 optimization: device_major=10, feature_enabled=0, segment_length=1024 (Triggered internally at /workspace/deps/fbgemm/fbgemm_gpu/_skbuild/linux-x86_64-3.12/cmake-build/gen_embedding_backward_dense_split_unweighted_nobag_cuda.cu:416.)
  return Variable._execution_engine.run_backward(  # Calls into the C++ engine to run the backward pass
/usr/local/lib/python3.12/dist-packages/torch/autograd/graph.py:882: UserWarning: The AccumulateGrad node's stream does not match the stream of the node that produced the incoming gradient. This may incur unnecessary synchronization and break CUDA graph capture if the AccumulateGrad node's stream is the default stream. This mismatch is caused by an AccumulateGrad node created prior to the current iteration being kept alive. This can happen if the autograd graph is still being kept alive by tensors such as the loss, or if you are using DDP, which will stash a reference to the node. To resolve the mismatch, delete all references to the autograd graph or ensure that DDP initialization is performed under the same stream as subsequent forwards. If the mismatch is intentional, you can use torch.autograd.graph.set_warn_on_accumulate_grad_stream_mismatch(False) to suppress this warning. (Triggered internally at /opt/pytorch/pytorch/torch/csrc/autograd/input_buffer.cpp:240.)
  return Variable._execution_engine.run_backward(  # Calls into the C++ engine to run the backward pass
[07/26/26 15:50:19] INFO     [train] [iter 19, tokens 64000, elapsed_time 198494.94 ms, achieved FLOPS 722.66 TFLOPS, MFU 4.01%]: loss nan                                                                                                      
/usr/local/lib/python3.12/dist-packages/torch/autograd/graph.py:882: UserWarning: fbgemm::dense_embedding_codegen_lookup_function: an autograd kernel was not registered to the Autograd key(s) but we are trying to backprop through it. This may lead to silently incorrect behavior. This behavior is deprecated and will be removed in a future version of PyTorch. If your operator is differentiable, please ensure you have registered an autograd kernel to the correct Autograd key (e.g. DispatchKey::Autograd, DispatchKey::CompositeImplicitAutograd). If your operator is not differentiable, or to squash this warning and use the previous behavior, please register torch::CppFunction::makeFallthrough() to DispatchKey::Autograd. (Triggered internally at /opt/pytorch/pytorch/torch/csrc/autograd/autograd_not_implemented_fallback.cpp:76.)
  return Variable._execution_engine.run_backward(  # Calls into the C++ engine to run the backward pass
/usr/local/lib/python3.12/dist-packages/torch/autograd/graph.py:882: UserWarning: fbgemm::dense_embedding_codegen_lookup_function: an autograd kernel was not registered to the Autograd key(s) but we are trying to backprop through it. This may lead to silently incorrect behavior. This behavior is deprecated and will be removed in a future version of PyTorch. If your operator is differentiable, please ensure you have registered an autograd kernel to the correct Autograd key (e.g. DispatchKey::Autograd, DispatchKey::CompositeImplicitAutograd). If your operator is not differentiable, or to squash this warning and use the previous behavior, please register torch::CppFunction::makeFallthrough() to DispatchKey::Autograd. (Triggered internally at /opt/pytorch/pytorch/torch/csrc/autograd/autograd_not_implemented_fallback.cpp:76.)
  return Variable._execution_engine.run_backward(  # Calls into the C++ engine to run the backward pass
/usr/local/lib/python3.12/dist-packages/torch/autograd/graph.py:882: UserWarning: fbgemm::dense_embedding_codegen_lookup_function: an autograd kernel was not registered to the Autograd key(s) but we are trying to backprop through it. This may lead to silently incorrect behavior. This behavior is deprecated and will be removed in a future version of PyTorch. If your operator is differentiable, please ensure you have registered an autograd kernel to the correct Autograd key (e.g. DispatchKey::Autograd, DispatchKey::CompositeImplicitAutograd). If your operator is not differentiable, or to squash this warning and use the previous behavior, please register torch::CppFunction::makeFallthrough() to DispatchKey::Autograd. (Triggered internally at /opt/pytorch/pytorch/torch/csrc/autograd/autograd_not_implemented_fallback.cpp:76.)
  return Variable._execution_engine.run_backward(  # Calls into the C++ engine to run the backward pass
/usr/local/lib/python3.12/dist-packages/torch/autograd/graph.py:882: UserWarning: fbgemm::dense_embedding_codegen_lookup_function: an autograd kernel was not registered to the Autograd key(s) but we are trying to backprop through it. This may lead to silently incorrect behavior. This behavior is deprecated and will be removed in a future version of PyTorch. If your operator is differentiable, please ensure you have registered an autograd kernel to the correct Autograd key (e.g. DispatchKey::Autograd, DispatchKey::CompositeImplicitAutograd). If your operator is not differentiable, or to squash this warning and use the previous behavior, please register torch::CppFunction::makeFallthrough() to DispatchKey::Autograd. (Triggered internally at /opt/pytorch/pytorch/torch/csrc/autograd/autograd_not_implemented_fallback.cpp:76.)
  return Variable._execution_engine.run_backward(  # Calls into the C++ engine to run the backward pass
/usr/local/lib/python3.12/dist-packages/torch/autograd/graph.py:882: UserWarning: fbgemm::dense_embedding_codegen_lookup_function: an autograd kernel was not registered to the Autograd key(s) but we are trying to backprop through it. This may lead to silently incorrect behavior. This behavior is deprecated and will be removed in a future version of PyTorch. If your operator is differentiable, please ensure you have registered an autograd kernel to the correct Autograd key (e.g. DispatchKey::Autograd, DispatchKey::CompositeImplicitAutograd). If your operator is not differentiable, or to squash this warning and use the previous behavior, please register torch::CppFunction::makeFallthrough() to DispatchKey::Autograd. (Triggered internally at /opt/pytorch/pytorch/torch/csrc/autograd/autograd_not_implemented_fallback.cpp:76.)
  return Variable._execution_engine.run_backward(  # Calls into the C++ engine to run the backward pass
/usr/local/lib/python3.12/dist-packages/torch/autograd/graph.py:882: UserWarning: fbgemm::dense_embedding_codegen_lookup_function: an autograd kernel was not registered to the Autograd key(s) but we are trying to backprop through it. This may lead to silently incorrect behavior. This behavior is deprecated and will be removed in a future version of PyTorch. If your operator is differentiable, please ensure you have registered an autograd kernel to the correct Autograd key (e.g. DispatchKey::Autograd, DispatchKey::CompositeImplicitAutograd). If your operator is not differentiable, or to squash this warning and use the previous behavior, please register torch::CppFunction::makeFallthrough() to DispatchKey::Autograd. (Triggered internally at /opt/pytorch/pytorch/torch/csrc/autograd/autograd_not_implemented_fallback.cpp:76.)
  return Variable._execution_engine.run_backward(  # Calls into the C++ engine to run the backward pass
/usr/local/lib/python3.12/dist-packages/torch/autograd/graph.py:882: UserWarning: fbgemm::dense_embedding_codegen_lookup_function: an autograd kernel was not registered to the Autograd key(s) but we are trying to backprop through it. This may lead to silently incorrect behavior. This behavior is deprecated and will be removed in a future version of PyTorch. If your operator is differentiable, please ensure you have registered an autograd kernel to the correct Autograd key (e.g. DispatchKey::Autograd, DispatchKey::CompositeImplicitAutograd). If your operator is not differentiable, or to squash this warning and use the previous behavior, please register torch::CppFunction::makeFallthrough() to DispatchKey::Autograd. (Triggered internally at /opt/pytorch/pytorch/torch/csrc/autograd/autograd_not_implemented_fallback.cpp:76.)
  return Variable._execution_engine.run_backward(  # Calls into the C++ engine to run the backward pass
/usr/local/lib/python3.12/dist-packages/torch/autograd/graph.py:882: UserWarning: fbgemm::dense_embedding_codegen_lookup_function: an autograd kernel was not registered to the Autograd key(s) but we are trying to backprop through it. This may lead to silently incorrect behavior. This behavior is deprecated and will be removed in a future version of PyTorch. If your operator is differentiable, please ensure you have registered an autograd kernel to the correct Autograd key (e.g. DispatchKey::Autograd, DispatchKey::CompositeImplicitAutograd). If your operator is not differentiable, or to squash this warning and use the previous behavior, please register torch::CppFunction::makeFallthrough() to DispatchKey::Autograd. (Triggered internally at /opt/pytorch/pytorch/torch/csrc/autograd/autograd_not_implemented_fallback.cpp:76.)
  return Variable._execution_engine.run_backward(  # Calls into the C++ engine to run the backward pass
[07/26/26 15:52:28] INFO     [train] [iter 39, tokens 62400, elapsed_time 127230.95 ms, achieved FLOPS 1098.80 TFLOPS, MFU 6.10%]: loss nan                                                                                                     
/usr/local/lib/python3.12/dist-packages/torch/autograd/graph.py:882: UserWarning: fbgemm::dense_embedding_codegen_lookup_function: an autograd kernel was not registered to the Autograd key(s) but we are trying to backprop through it. This may lead to silently incorrect behavior. This behavior is deprecated and will be removed in a future version of PyTorch. If your operator is differentiable, please ensure you have registered an autograd kernel to the correct Autograd key (e.g. DispatchKey::Autograd, DispatchKey::CompositeImplicitAutograd). If your operator is not differentiable, or to squash this warning and use the previous behavior, please register torch::CppFunction::makeFallthrough() to DispatchKey::Autograd. (Triggered internally at /opt/pytorch/pytorch/torch/csrc/autograd/autograd_not_implemented_fallback.cpp:76.)
  return Variable._execution_engine.run_backward(  # Calls into the C++ engine to run the backward pass
/usr/local/lib/python3.12/dist-packages/torch/autograd/graph.py:882: UserWarning: fbgemm::dense_embedding_codegen_lookup_function: an autograd kernel was not registered to the Autograd key(s) but we are trying to backprop through it. This may lead to silently incorrect behavior. This behavior is deprecated and will be removed in a future version of PyTorch. If your operator is differentiable, please ensure you have registered an autograd kernel to the correct Autograd key (e.g. DispatchKey::Autograd, DispatchKey::CompositeImplicitAutograd). If your operator is not differentiable, or to squash this warning and use the previous behavior, please register torch::CppFunction::makeFallthrough() to DispatchKey::Autograd. (Triggered internally at /opt/pytorch/pytorch/torch/csrc/autograd/autograd_not_implemented_fallback.cpp:76.)
  return Variable._execution_engine.run_backward(  # Calls into the C++ engine to run the backward pass
/usr/local/lib/python3.12/dist-packages/torch/autograd/graph.py:882: UserWarning: fbgemm::dense_embedding_codegen_lookup_function: an autograd kernel was not registered to the Autograd key(s) but we are trying to backprop through it. This may lead to silently incorrect behavior. This behavior is deprecated and will be removed in a future version of PyTorch. If your operator is differentiable, please ensure you have registered an autograd kernel to the correct Autograd key (e.g. DispatchKey::Autograd, DispatchKey::CompositeImplicitAutograd). If your operator is not differentiable, or to squash this warning and use the previous behavior, please register torch::CppFunction::makeFallthrough() to DispatchKey::Autograd. (Triggered internally at /opt/pytorch/pytorch/torch/csrc/autograd/autograd_not_implemented_fallback.cpp:76.)
  return Variable._execution_engine.run_backward(  # Calls into the C++ engine to run the backward pass
/usr/local/lib/python3.12/dist-packages/torch/autograd/graph.py:882: UserWarning: fbgemm::dense_embedding_codegen_lookup_function: an autograd kernel was not registered to the Autograd key(s) but we are trying to backprop through it. This may lead to silently incorrect behavior. This behavior is deprecated and will be removed in a future version of PyTorch. If your operator is differentiable, please ensure you have registered an autograd kernel to the correct Autograd key (e.g. DispatchKey::Autograd, DispatchKey::CompositeImplicitAutograd). If your operator is not differentiable, or to squash this warning and use the previous behavior, please register torch::CppFunction::makeFallthrough() to DispatchKey::Autograd. (Triggered internally at /opt/pytorch/pytorch/torch/csrc/autograd/autograd_not_implemented_fallback.cpp:76.)
  return Variable._execution_engine.run_backward(  # Calls into the C++ engine to run the backward pass
/usr/local/lib/python3.12/dist-packages/torch/autograd/graph.py:882: UserWarning: fbgemm::dense_embedding_codegen_lookup_function: an autograd kernel was not registered to the Autograd key(s) but we are trying to backprop through it. This may lead to silently incorrect behavior. This behavior is deprecated and will be removed in a future version of PyTorch. If your operator is differentiable, please ensure you have registered an autograd kernel to the correct Autograd key (e.g. DispatchKey::Autograd, DispatchKey::CompositeImplicitAutograd). If your operator is not differentiable, or to squash this warning and use the previous behavior, please register torch::CppFunction::makeFallthrough() to DispatchKey::Autograd. (Triggered internally at /opt/pytorch/pytorch/torch/csrc/autograd/autograd_not_implemented_fallback.cpp:76.)
  return Variable._execution_engine.run_backward(  # Calls into the C++ engine to run the backward pass
/usr/local/lib/python3.12/dist-packages/torch/autograd/graph.py:882: UserWarning: fbgemm::dense_embedding_codegen_lookup_function: an autograd kernel was not registered to the Autograd key(s) but we are trying to backprop through it. This may lead to silently incorrect behavior. This behavior is deprecated and will be removed in a future version of PyTorch. If your operator is differentiable, please ensure you have registered an autograd kernel to the correct Autograd key (e.g. DispatchKey::Autograd, DispatchKey::CompositeImplicitAutograd). If your operator is not differentiable, or to squash this warning and use the previous behavior, please register torch::CppFunction::makeFallthrough() to DispatchKey::Autograd. (Triggered internally at /opt/pytorch/pytorch/torch/csrc/autograd/autograd_not_implemented_fallback.cpp:76.)
  return Variable._execution_engine.run_backward(  # Calls into the C++ engine to run the backward pass
/usr/local/lib/python3.12/dist-packages/torch/autograd/graph.py:882: UserWarning: fbgemm::dense_embedding_codegen_lookup_function: an autograd kernel was not registered to the Autograd key(s) but we are trying to backprop through it. This may lead to silently incorrect behavior. This behavior is deprecated and will be removed in a future version of PyTorch. If your operator is differentiable, please ensure you have registered an autograd kernel to the correct Autograd key (e.g. DispatchKey::Autograd, DispatchKey::CompositeImplicitAutograd). If your operator is not differentiable, or to squash this warning and use the previous behavior, please register torch::CppFunction::makeFallthrough() to DispatchKey::Autograd. (Triggered internally at /opt/pytorch/pytorch/torch/csrc/autograd/autograd_not_implemented_fallback.cpp:76.)
  return Variable._execution_engine.run_backward(  # Calls into the C++ engine to run the backward pass
/usr/local/lib/python3.12/dist-packages/torch/autograd/graph.py:882: UserWarning: fbgemm::dense_embedding_codegen_lookup_function: an autograd kernel was not registered to the Autograd key(s) but we are trying to backprop through it. This may lead to silently incorrect behavior. This behavior is deprecated and will be removed in a future version of PyTorch. If your operator is differentiable, please ensure you have registered an autograd kernel to the correct Autograd key (e.g. DispatchKey::Autograd, DispatchKey::CompositeImplicitAutograd). If your operator is not differentiable, or to squash this warning and use the previous behavior, please register torch::CppFunction::makeFallthrough() to DispatchKey::Autograd. (Triggered internally at /opt/pytorch/pytorch/torch/csrc/autograd/autograd_not_implemented_fallback.cpp:76.)
  return Variable._execution_engine.run_backward(  # Calls into the C++ engine to run the backward pass
[07/26/26 15:54:39] INFO     [train] [iter 59, tokens 62400, elapsed_time 128598.20 ms, achieved FLOPS 1085.97 TFLOPS, MFU 6.03%]: loss nan                                                                                                     
/usr/local/lib/python3.12/dist-packages/torch/autograd/graph.py:882: UserWarning: fbgemm::dense_embedding_codegen_lookup_function: an autograd kernel was not registered to the Autograd key(s) but we are trying to backprop through it. This may lead to silently incorrect behavior. This behavior is deprecated and will be removed in a future version of PyTorch. If your operator is differentiable, please ensure you have registered an autograd kernel to the correct Autograd key (e.g. DispatchKey::Autograd, DispatchKey::CompositeImplicitAutograd). If your operator is not differentiable, or to squash this warning and use the previous behavior, please register torch::CppFunction::makeFallthrough() to DispatchKey::Autograd. (Triggered internally at /opt/pytorch/pytorch/torch/csrc/autograd/autograd_not_implemented_fallback.cpp:76.)
  return Variable._execution_engine.run_backward(  # Calls into the C++ engine to run the backward pass
/usr/local/lib/python3.12/dist-packages/torch/autograd/graph.py:882: UserWarning: fbgemm::dense_embedding_codegen_lookup_function: an autograd kernel was not registered to the Autograd key(s) but we are trying to backprop through it. This may lead to silently incorrect behavior. This behavior is deprecated and will be removed in a future version of PyTorch. If your operator is differentiable, please ensure you have registered an autograd kernel to the correct Autograd key (e.g. DispatchKey::Autograd, DispatchKey::CompositeImplicitAutograd). If your operator is not differentiable, or to squash this warning and use the previous behavior, please register torch::CppFunction::makeFallthrough() to DispatchKey::Autograd. (Triggered internally at /opt/pytorch/pytorch/torch/csrc/autograd/autograd_not_implemented_fallback.cpp:76.)
  return Variable._execution_engine.run_backward(  # Calls into the C++ engine to run the backward pass
/usr/local/lib/python3.12/dist-packages/torch/autograd/graph.py:882: UserWarning: fbgemm::dense_embedding_codegen_lookup_function: an autograd kernel was not registered to the Autograd key(s) but we are trying to backprop through it. This may lead to silently incorrect behavior. This behavior is deprecated and will be removed in a future version of PyTorch. If your operator is differentiable, please ensure you have registered an autograd kernel to the correct Autograd key (e.g. DispatchKey::Autograd, DispatchKey::CompositeImplicitAutograd). If your operator is not differentiable, or to squash this warning and use the previous behavior, please register torch::CppFunction::makeFallthrough() to DispatchKey::Autograd. (Triggered internally at /opt/pytorch/pytorch/torch/csrc/autograd/autograd_not_implemented_fallback.cpp:76.)
  return Variable._execution_engine.run_backward(  # Calls into the C++ engine to run the backward pass
/usr/local/lib/python3.12/dist-packages/torch/autograd/graph.py:882: UserWarning: fbgemm::dense_embedding_codegen_lookup_function: an autograd kernel was not registered to the Autograd key(s) but we are trying to backprop through it. This may lead to silently incorrect behavior. This behavior is deprecated and will be removed in a future version of PyTorch. If your operator is differentiable, please ensure you have registered an autograd kernel to the correct Autograd key (e.g. DispatchKey::Autograd, DispatchKey::CompositeImplicitAutograd). If your operator is not differentiable, or to squash this warning and use the previous behavior, please register torch::CppFunction::makeFallthrough() to DispatchKey::Autograd. (Triggered internally at /opt/pytorch/pytorch/torch/csrc/autograd/autograd_not_implemented_fallback.cpp:76.)
  return Variable._execution_engine.run_backward(  # Calls into the C++ engine to run the backward pass
/usr/local/lib/python3.12/dist-packages/torch/autograd/graph.py:882: UserWarning: fbgemm::dense_embedding_codegen_lookup_function: an autograd kernel was not registered to the Autograd key(s) but we are trying to backprop through it. This may lead to silently incorrect behavior. This behavior is deprecated and will be removed in a future version of PyTorch. If your operator is differentiable, please ensure you have registered an autograd kernel to the correct Autograd key (e.g. DispatchKey::Autograd, DispatchKey::CompositeImplicitAutograd). If your operator is not differentiable, or to squash this warning and use the previous behavior, please register torch::CppFunction::makeFallthrough() to DispatchKey::Autograd. (Triggered internally at /opt/pytorch/pytorch/torch/csrc/autograd/autograd_not_implemented_fallback.cpp:76.)
  return Variable._execution_engine.run_backward(  # Calls into the C++ engine to run the backward pass
/usr/local/lib/python3.12/dist-packages/torch/autograd/graph.py:882: UserWarning: fbgemm::dense_embedding_codegen_lookup_function: an autograd kernel was not registered to the Autograd key(s) but we are trying to backprop through it. This may lead to silently incorrect behavior. This behavior is deprecated and will be removed in a future version of PyTorch. If your operator is differentiable, please ensure you have registered an autograd kernel to the correct Autograd key (e.g. DispatchKey::Autograd, DispatchKey::CompositeImplicitAutograd). If your operator is not differentiable, or to squash this warning and use the previous behavior, please register torch::CppFunction::makeFallthrough() to DispatchKey::Autograd. (Triggered internally at /opt/pytorch/pytorch/torch/csrc/autograd/autograd_not_implemented_fallback.cpp:76.)
  return Variable._execution_engine.run_backward(  # Calls into the C++ engine to run the backward pass
/usr/local/lib/python3.12/dist-packages/torch/autograd/graph.py:882: UserWarning: fbgemm::dense_embedding_codegen_lookup_function: an autograd kernel was not registered to the Autograd key(s) but we are trying to backprop through it. This may lead to silently incorrect behavior. This behavior is deprecated and will be removed in a future version of PyTorch. If your operator is differentiable, please ensure you have registered an autograd kernel to the correct Autograd key (e.g. DispatchKey::Autograd, DispatchKey::CompositeImplicitAutograd). If your operator is not differentiable, or to squash this warning and use the previous behavior, please register torch::CppFunction::makeFallthrough() to DispatchKey::Autograd. (Triggered internally at /opt/pytorch/pytorch/torch/csrc/autograd/autograd_not_implemented_fallback.cpp:76.)
  return Variable._execution_engine.run_backward(  # Calls into the C++ engine to run the backward pass
/usr/local/lib/python3.12/dist-packages/torch/autograd/graph.py:882: UserWarning: fbgemm::dense_embedding_codegen_lookup_function: an autograd kernel was not registered to the Autograd key(s) but we are trying to backprop through it. This may lead to silently incorrect behavior. This behavior is deprecated and will be removed in a future version of PyTorch. If your operator is differentiable, please ensure you have registered an autograd kernel to the correct Autograd key (e.g. DispatchKey::Autograd, DispatchKey::CompositeImplicitAutograd). If your operator is not differentiable, or to squash this warning and use the previous behavior, please register torch::CppFunction::makeFallthrough() to DispatchKey::Autograd. (Triggered internally at /opt/pytorch/pytorch/torch/csrc/autograd/autograd_not_implemented_fallback.cpp:76.)
  return Variable._execution_engine.run_backward(  # Calls into the C++ engine to run the backward pass
[07/26/26 15:56:52] INFO     [train] [iter 79, tokens 62400, elapsed_time 130882.34 ms, achieved FLOPS 1073.05 TFLOPS, MFU 5.96%]: loss nan                                                                                                     
/usr/local/lib/python3.12/dist-packages/torch/autograd/graph.py:882: UserWarning: fbgemm::dense_embedding_codegen_lookup_function: an autograd kernel was not registered to the Autograd key(s) but we are trying to backprop through it. This may lead to silently incorrect behavior. This behavior is deprecated and will be removed in a future version of PyTorch. If your operator is differentiable, please ensure you have registered an autograd kernel to the correct Autograd key (e.g. DispatchKey::Autograd, DispatchKey::CompositeImplicitAutograd). If your operator is not differentiable, or to squash this warning and use the previous behavior, please register torch::CppFunction::makeFallthrough() to DispatchKey::Autograd. (Triggered internally at /opt/pytorch/pytorch/torch/csrc/autograd/autograd_not_implemented_fallback.cpp:76.)
  return Variable._execution_engine.run_backward(  # Calls into the C++ engine to run the backward pass
/usr/local/lib/python3.12/dist-packages/torch/autograd/graph.py:882: UserWarning: fbgemm::dense_embedding_codegen_lookup_function: an autograd kernel was not registered to the Autograd key(s) but we are trying to backprop through it. This may lead to silently incorrect behavior. This behavior is deprecated and will be removed in a future version of PyTorch. If your operator is differentiable, please ensure you have registered an autograd kernel to the correct Autograd key (e.g. DispatchKey::Autograd, DispatchKey::CompositeImplicitAutograd). If your operator is not differentiable, or to squash this warning and use the previous behavior, please register torch::CppFunction::makeFallthrough() to DispatchKey::Autograd. (Triggered internally at /opt/pytorch/pytorch/torch/csrc/autograd/autograd_not_implemented_fallback.cpp:76.)
  return Variable._execution_engine.run_backward(  # Calls into the C++ engine to run the backward pass
/usr/local/lib/python3.12/dist-packages/torch/autograd/graph.py:882: UserWarning: fbgemm::dense_embedding_codegen_lookup_function: an autograd kernel was not registered to the Autograd key(s) but we are trying to backprop through it. This may lead to silently incorrect behavior. This behavior is deprecated and will be removed in a future version of PyTorch. If your operator is differentiable, please ensure you have registered an autograd kernel to the correct Autograd key (e.g. DispatchKey::Autograd, DispatchKey::CompositeImplicitAutograd). If your operator is not differentiable, or to squash this warning and use the previous behavior, please register torch::CppFunction::makeFallthrough() to DispatchKey::Autograd. (Triggered internally at /opt/pytorch/pytorch/torch/csrc/autograd/autograd_not_implemented_fallback.cpp:76.)
  return Variable._execution_engine.run_backward(  # Calls into the C++ engine to run the backward pass
/usr/local/lib/python3.12/dist-packages/torch/autograd/graph.py:882: UserWarning: fbgemm::dense_embedding_codegen_lookup_function: an autograd kernel was not registered to the Autograd key(s) but we are trying to backprop through it. This may lead to silently incorrect behavior. This behavior is deprecated and will be removed in a future version of PyTorch. If your operator is differentiable, please ensure you have registered an autograd kernel to the correct Autograd key (e.g. DispatchKey::Autograd, DispatchKey::CompositeImplicitAutograd). If your operator is not differentiable, or to squash this warning and use the previous behavior, please register torch::CppFunction::makeFallthrough() to DispatchKey::Autograd. (Triggered internally at /opt/pytorch/pytorch/torch/csrc/autograd/autograd_not_implemented_fallback.cpp:76.)
  return Variable._execution_engine.run_backward(  # Calls into the C++ engine to run the backward pass
/usr/local/lib/python3.12/dist-packages/torch/autograd/graph.py:882: UserWarning: fbgemm::dense_embedding_codegen_lookup_function: an autograd kernel was not registered to the Autograd key(s) but we are trying to backprop through it. This may lead to silently incorrect behavior. This behavior is deprecated and will be removed in a future version of PyTorch. If your operator is differentiable, please ensure you have registered an autograd kernel to the correct Autograd key (e.g. DispatchKey::Autograd, DispatchKey::CompositeImplicitAutograd). If your operator is not differentiable, or to squash this warning and use the previous behavior, please register torch::CppFunction::makeFallthrough() to DispatchKey::Autograd. (Triggered internally at /opt/pytorch/pytorch/torch/csrc/autograd/autograd_not_implemented_fallback.cpp:76.)
  return Variable._execution_engine.run_backward(  # Calls into the C++ engine to run the backward pass
/usr/local/lib/python3.12/dist-packages/torch/autograd/graph.py:882: UserWarning: fbgemm::dense_embedding_codegen_lookup_function: an autograd kernel was not registered to the Autograd key(s) but we are trying to backprop through it. This may lead to silently incorrect behavior. This behavior is deprecated and will be removed in a future version of PyTorch. If your operator is differentiable, please ensure you have registered an autograd kernel to the correct Autograd key (e.g. DispatchKey::Autograd, DispatchKey::CompositeImplicitAutograd). If your operator is not differentiable, or to squash this warning and use the previous behavior, please register torch::CppFunction::makeFallthrough() to DispatchKey::Autograd. (Triggered internally at /opt/pytorch/pytorch/torch/csrc/autograd/autograd_not_implemented_fallback.cpp:76.)
  return Variable._execution_engine.run_backward(  # Calls into the C++ engine to run the backward pass
/usr/local/lib/python3.12/dist-packages/torch/autograd/graph.py:882: UserWarning: fbgemm::dense_embedding_codegen_lookup_function: an autograd kernel was not registered to the Autograd key(s) but we are trying to backprop through it. This may lead to silently incorrect behavior. This behavior is deprecated and will be removed in a future version of PyTorch. If your operator is differentiable, please ensure you have registered an autograd kernel to the correct Autograd key (e.g. DispatchKey::Autograd, DispatchKey::CompositeImplicitAutograd). If your operator is not differentiable, or to squash this warning and use the previous behavior, please register torch::CppFunction::makeFallthrough() to DispatchKey::Autograd. (Triggered internally at /opt/pytorch/pytorch/torch/csrc/autograd/autograd_not_implemented_fallback.cpp:76.)
  return Variable._execution_engine.run_backward(  # Calls into the C++ engine to run the backward pass
/usr/local/lib/python3.12/dist-packages/torch/autograd/graph.py:882: UserWarning: fbgemm::dense_embedding_codegen_lookup_function: an autograd kernel was not registered to the Autograd key(s) but we are trying to backprop through it. This may lead to silently incorrect behavior. This behavior is deprecated and will be removed in a future version of PyTorch. If your operator is differentiable, please ensure you have registered an autograd kernel to the correct Autograd key (e.g. DispatchKey::Autograd, DispatchKey::CompositeImplicitAutograd). If your operator is not differentiable, or to squash this warning and use the previous behavior, please register torch::CppFunction::makeFallthrough() to DispatchKey::Autograd. (Triggered internally at /opt/pytorch/pytorch/torch/csrc/autograd/autograd_not_implemented_fallback.cpp:76.)
  return Variable._execution_engine.run_backward(  # Calls into the C++ engine to run the backward pass
[07/26/26 15:59:04] INFO     [train] [iter 99, tokens 62400, elapsed_time 129547.54 ms, achieved FLOPS 1077.88 TFLOPS, MFU 5.99%]: loss nan                                                                                                     
/usr/local/lib/python3.12/dist-packages/torch/autograd/graph.py:882: UserWarning: fbgemm::dense_embedding_codegen_lookup_function: an autograd kernel was not registered to the Autograd key(s) but we are trying to backprop through it. This may lead to silently incorrect behavior. This behavior is deprecated and will be removed in a future version of PyTorch. If your operator is differentiable, please ensure you have registered an autograd kernel to the correct Autograd key (e.g. DispatchKey::Autograd, DispatchKey::CompositeImplicitAutograd). If your operator is not differentiable, or to squash this warning and use the previous behavior, please register torch::CppFunction::makeFallthrough() to DispatchKey::Autograd. (Triggered internally at /opt/pytorch/pytorch/torch/csrc/autograd/autograd_not_implemented_fallback.cpp:76.)
  return Variable._execution_engine.run_backward(  # Calls into the C++ engine to run the backward pass
/usr/local/lib/python3.12/dist-packages/torch/autograd/graph.py:882: UserWarning: fbgemm::dense_embedding_codegen_lookup_function: an autograd kernel was not registered to the Autograd key(s) but we are trying to backprop through it. This may lead to silently incorrect behavior. This behavior is deprecated and will be removed in a future version of PyTorch. If your operator is differentiable, please ensure you have registered an autograd kernel to the correct Autograd key (e.g. DispatchKey::Autograd, DispatchKey::CompositeImplicitAutograd). If your operator is not differentiable, or to squash this warning and use the previous behavior, please register torch::CppFunction::makeFallthrough() to DispatchKey::Autograd. (Triggered internally at /opt/pytorch/pytorch/torch/csrc/autograd/autograd_not_implemented_fallback.cpp:76.)
  return Variable._execution_engine.run_backward(  # Calls into the C++ engine to run the backward pass
/usr/local/lib/python3.12/dist-packages/torch/autograd/graph.py:882: UserWarning: fbgemm::dense_embedding_codegen_lookup_function: an autograd kernel was not registered to the Autograd key(s) but we are trying to backprop through it. This may lead to silently incorrect behavior. This behavior is deprecated and will be removed in a future version of PyTorch. If your operator is differentiable, please ensure you have registered an autograd kernel to the correct Autograd key (e.g. DispatchKey::Autograd, DispatchKey::CompositeImplicitAutograd). If your operator is not differentiable, or to squash this warning and use the previous behavior, please register torch::CppFunction::makeFallthrough() to DispatchKey::Autograd. (Triggered internally at /opt/pytorch/pytorch/torch/csrc/autograd/autograd_not_implemented_fallback.cpp:76.)
  return Variable._execution_engine.run_backward(  # Calls into the C++ engine to run the backward pass
/usr/local/lib/python3.12/dist-packages/torch/autograd/graph.py:882: UserWarning: fbgemm::dense_embedding_codegen_lookup_function: an autograd kernel was not registered to the Autograd key(s) but we are trying to backprop through it. This may lead to silently incorrect behavior. This behavior is deprecated and will be removed in a future version of PyTorch. If your operator is differentiable, please ensure you have registered an autograd kernel to the correct Autograd key (e.g. DispatchKey::Autograd, DispatchKey::CompositeImplicitAutograd). If your operator is not differentiable, or to squash this warning and use the previous behavior, please register torch::CppFunction::makeFallthrough() to DispatchKey::Autograd. (Triggered internally at /opt/pytorch/pytorch/torch/csrc/autograd/autograd_not_implemented_fallback.cpp:76.)
  return Variable._execution_engine.run_backward(  # Calls into the C++ engine to run the backward pass
/usr/local/lib/python3.12/dist-packages/torch/autograd/graph.py:882: UserWarning: fbgemm::dense_embedding_codegen_lookup_function: an autograd kernel was not registered to the Autograd key(s) but we are trying to backprop through it. This may lead to silently incorrect behavior. This behavior is deprecated and will be removed in a future version of PyTorch. If your operator is differentiable, please ensure you have registered an autograd kernel to the correct Autograd key (e.g. DispatchKey::Autograd, DispatchKey::CompositeImplicitAutograd). If your operator is not differentiable, or to squash this warning and use the previous behavior, please register torch::CppFunction::makeFallthrough() to DispatchKey::Autograd. (Triggered internally at /opt/pytorch/pytorch/torch/csrc/autograd/autograd_not_implemented_fallback.cpp:76.)
  return Variable._execution_engine.run_backward(  # Calls into the C++ engine to run the backward pass
/usr/local/lib/python3.12/dist-packages/torch/autograd/graph.py:882: UserWarning: fbgemm::dense_embedding_codegen_lookup_function: an autograd kernel was not registered to the Autograd key(s) but we are trying to backprop through it. This may lead to silently incorrect behavior. This behavior is deprecated and will be removed in a future version of PyTorch. If your operator is differentiable, please ensure you have registered an autograd kernel to the correct Autograd key (e.g. DispatchKey::Autograd, DispatchKey::CompositeImplicitAutograd). If your operator is not differentiable, or to squash this warning and use the previous behavior, please register torch::CppFunction::makeFallthrough() to DispatchKey::Autograd. (Triggered internally at /opt/pytorch/pytorch/torch/csrc/autograd/autograd_not_implemented_fallback.cpp:76.)
  return Variable._execution_engine.run_backward(  # Calls into the C++ engine to run the backward pass
/usr/local/lib/python3.12/dist-packages/torch/autograd/graph.py:882: UserWarning: fbgemm::dense_embedding_codegen_lookup_function: an autograd kernel was not registered to the Autograd key(s) but we are trying to backprop through it. This may lead to silently incorrect behavior. This behavior is deprecated and will be removed in a future version of PyTorch. If your operator is differentiable, please ensure you have registered an autograd kernel to the correct Autograd key (e.g. DispatchKey::Autograd, DispatchKey::CompositeImplicitAutograd). If your operator is not differentiable, or to squash this warning and use the previous behavior, please register torch::CppFunction::makeFallthrough() to DispatchKey::Autograd. (Triggered internally at /opt/pytorch/pytorch/torch/csrc/autograd/autograd_not_implemented_fallback.cpp:76.)
  return Variable._execution_engine.run_backward(  # Calls into the C++ engine to run the backward pass
/usr/local/lib/python3.12/dist-packages/torch/autograd/graph.py:882: UserWarning: fbgemm::dense_embedding_codegen_lookup_function: an autograd kernel was not registered to the Autograd key(s) but we are trying to backprop through it. This may lead to silently incorrect behavior. This behavior is deprecated and will be removed in a future version of PyTorch. If your operator is differentiable, please ensure you have registered an autograd kernel to the correct Autograd key (e.g. DispatchKey::Autograd, DispatchKey::CompositeImplicitAutograd). If your operator is not differentiable, or to squash this warning and use the previous behavior, please register torch::CppFunction::makeFallthrough() to DispatchKey::Autograd. (Triggered internally at /opt/pytorch/pytorch/torch/csrc/autograd/autograd_not_implemented_fallback.cpp:76.)
  return Variable._execution_engine.run_backward(  # Calls into the C++ engine to run the backward pass
[07/26/26 16:01:13] INFO     [train] [iter 119, tokens 62400, elapsed_time 127388.57 ms, achieved FLOPS 1093.63 TFLOPS, MFU 6.08%]: loss nan                                                                                                    
/usr/local/lib/python3.12/dist-packages/torch/autograd/graph.py:882: UserWarning: fbgemm::dense_embedding_codegen_lookup_function: an autograd kernel was not registered to the Autograd key(s) but we are trying to backprop through it. This may lead to silently incorrect behavior. This behavior is deprecated and will be removed in a future version of PyTorch. If your operator is differentiable, please ensure you have registered an autograd kernel to the correct Autograd key (e.g. DispatchKey::Autograd, DispatchKey::CompositeImplicitAutograd). If your operator is not differentiable, or to squash this warning and use the previous behavior, please register torch::CppFunction::makeFallthrough() to DispatchKey::Autograd. (Triggered internally at /opt/pytorch/pytorch/torch/csrc/autograd/autograd_not_implemented_fallback.cpp:76.)
  return Variable._execution_engine.run_backward(  # Calls into the C++ engine to run the backward pass
/usr/local/lib/python3.12/dist-packages/torch/autograd/graph.py:882: UserWarning: fbgemm::dense_embedding_codegen_lookup_function: an autograd kernel was not registered to the Autograd key(s) but we are trying to backprop through it. This may lead to silently incorrect behavior. This behavior is deprecated and will be removed in a future version of PyTorch. If your operator is differentiable, please ensure you have registered an autograd kernel to the correct Autograd key (e.g. DispatchKey::Autograd, DispatchKey::CompositeImplicitAutograd). If your operator is not differentiable, or to squash this warning and use the previous behavior, please register torch::CppFunction::makeFallthrough() to DispatchKey::Autograd. (Triggered internally at /opt/pytorch/pytorch/torch/csrc/autograd/autograd_not_implemented_fallback.cpp:76.)
  return Variable._execution_engine.run_backward(  # Calls into the C++ engine to run the backward pass
/usr/local/lib/python3.12/dist-packages/torch/autograd/graph.py:882: UserWarning: fbgemm::dense_embedding_codegen_lookup_function: an autograd kernel was not registered to the Autograd key(s) but we are trying to backprop through it. This may lead to silently incorrect behavior. This behavior is deprecated and will be removed in a future version of PyTorch. If your operator is differentiable, please ensure you have registered an autograd kernel to the correct Autograd key (e.g. DispatchKey::Autograd, DispatchKey::CompositeImplicitAutograd). If your operator is not differentiable, or to squash this warning and use the previous behavior, please register torch::CppFunction::makeFallthrough() to DispatchKey::Autograd. (Triggered internally at /opt/pytorch/pytorch/torch/csrc/autograd/autograd_not_implemented_fallback.cpp:76.)
  return Variable._execution_engine.run_backward(  # Calls into the C++ engine to run the backward pass
/usr/local/lib/python3.12/dist-packages/torch/autograd/graph.py:882: UserWarning: fbgemm::dense_embedding_codegen_lookup_function: an autograd kernel was not registered to the Autograd key(s) but we are trying to backprop through it. This may lead to silently incorrect behavior. This behavior is deprecated and will be removed in a future version of PyTorch. If your operator is differentiable, please ensure you have registered an autograd kernel to the correct Autograd key (e.g. DispatchKey::Autograd, DispatchKey::CompositeImplicitAutograd). If your operator is not differentiable, or to squash this warning and use the previous behavior, please register torch::CppFunction::makeFallthrough() to DispatchKey::Autograd. (Triggered internally at /opt/pytorch/pytorch/torch/csrc/autograd/autograd_not_implemented_fallback.cpp:76.)
  return Variable._execution_engine.run_backward(  # Calls into the C++ engine to run the backward pass
/usr/local/lib/python3.12/dist-packages/torch/autograd/graph.py:882: UserWarning: fbgemm::dense_embedding_codegen_lookup_function: an autograd kernel was not registered to the Autograd key(s) but we are trying to backprop through it. This may lead to silently incorrect behavior. This behavior is deprecated and will be removed in a future version of PyTorch. If your operator is differentiable, please ensure you have registered an autograd kernel to the correct Autograd key (e.g. DispatchKey::Autograd, DispatchKey::CompositeImplicitAutograd). If your operator is not differentiable, or to squash this warning and use the previous behavior, please register torch::CppFunction::makeFallthrough() to DispatchKey::Autograd. (Triggered internally at /opt/pytorch/pytorch/torch/csrc/autograd/autograd_not_implemented_fallback.cpp:76.)
  return Variable._execution_engine.run_backward(  # Calls into the C++ engine to run the backward pass
/usr/local/lib/python3.12/dist-packages/torch/autograd/graph.py:882: UserWarning: fbgemm::dense_embedding_codegen_lookup_function: an autograd kernel was not registered to the Autograd key(s) but we are trying to backprop through it. This may lead to silently incorrect behavior. This behavior is deprecated and will be removed in a future version of PyTorch. If your operator is differentiable, please ensure you have registered an autograd kernel to the correct Autograd key (e.g. DispatchKey::Autograd, DispatchKey::CompositeImplicitAutograd). If your operator is not differentiable, or to squash this warning and use the previous behavior, please register torch::CppFunction::makeFallthrough() to DispatchKey::Autograd. (Triggered internally at /opt/pytorch/pytorch/torch/csrc/autograd/autograd_not_implemented_fallback.cpp:76.)
  return Variable._execution_engine.run_backward(  # Calls into the C++ engine to run the backward pass
/usr/local/lib/python3.12/dist-packages/torch/autograd/graph.py:882: UserWarning: fbgemm::dense_embedding_codegen_lookup_function: an autograd kernel was not registered to the Autograd key(s) but we are trying to backprop through it. This may lead to silently incorrect behavior. This behavior is deprecated and will be removed in a future version of PyTorch. If your operator is differentiable, please ensure you have registered an autograd kernel to the correct Autograd key (e.g. DispatchKey::Autograd, DispatchKey::CompositeImplicitAutograd). If your operator is not differentiable, or to squash this warning and use the previous behavior, please register torch::CppFunction::makeFallthrough() to DispatchKey::Autograd. (Triggered internally at /opt/pytorch/pytorch/torch/csrc/autograd/autograd_not_implemented_fallback.cpp:76.)
  return Variable._execution_engine.run_backward(  # Calls into the C++ engine to run the backward pass
/usr/local/lib/python3.12/dist-packages/torch/autograd/graph.py:882: UserWarning: fbgemm::dense_embedding_codegen_lookup_function: an autograd kernel was not registered to the Autograd key(s) but we are trying to backprop through it. This may lead to silently incorrect behavior. This behavior is deprecated and will be removed in a future version of PyTorch. If your operator is differentiable, please ensure you have registered an autograd kernel to the correct Autograd key (e.g. DispatchKey::Autograd, DispatchKey::CompositeImplicitAutograd). If your operator is not differentiable, or to squash this warning and use the previous behavior, please register torch::CppFunction::makeFallthrough() to DispatchKey::Autograd. (Triggered internally at /opt/pytorch/pytorch/torch/csrc/autograd/autograd_not_implemented_fallback.cpp:76.)
  return Variable._execution_engine.run_backward(  # Calls into the C++ engine to run the backward pass
[07/26/26 16:03:24] INFO     [train] [iter 139, tokens 62400, elapsed_time 128794.56 ms, achieved FLOPS 1086.66 TFLOPS, MFU 6.04%]: loss nan                                                                                                    
/usr/local/lib/python3.12/dist-packages/torch/autograd/graph.py:882: UserWarning: fbgemm::dense_embedding_codegen_lookup_function: an autograd kernel was not registered to the Autograd key(s) but we are trying to backprop through it. This may lead to silently incorrect behavior. This behavior is deprecated and will be removed in a future version of PyTorch. If your operator is differentiable, please ensure you have registered an autograd kernel to the correct Autograd key (e.g. DispatchKey::Autograd, DispatchKey::CompositeImplicitAutograd). If your operator is not differentiable, or to squash this warning and use the previous behavior, please register torch::CppFunction::makeFallthrough() to DispatchKey::Autograd. (Triggered internally at /opt/pytorch/pytorch/torch/csrc/autograd/autograd_not_implemented_fallback.cpp:76.)
  return Variable._execution_engine.run_backward(  # Calls into the C++ engine to run the backward pass
/usr/local/lib/python3.12/dist-packages/torch/autograd/graph.py:882: UserWarning: fbgemm::dense_embedding_codegen_lookup_function: an autograd kernel was not registered to the Autograd key(s) but we are trying to backprop through it. This may lead to silently incorrect behavior. This behavior is deprecated and will be removed in a future version of PyTorch. If your operator is differentiable, please ensure you have registered an autograd kernel to the correct Autograd key (e.g. DispatchKey::Autograd, DispatchKey::CompositeImplicitAutograd). If your operator is not differentiable, or to squash this warning and use the previous behavior, please register torch::CppFunction::makeFallthrough() to DispatchKey::Autograd. (Triggered internally at /opt/pytorch/pytorch/torch/csrc/autograd/autograd_not_implemented_fallback.cpp:76.)
  return Variable._execution_engine.run_backward(  # Calls into the C++ engine to run the backward pass
/usr/local/lib/python3.12/dist-packages/torch/autograd/graph.py:882: UserWarning: fbgemm::dense_embedding_codegen_lookup_function: an autograd kernel was not registered to the Autograd key(s) but we are trying to backprop through it. This may lead to silently incorrect behavior. This behavior is deprecated and will be removed in a future version of PyTorch. If your operator is differentiable, please ensure you have registered an autograd kernel to the correct Autograd key (e.g. DispatchKey::Autograd, DispatchKey::CompositeImplicitAutograd). If your operator is not differentiable, or to squash this warning and use the previous behavior, please register torch::CppFunction::makeFallthrough() to DispatchKey::Autograd. (Triggered internally at /opt/pytorch/pytorch/torch/csrc/autograd/autograd_not_implemented_fallback.cpp:76.)
  return Variable._execution_engine.run_backward(  # Calls into the C++ engine to run the backward pass
/usr/local/lib/python3.12/dist-packages/torch/autograd/graph.py:882: UserWarning: fbgemm::dense_embedding_codegen_lookup_function: an autograd kernel was not registered to the Autograd key(s) but we are trying to backprop through it. This may lead to silently incorrect behavior. This behavior is deprecated and will be removed in a future version of PyTorch. If your operator is differentiable, please ensure you have registered an autograd kernel to the correct Autograd key (e.g. DispatchKey::Autograd, DispatchKey::CompositeImplicitAutograd). If your operator is not differentiable, or to squash this warning and use the previous behavior, please register torch::CppFunction::makeFallthrough() to DispatchKey::Autograd. (Triggered internally at /opt/pytorch/pytorch/torch/csrc/autograd/autograd_not_implemented_fallback.cpp:76.)
  return Variable._execution_engine.run_backward(  # Calls into the C++ engine to run the backward pass
/usr/local/lib/python3.12/dist-packages/torch/autograd/graph.py:882: UserWarning: fbgemm::dense_embedding_codegen_lookup_function: an autograd kernel was not registered to the Autograd key(s) but we are trying to backprop through it. This may lead to silently incorrect behavior. This behavior is deprecated and will be removed in a future version of PyTorch. If your operator is differentiable, please ensure you have registered an autograd kernel to the correct Autograd key (e.g. DispatchKey::Autograd, DispatchKey::CompositeImplicitAutograd). If your operator is not differentiable, or to squash this warning and use the previous behavior, please register torch::CppFunction::makeFallthrough() to DispatchKey::Autograd. (Triggered internally at /opt/pytorch/pytorch/torch/csrc/autograd/autograd_not_implemented_fallback.cpp:76.)
  return Variable._execution_engine.run_backward(  # Calls into the C++ engine to run the backward pass
/usr/local/lib/python3.12/dist-packages/torch/autograd/graph.py:882: UserWarning: fbgemm::dense_embedding_codegen_lookup_function: an autograd kernel was not registered to the Autograd key(s) but we are trying to backprop through it. This may lead to silently incorrect behavior. This behavior is deprecated and will be removed in a future version of PyTorch. If your operator is differentiable, please ensure you have registered an autograd kernel to the correct Autograd key (e.g. DispatchKey::Autograd, DispatchKey::CompositeImplicitAutograd). If your operator is not differentiable, or to squash this warning and use the previous behavior, please register torch::CppFunction::makeFallthrough() to DispatchKey::Autograd. (Triggered internally at /opt/pytorch/pytorch/torch/csrc/autograd/autograd_not_implemented_fallback.cpp:76.)
  return Variable._execution_engine.run_backward(  # Calls into the C++ engine to run the backward pass
/usr/local/lib/python3.12/dist-packages/torch/autograd/graph.py:882: UserWarning: fbgemm::dense_embedding_codegen_lookup_function: an autograd kernel was not registered to the Autograd key(s) but we are trying to backprop through it. This may lead to silently incorrect behavior. This behavior is deprecated and will be removed in a future version of PyTorch. If your operator is differentiable, please ensure you have registered an autograd kernel to the correct Autograd key (e.g. DispatchKey::Autograd, DispatchKey::CompositeImplicitAutograd). If your operator is not differentiable, or to squash this warning and use the previous behavior, please register torch::CppFunction::makeFallthrough() to DispatchKey::Autograd. (Triggered internally at /opt/pytorch/pytorch/torch/csrc/autograd/autograd_not_implemented_fallback.cpp:76.)
  return Variable._execution_engine.run_backward(  # Calls into the C++ engine to run the backward pass
/usr/local/lib/python3.12/dist-packages/torch/autograd/graph.py:882: UserWarning: fbgemm::dense_embedding_codegen_lookup_function: an autograd kernel was not registered to the Autograd key(s) but we are trying to backprop through it. This may lead to silently incorrect behavior. This behavior is deprecated and will be removed in a future version of PyTorch. If your operator is differentiable, please ensure you have registered an autograd kernel to the correct Autograd key (e.g. DispatchKey::Autograd, DispatchKey::CompositeImplicitAutograd). If your operator is not differentiable, or to squash this warning and use the previous behavior, please register torch::CppFunction::makeFallthrough() to DispatchKey::Autograd. (Triggered internally at /opt/pytorch/pytorch/torch/csrc/autograd/autograd_not_implemented_fallback.cpp:76.)
  return Variable._execution_engine.run_backward(  # Calls into the C++ engine to run the backward pass
[07/26/26 16:05:36] INFO     [train] [iter 159, tokens 62400, elapsed_time 129754.88 ms, achieved FLOPS 1078.10 TFLOPS, MFU 5.99%]: loss nan                                                                                                    
/usr/local/lib/python3.12/dist-packages/torch/autograd/graph.py:882: UserWarning: fbgemm::dense_embedding_codegen_lookup_function: an autograd kernel was not registered to the Autograd key(s) but we are trying to backprop through it. This may lead to silently incorrect behavior. This behavior is deprecated and will be removed in a future version of PyTorch. If your operator is differentiable, please ensure you have registered an autograd kernel to the correct Autograd key (e.g. DispatchKey::Autograd, DispatchKey::CompositeImplicitAutograd). If your operator is not differentiable, or to squash this warning and use the previous behavior, please register torch::CppFunction::makeFallthrough() to DispatchKey::Autograd. (Triggered internally at /opt/pytorch/pytorch/torch/csrc/autograd/autograd_not_implemented_fallback.cpp:76.)
  return Variable._execution_engine.run_backward(  # Calls into the C++ engine to run the backward pass
/usr/local/lib/python3.12/dist-packages/torch/autograd/graph.py:882: UserWarning: fbgemm::dense_embedding_codegen_lookup_function: an autograd kernel was not registered to the Autograd key(s) but we are trying to backprop through it. This may lead to silently incorrect behavior. This behavior is deprecated and will be removed in a future version of PyTorch. If your operator is differentiable, please ensure you have registered an autograd kernel to the correct Autograd key (e.g. DispatchKey::Autograd, DispatchKey::CompositeImplicitAutograd). If your operator is not differentiable, or to squash this warning and use the previous behavior, please register torch::CppFunction::makeFallthrough() to DispatchKey::Autograd. (Triggered internally at /opt/pytorch/pytorch/torch/csrc/autograd/autograd_not_implemented_fallback.cpp:76.)
  return Variable._execution_engine.run_backward(  # Calls into the C++ engine to run the backward pass
/usr/local/lib/python3.12/dist-packages/torch/autograd/graph.py:882: UserWarning: fbgemm::dense_embedding_codegen_lookup_function: an autograd kernel was not registered to the Autograd key(s) but we are trying to backprop through it. This may lead to silently incorrect behavior. This behavior is deprecated and will be removed in a future version of PyTorch. If your operator is differentiable, please ensure you have registered an autograd kernel to the correct Autograd key (e.g. DispatchKey::Autograd, DispatchKey::CompositeImplicitAutograd). If your operator is not differentiable, or to squash this warning and use the previous behavior, please register torch::CppFunction::makeFallthrough() to DispatchKey::Autograd. (Triggered internally at /opt/pytorch/pytorch/torch/csrc/autograd/autograd_not_implemented_fallback.cpp:76.)
  return Variable._execution_engine.run_backward(  # Calls into the C++ engine to run the backward pass
/usr/local/lib/python3.12/dist-packages/torch/autograd/graph.py:882: UserWarning: fbgemm::dense_embedding_codegen_lookup_function: an autograd kernel was not registered to the Autograd key(s) but we are trying to backprop through it. This may lead to silently incorrect behavior. This behavior is deprecated and will be removed in a future version of PyTorch. If your operator is differentiable, please ensure you have registered an autograd kernel to the correct Autograd key (e.g. DispatchKey::Autograd, DispatchKey::CompositeImplicitAutograd). If your operator is not differentiable, or to squash this warning and use the previous behavior, please register torch::CppFunction::makeFallthrough() to DispatchKey::Autograd. (Triggered internally at /opt/pytorch/pytorch/torch/csrc/autograd/autograd_not_implemented_fallback.cpp:76.)
  return Variable._execution_engine.run_backward(  # Calls into the C++ engine to run the backward pass
/usr/local/lib/python3.12/dist-packages/torch/autograd/graph.py:882: UserWarning: fbgemm::dense_embedding_codegen_lookup_function: an autograd kernel was not registered to the Autograd key(s) but we are trying to backprop through it. This may lead to silently incorrect behavior. This behavior is deprecated and will be removed in a future version of PyTorch. If your operator is differentiable, please ensure you have registered an autograd kernel to the correct Autograd key (e.g. DispatchKey::Autograd, DispatchKey::CompositeImplicitAutograd). If your operator is not differentiable, or to squash this warning and use the previous behavior, please register torch::CppFunction::makeFallthrough() to DispatchKey::Autograd. (Triggered internally at /opt/pytorch/pytorch/torch/csrc/autograd/autograd_not_implemented_fallback.cpp:76.)
  return Variable._execution_engine.run_backward(  # Calls into the C++ engine to run the backward pass
/usr/local/lib/python3.12/dist-packages/torch/autograd/graph.py:882: UserWarning: fbgemm::dense_embedding_codegen_lookup_function: an autograd kernel was not registered to the Autograd key(s) but we are trying to backprop through it. This may lead to silently incorrect behavior. This behavior is deprecated and will be removed in a future version of PyTorch. If your operator is differentiable, please ensure you have registered an autograd kernel to the correct Autograd key (e.g. DispatchKey::Autograd, DispatchKey::CompositeImplicitAutograd). If your operator is not differentiable, or to squash this warning and use the previous behavior, please register torch::CppFunction::makeFallthrough() to DispatchKey::Autograd. (Triggered internally at /opt/pytorch/pytorch/torch/csrc/autograd/autograd_not_implemented_fallback.cpp:76.)
  return Variable._execution_engine.run_backward(  # Calls into the C++ engine to run the backward pass
/usr/local/lib/python3.12/dist-packages/torch/autograd/graph.py:882: UserWarning: fbgemm::dense_embedding_codegen_lookup_function: an autograd kernel was not registered to the Autograd key(s) but we are trying to backprop through it. This may lead to silently incorrect behavior. This behavior is deprecated and will be removed in a future version of PyTorch. If your operator is differentiable, please ensure you have registered an autograd kernel to the correct Autograd key (e.g. DispatchKey::Autograd, DispatchKey::CompositeImplicitAutograd). If your operator is not differentiable, or to squash this warning and use the previous behavior, please register torch::CppFunction::makeFallthrough() to DispatchKey::Autograd. (Triggered internally at /opt/pytorch/pytorch/torch/csrc/autograd/autograd_not_implemented_fallback.cpp:76.)
  return Variable._execution_engine.run_backward(  # Calls into the C++ engine to run the backward pass
/usr/local/lib/python3.12/dist-packages/torch/autograd/graph.py:882: UserWarning: fbgemm::dense_embedding_codegen_lookup_function: an autograd kernel was not registered to the Autograd key(s) but we are trying to backprop through it. This may lead to silently incorrect behavior. This behavior is deprecated and will be removed in a future version of PyTorch. If your operator is differentiable, please ensure you have registered an autograd kernel to the correct Autograd key (e.g. DispatchKey::Autograd, DispatchKey::CompositeImplicitAutograd). If your operator is not differentiable, or to squash this warning and use the previous behavior, please register torch::CppFunction::makeFallthrough() to DispatchKey::Autograd. (Triggered internally at /opt/pytorch/pytorch/torch/csrc/autograd/autograd_not_implemented_fallback.cpp:76.)
  return Variable._execution_engine.run_backward(  # Calls into the C++ engine to run the backward pass
[07/26/26 16:07:46] INFO     [train] [iter 179, tokens 62400, elapsed_time 127692.52 ms, achieved FLOPS 1093.75 TFLOPS, MFU 6.08%]: loss nan                                                                                                    
/usr/local/lib/python3.12/dist-packages/torch/autograd/graph.py:882: UserWarning: fbgemm::dense_embedding_codegen_lookup_function: an autograd kernel was not registered to the Autograd key(s) but we are trying to backprop through it. This may lead to silently incorrect behavior. This behavior is deprecated and will be removed in a future version of PyTorch. If your operator is differentiable, please ensure you have registered an autograd kernel to the correct Autograd key (e.g. DispatchKey::Autograd, DispatchKey::CompositeImplicitAutograd). If your operator is not differentiable, or to squash this warning and use the previous behavior, please register torch::CppFunction::makeFallthrough() to DispatchKey::Autograd. (Triggered internally at /opt/pytorch/pytorch/torch/csrc/autograd/autograd_not_implemented_fallback.cpp:76.)
  return Variable._execution_engine.run_backward(  # Calls into the C++ engine to run the backward pass
/usr/local/lib/python3.12/dist-packages/torch/autograd/graph.py:882: UserWarning: fbgemm::dense_embedding_codegen_lookup_function: an autograd kernel was not registered to the Autograd key(s) but we are trying to backprop through it. This may lead to silently incorrect behavior. This behavior is deprecated and will be removed in a future version of PyTorch. If your operator is differentiable, please ensure you have registered an autograd kernel to the correct Autograd key (e.g. DispatchKey::Autograd, DispatchKey::CompositeImplicitAutograd). If your operator is not differentiable, or to squash this warning and use the previous behavior, please register torch::CppFunction::makeFallthrough() to DispatchKey::Autograd. (Triggered internally at /opt/pytorch/pytorch/torch/csrc/autograd/autograd_not_implemented_fallback.cpp:76.)
  return Variable._execution_engine.run_backward(  # Calls into the C++ engine to run the backward pass
/usr/local/lib/python3.12/dist-packages/torch/autograd/graph.py:882: UserWarning: fbgemm::dense_embedding_codegen_lookup_function: an autograd kernel was not registered to the Autograd key(s) but we are trying to backprop through it. This may lead to silently incorrect behavior. This behavior is deprecated and will be removed in a future version of PyTorch. If your operator is differentiable, please ensure you have registered an autograd kernel to the correct Autograd key (e.g. DispatchKey::Autograd, DispatchKey::CompositeImplicitAutograd). If your operator is not differentiable, or to squash this warning and use the previous behavior, please register torch::CppFunction::makeFallthrough() to DispatchKey::Autograd. (Triggered internally at /opt/pytorch/pytorch/torch/csrc/autograd/autograd_not_implemented_fallback.cpp:76.)
  return Variable._execution_engine.run_backward(  # Calls into the C++ engine to run the backward pass
/usr/local/lib/python3.12/dist-packages/torch/autograd/graph.py:882: UserWarning: fbgemm::dense_embedding_codegen_lookup_function: an autograd kernel was not registered to the Autograd key(s) but we are trying to backprop through it. This may lead to silently incorrect behavior. This behavior is deprecated and will be removed in a future version of PyTorch. If your operator is differentiable, please ensure you have registered an autograd kernel to the correct Autograd key (e.g. DispatchKey::Autograd, DispatchKey::CompositeImplicitAutograd). If your operator is not differentiable, or to squash this warning and use the previous behavior, please register torch::CppFunction::makeFallthrough() to DispatchKey::Autograd. (Triggered internally at /opt/pytorch/pytorch/torch/csrc/autograd/autograd_not_implemented_fallback.cpp:76.)
  return Variable._execution_engine.run_backward(  # Calls into the C++ engine to run the backward pass
/usr/local/lib/python3.12/dist-packages/torch/autograd/graph.py:882: UserWarning: fbgemm::dense_embedding_codegen_lookup_function: an autograd kernel was not registered to the Autograd key(s) but we are trying to backprop through it. This may lead to silently incorrect behavior. This behavior is deprecated and will be removed in a future version of PyTorch. If your operator is differentiable, please ensure you have registered an autograd kernel to the correct Autograd key (e.g. DispatchKey::Autograd, DispatchKey::CompositeImplicitAutograd). If your operator is not differentiable, or to squash this warning and use the previous behavior, please register torch::CppFunction::makeFallthrough() to DispatchKey::Autograd. (Triggered internally at /opt/pytorch/pytorch/torch/csrc/autograd/autograd_not_implemented_fallback.cpp:76.)
  return Variable._execution_engine.run_backward(  # Calls into the C++ engine to run the backward pass
/usr/local/lib/python3.12/dist-packages/torch/autograd/graph.py:882: UserWarning: fbgemm::dense_embedding_codegen_lookup_function: an autograd kernel was not registered to the Autograd key(s) but we are trying to backprop through it. This may lead to silently incorrect behavior. This behavior is deprecated and will be removed in a future version of PyTorch. If your operator is differentiable, please ensure you have registered an autograd kernel to the correct Autograd key (e.g. DispatchKey::Autograd, DispatchKey::CompositeImplicitAutograd). If your operator is not differentiable, or to squash this warning and use the previous behavior, please register torch::CppFunction::makeFallthrough() to DispatchKey::Autograd. (Triggered internally at /opt/pytorch/pytorch/torch/csrc/autograd/autograd_not_implemented_fallback.cpp:76.)
  return Variable._execution_engine.run_backward(  # Calls into the C++ engine to run the backward pass
/usr/local/lib/python3.12/dist-packages/torch/autograd/graph.py:882: UserWarning: fbgemm::dense_embedding_codegen_lookup_function: an autograd kernel was not registered to the Autograd key(s) but we are trying to backprop through it. This may lead to silently incorrect behavior. This behavior is deprecated and will be removed in a future version of PyTorch. If your operator is differentiable, please ensure you have registered an autograd kernel to the correct Autograd key (e.g. DispatchKey::Autograd, DispatchKey::CompositeImplicitAutograd). If your operator is not differentiable, or to squash this warning and use the previous behavior, please register torch::CppFunction::makeFallthrough() to DispatchKey::Autograd. (Triggered internally at /opt/pytorch/pytorch/torch/csrc/autograd/autograd_not_implemented_fallback.cpp:76.)
  return Variable._execution_engine.run_backward(  # Calls into the C++ engine to run the backward pass
/usr/local/lib/python3.12/dist-packages/torch/autograd/graph.py:882: UserWarning: fbgemm::dense_embedding_codegen_lookup_function: an autograd kernel was not registered to the Autograd key(s) but we are trying to backprop through it. This may lead to silently incorrect behavior. This behavior is deprecated and will be removed in a future version of PyTorch. If your operator is differentiable, please ensure you have registered an autograd kernel to the correct Autograd key (e.g. DispatchKey::Autograd, DispatchKey::CompositeImplicitAutograd). If your operator is not differentiable, or to squash this warning and use the previous behavior, please register torch::CppFunction::makeFallthrough() to DispatchKey::Autograd. (Triggered internally at /opt/pytorch/pytorch/torch/csrc/autograd/autograd_not_implemented_fallback.cpp:76.)
  return Variable._execution_engine.run_backward(  # Calls into the C++ engine to run the backward pass
[07/26/26 16:09:57] INFO     [train] [iter 199, tokens 62400, elapsed_time 128981.98 ms, achieved FLOPS 1082.20 TFLOPS, MFU 6.01%]: loss nan                                                                                                    
/usr/local/lib/python3.12/dist-packages/torch/autograd/graph.py:882: UserWarning: fbgemm::dense_embedding_codegen_lookup_function: an autograd kernel was not registered to the Autograd key(s) but we are trying to backprop through it. This may lead to silently incorrect behavior. This behavior is deprecated and will be removed in a future version of PyTorch. If your operator is differentiable, please ensure you have registered an autograd kernel to the correct Autograd key (e.g. DispatchKey::Autograd, DispatchKey::CompositeImplicitAutograd). If your operator is not differentiable, or to squash this warning and use the previous behavior, please register torch::CppFunction::makeFallthrough() to DispatchKey::Autograd. (Triggered internally at /opt/pytorch/pytorch/torch/csrc/autograd/autograd_not_implemented_fallback.cpp:76.)
  return Variable._execution_engine.run_backward(  # Calls into the C++ engine to run the backward pass
/usr/local/lib/python3.12/dist-packages/torch/autograd/graph.py:882: UserWarning: fbgemm::dense_embedding_codegen_lookup_function: an autograd kernel was not registered to the Autograd key(s) but we are trying to backprop through it. This may lead to silently incorrect behavior. This behavior is deprecated and will be removed in a future version of PyTorch. If your operator is differentiable, please ensure you have registered an autograd kernel to the correct Autograd key (e.g. DispatchKey::Autograd, DispatchKey::CompositeImplicitAutograd). If your operator is not differentiable, or to squash this warning and use the previous behavior, please register torch::CppFunction::makeFallthrough() to DispatchKey::Autograd. (Triggered internally at /opt/pytorch/pytorch/torch/csrc/autograd/autograd_not_implemented_fallback.cpp:76.)
  return Variable._execution_engine.run_backward(  # Calls into the C++ engine to run the backward pass
/usr/local/lib/python3.12/dist-packages/torch/autograd/graph.py:882: UserWarning: fbgemm::dense_embedding_codegen_lookup_function: an autograd kernel was not registered to the Autograd key(s) but we are trying to backprop through it. This may lead to silently incorrect behavior. This behavior is deprecated and will be removed in a future version of PyTorch. If your operator is differentiable, please ensure you have registered an autograd kernel to the correct Autograd key (e.g. DispatchKey::Autograd, DispatchKey::CompositeImplicitAutograd). If your operator is not differentiable, or to squash this warning and use the previous behavior, please register torch::CppFunction::makeFallthrough() to DispatchKey::Autograd. (Triggered internally at /opt/pytorch/pytorch/torch/csrc/autograd/autograd_not_implemented_fallback.cpp:76.)
  return Variable._execution_engine.run_backward(  # Calls into the C++ engine to run the backward pass
/usr/local/lib/python3.12/dist-packages/torch/autograd/graph.py:882: UserWarning: fbgemm::dense_embedding_codegen_lookup_function: an autograd kernel was not registered to the Autograd key(s) but we are trying to backprop through it. This may lead to silently incorrect behavior. This behavior is deprecated and will be removed in a future version of PyTorch. If your operator is differentiable, please ensure you have registered an autograd kernel to the correct Autograd key (e.g. DispatchKey::Autograd, DispatchKey::CompositeImplicitAutograd). If your operator is not differentiable, or to squash this warning and use the previous behavior, please register torch::CppFunction::makeFallthrough() to DispatchKey::Autograd. (Triggered internally at /opt/pytorch/pytorch/torch/csrc/autograd/autograd_not_implemented_fallback.cpp:76.)
  return Variable._execution_engine.run_backward(  # Calls into the C++ engine to run the backward pass
/usr/local/lib/python3.12/dist-packages/torch/autograd/graph.py:882: UserWarning: fbgemm::dense_embedding_codegen_lookup_function: an autograd kernel was not registered to the Autograd key(s) but we are trying to backprop through it. This may lead to silently incorrect behavior. This behavior is deprecated and will be removed in a future version of PyTorch. If your operator is differentiable, please ensure you have registered an autograd kernel to the correct Autograd key (e.g. DispatchKey::Autograd, DispatchKey::CompositeImplicitAutograd). If your operator is not differentiable, or to squash this warning and use the previous behavior, please register torch::CppFunction::makeFallthrough() to DispatchKey::Autograd. (Triggered internally at /opt/pytorch/pytorch/torch/csrc/autograd/autograd_not_implemented_fallback.cpp:76.)
  return Variable._execution_engine.run_backward(  # Calls into the C++ engine to run the backward pass
/usr/local/lib/python3.12/dist-packages/torch/autograd/graph.py:882: UserWarning: fbgemm::dense_embedding_codegen_lookup_function: an autograd kernel was not registered to the Autograd key(s) but we are trying to backprop through it. This may lead to silently incorrect behavior. This behavior is deprecated and will be removed in a future version of PyTorch. If your operator is differentiable, please ensure you have registered an autograd kernel to the correct Autograd key (e.g. DispatchKey::Autograd, DispatchKey::CompositeImplicitAutograd). If your operator is not differentiable, or to squash this warning and use the previous behavior, please register torch::CppFunction::makeFallthrough() to DispatchKey::Autograd. (Triggered internally at /opt/pytorch/pytorch/torch/csrc/autograd/autograd_not_implemented_fallback.cpp:76.)
  return Variable._execution_engine.run_backward(  # Calls into the C++ engine to run the backward pass
/usr/local/lib/python3.12/dist-packages/torch/autograd/graph.py:882: UserWarning: fbgemm::dense_embedding_codegen_lookup_function: an autograd kernel was not registered to the Autograd key(s) but we are trying to backprop through it. This may lead to silently incorrect behavior. This behavior is deprecated and will be removed in a future version of PyTorch. If your operator is differentiable, please ensure you have registered an autograd kernel to the correct Autograd key (e.g. DispatchKey::Autograd, DispatchKey::CompositeImplicitAutograd). If your operator is not differentiable, or to squash this warning and use the previous behavior, please register torch::CppFunction::makeFallthrough() to DispatchKey::Autograd. (Triggered internally at /opt/pytorch/pytorch/torch/csrc/autograd/autograd_not_implemented_fallback.cpp:76.)
  return Variable._execution_engine.run_backward(  # Calls into the C++ engine to run the backward pass
/usr/local/lib/python3.12/dist-packages/torch/autograd/graph.py:882: UserWarning: fbgemm::dense_embedding_codegen_lookup_function: an autograd kernel was not registered to the Autograd key(s) but we are trying to backprop through it. This may lead to silently incorrect behavior. This behavior is deprecated and will be removed in a future version of PyTorch. If your operator is differentiable, please ensure you have registered an autograd kernel to the correct Autograd key (e.g. DispatchKey::Autograd, DispatchKey::CompositeImplicitAutograd). If your operator is not differentiable, or to squash this warning and use the previous behavior, please register torch::CppFunction::makeFallthrough() to DispatchKey::Autograd. (Triggered internally at /opt/pytorch/pytorch/torch/csrc/autograd/autograd_not_implemented_fallback.cpp:76.)
  return Variable._execution_engine.run_backward(  # Calls into the C++ engine to run the backward pass
[07/26/26 16:12:08] INFO     [train] [iter 219, tokens 62400, elapsed_time 129145.45 ms, achieved FLOPS 1083.43 TFLOPS, MFU 6.02%]: loss nan                                                                                                    
/usr/local/lib/python3.12/dist-packages/torch/autograd/graph.py:882: UserWarning: fbgemm::dense_embedding_codegen_lookup_function: an autograd kernel was not registered to the Autograd key(s) but we are trying to backprop through it. This may lead to silently incorrect behavior. This behavior is deprecated and will be removed in a future version of PyTorch. If your operator is differentiable, please ensure you have registered an autograd kernel to the correct Autograd key (e.g. DispatchKey::Autograd, DispatchKey::CompositeImplicitAutograd). If your operator is not differentiable, or to squash this warning and use the previous behavior, please register torch::CppFunction::makeFallthrough() to DispatchKey::Autograd. (Triggered internally at /opt/pytorch/pytorch/torch/csrc/autograd/autograd_not_implemented_fallback.cpp:76.)
  return Variable._execution_engine.run_backward(  # Calls into the C++ engine to run the backward pass
/usr/local/lib/python3.12/dist-packages/torch/autograd/graph.py:882: UserWarning: fbgemm::dense_embedding_codegen_lookup_function: an autograd kernel was not registered to the Autograd key(s) but we are trying to backprop through it. This may lead to silently incorrect behavior. This behavior is deprecated and will be removed in a future version of PyTorch. If your operator is differentiable, please ensure you have registered an autograd kernel to the correct Autograd key (e.g. DispatchKey::Autograd, DispatchKey::CompositeImplicitAutograd). If your operator is not differentiable, or to squash this warning and use the previous behavior, please register torch::CppFunction::makeFallthrough() to DispatchKey::Autograd. (Triggered internally at /opt/pytorch/pytorch/torch/csrc/autograd/autograd_not_implemented_fallback.cpp:76.)
  return Variable._execution_engine.run_backward(  # Calls into the C++ engine to run the backward pass
/usr/local/lib/python3.12/dist-packages/torch/autograd/graph.py:882: UserWarning: fbgemm::dense_embedding_codegen_lookup_function: an autograd kernel was not registered to the Autograd key(s) but we are trying to backprop through it. This may lead to silently incorrect behavior. This behavior is deprecated and will be removed in a future version of PyTorch. If your operator is differentiable, please ensure you have registered an autograd kernel to the correct Autograd key (e.g. DispatchKey::Autograd, DispatchKey::CompositeImplicitAutograd). If your operator is not differentiable, or to squash this warning and use the previous behavior, please register torch::CppFunction::makeFallthrough() to DispatchKey::Autograd. (Triggered internally at /opt/pytorch/pytorch/torch/csrc/autograd/autograd_not_implemented_fallback.cpp:76.)
  return Variable._execution_engine.run_backward(  # Calls into the C++ engine to run the backward pass
/usr/local/lib/python3.12/dist-packages/torch/autograd/graph.py:882: UserWarning: fbgemm::dense_embedding_codegen_lookup_function: an autograd kernel was not registered to the Autograd key(s) but we are trying to backprop through it. This may lead to silently incorrect behavior. This behavior is deprecated and will be removed in a future version of PyTorch. If your operator is differentiable, please ensure you have registered an autograd kernel to the correct Autograd key (e.g. DispatchKey::Autograd, DispatchKey::CompositeImplicitAutograd). If your operator is not differentiable, or to squash this warning and use the previous behavior, please register torch::CppFunction::makeFallthrough() to DispatchKey::Autograd. (Triggered internally at /opt/pytorch/pytorch/torch/csrc/autograd/autograd_not_implemented_fallback.cpp:76.)
  return Variable._execution_engine.run_backward(  # Calls into the C++ engine to run the backward pass
/usr/local/lib/python3.12/dist-packages/torch/autograd/graph.py:882: UserWarning: fbgemm::dense_embedding_codegen_lookup_function: an autograd kernel was not registered to the Autograd key(s) but we are trying to backprop through it. This may lead to silently incorrect behavior. This behavior is deprecated and will be removed in a future version of PyTorch. If your operator is differentiable, please ensure you have registered an autograd kernel to the correct Autograd key (e.g. DispatchKey::Autograd, DispatchKey::CompositeImplicitAutograd). If your operator is not differentiable, or to squash this warning and use the previous behavior, please register torch::CppFunction::makeFallthrough() to DispatchKey::Autograd. (Triggered internally at /opt/pytorch/pytorch/torch/csrc/autograd/autograd_not_implemented_fallback.cpp:76.)
  return Variable._execution_engine.run_backward(  # Calls into the C++ engine to run the backward pass
/usr/local/lib/python3.12/dist-packages/torch/autograd/graph.py:882: UserWarning: fbgemm::dense_embedding_codegen_lookup_function: an autograd kernel was not registered to the Autograd key(s) but we are trying to backprop through it. This may lead to silently incorrect behavior. This behavior is deprecated and will be removed in a future version of PyTorch. If your operator is differentiable, please ensure you have registered an autograd kernel to the correct Autograd key (e.g. DispatchKey::Autograd, DispatchKey::CompositeImplicitAutograd). If your operator is not differentiable, or to squash this warning and use the previous behavior, please register torch::CppFunction::makeFallthrough() to DispatchKey::Autograd. (Triggered internally at /opt/pytorch/pytorch/torch/csrc/autograd/autograd_not_implemented_fallback.cpp:76.)
  return Variable._execution_engine.run_backward(  # Calls into the C++ engine to run the backward pass
/usr/local/lib/python3.12/dist-packages/torch/autograd/graph.py:882: UserWarning: fbgemm::dense_embedding_codegen_lookup_function: an autograd kernel was not registered to the Autograd key(s) but we are trying to backprop through it. This may lead to silently incorrect behavior. This behavior is deprecated and will be removed in a future version of PyTorch. If your operator is differentiable, please ensure you have registered an autograd kernel to the correct Autograd key (e.g. DispatchKey::Autograd, DispatchKey::CompositeImplicitAutograd). If your operator is not differentiable, or to squash this warning and use the previous behavior, please register torch::CppFunction::makeFallthrough() to DispatchKey::Autograd. (Triggered internally at /opt/pytorch/pytorch/torch/csrc/autograd/autograd_not_implemented_fallback.cpp:76.)
  return Variable._execution_engine.run_backward(  # Calls into the C++ engine to run the backward pass
/usr/local/lib/python3.12/dist-packages/torch/autograd/graph.py:882: UserWarning: fbgemm::dense_embedding_codegen_lookup_function: an autograd kernel was not registered to the Autograd key(s) but we are trying to backprop through it. This may lead to silently incorrect behavior. This behavior is deprecated and will be removed in a future version of PyTorch. If your operator is differentiable, please ensure you have registered an autograd kernel to the correct Autograd key (e.g. DispatchKey::Autograd, DispatchKey::CompositeImplicitAutograd). If your operator is not differentiable, or to squash this warning and use the previous behavior, please register torch::CppFunction::makeFallthrough() to DispatchKey::Autograd. (Triggered internally at /opt/pytorch/pytorch/torch/csrc/autograd/autograd_not_implemented_fallback.cpp:76.)
  return Variable._execution_engine.run_backward(  # Calls into the C++ engine to run the backward pass
[07/26/26 16:14:24] INFO     [train] [iter 239, tokens 64000, elapsed_time 134033.55 ms, achieved FLOPS 1070.21 TFLOPS, MFU 5.95%]: loss nan                                                                                                    
/usr/local/lib/python3.12/dist-packages/torch/autograd/graph.py:882: UserWarning: fbgemm::dense_embedding_codegen_lookup_function: an autograd kernel was not registered to the Autograd key(s) but we are trying to backprop through it. This may lead to silently incorrect behavior. This behavior is deprecated and will be removed in a future version of PyTorch. If your operator is differentiable, please ensure you have registered an autograd kernel to the correct Autograd key (e.g. DispatchKey::Autograd, DispatchKey::CompositeImplicitAutograd). If your operator is not differentiable, or to squash this warning and use the previous behavior, please register torch::CppFunction::makeFallthrough() to DispatchKey::Autograd. (Triggered internally at /opt/pytorch/pytorch/torch/csrc/autograd/autograd_not_implemented_fallback.cpp:76.)
  return Variable._execution_engine.run_backward(  # Calls into the C++ engine to run the backward pass
/usr/local/lib/python3.12/dist-packages/torch/autograd/graph.py:882: UserWarning: fbgemm::dense_embedding_codegen_lookup_function: an autograd kernel was not registered to the Autograd key(s) but we are trying to backprop through it. This may lead to silently incorrect behavior. This behavior is deprecated and will be removed in a future version of PyTorch. If your operator is differentiable, please ensure you have registered an autograd kernel to the correct Autograd key (e.g. DispatchKey::Autograd, DispatchKey::CompositeImplicitAutograd). If your operator is not differentiable, or to squash this warning and use the previous behavior, please register torch::CppFunction::makeFallthrough() to DispatchKey::Autograd. (Triggered internally at /opt/pytorch/pytorch/torch/csrc/autograd/autograd_not_implemented_fallback.cpp:76.)
  return Variable._execution_engine.run_backward(  # Calls into the C++ engine to run the backward pass
/usr/local/lib/python3.12/dist-packages/torch/autograd/graph.py:882: UserWarning: fbgemm::dense_embedding_codegen_lookup_function: an autograd kernel was not registered to the Autograd key(s) but we are trying to backprop through it. This may lead to silently incorrect behavior. This behavior is deprecated and will be removed in a future version of PyTorch. If your operator is differentiable, please ensure you have registered an autograd kernel to the correct Autograd key (e.g. DispatchKey::Autograd, DispatchKey::CompositeImplicitAutograd). If your operator is not differentiable, or to squash this warning and use the previous behavior, please register torch::CppFunction::makeFallthrough() to DispatchKey::Autograd. (Triggered internally at /opt/pytorch/pytorch/torch/csrc/autograd/autograd_not_implemented_fallback.cpp:76.)
  return Variable._execution_engine.run_backward(  # Calls into the C++ engine to run the backward pass
/usr/local/lib/python3.12/dist-packages/torch/autograd/graph.py:882: UserWarning: fbgemm::dense_embedding_codegen_lookup_function: an autograd kernel was not registered to the Autograd key(s) but we are trying to backprop through it. This may lead to silently incorrect behavior. This behavior is deprecated and will be removed in a future version of PyTorch. If your operator is differentiable, please ensure you have registered an autograd kernel to the correct Autograd key (e.g. DispatchKey::Autograd, DispatchKey::CompositeImplicitAutograd). If your operator is not differentiable, or to squash this warning and use the previous behavior, please register torch::CppFunction::makeFallthrough() to DispatchKey::Autograd. (Triggered internally at /opt/pytorch/pytorch/torch/csrc/autograd/autograd_not_implemented_fallback.cpp:76.)
  return Variable._execution_engine.run_backward(  # Calls into the C++ engine to run the backward pass
/usr/local/lib/python3.12/dist-packages/torch/autograd/graph.py:882: UserWarning: fbgemm::dense_embedding_codegen_lookup_function: an autograd kernel was not registered to the Autograd key(s) but we are trying to backprop through it. This may lead to silently incorrect behavior. This behavior is deprecated and will be removed in a future version of PyTorch. If your operator is differentiable, please ensure you have registered an autograd kernel to the correct Autograd key (e.g. DispatchKey::Autograd, DispatchKey::CompositeImplicitAutograd). If your operator is not differentiable, or to squash this warning and use the previous behavior, please register torch::CppFunction::makeFallthrough() to DispatchKey::Autograd. (Triggered internally at /opt/pytorch/pytorch/torch/csrc/autograd/autograd_not_implemented_fallback.cpp:76.)
  return Variable._execution_engine.run_backward(  # Calls into the C++ engine to run the backward pass
/usr/local/lib/python3.12/dist-packages/torch/autograd/graph.py:882: UserWarning: fbgemm::dense_embedding_codegen_lookup_function: an autograd kernel was not registered to the Autograd key(s) but we are trying to backprop through it. This may lead to silently incorrect behavior. This behavior is deprecated and will be removed in a future version of PyTorch. If your operator is differentiable, please ensure you have registered an autograd kernel to the correct Autograd key (e.g. DispatchKey::Autograd, DispatchKey::CompositeImplicitAutograd). If your operator is not differentiable, or to squash this warning and use the previous behavior, please register torch::CppFunction::makeFallthrough() to DispatchKey::Autograd. (Triggered internally at /opt/pytorch/pytorch/torch/csrc/autograd/autograd_not_implemented_fallback.cpp:76.)
  return Variable._execution_engine.run_backward(  # Calls into the C++ engine to run the backward pass
/usr/local/lib/python3.12/dist-packages/torch/autograd/graph.py:882: UserWarning: fbgemm::dense_embedding_codegen_lookup_function: an autograd kernel was not registered to the Autograd key(s) but we are trying to backprop through it. This may lead to silently incorrect behavior. This behavior is deprecated and will be removed in a future version of PyTorch. If your operator is differentiable, please ensure you have registered an autograd kernel to the correct Autograd key (e.g. DispatchKey::Autograd, DispatchKey::CompositeImplicitAutograd). If your operator is not differentiable, or to squash this warning and use the previous behavior, please register torch::CppFunction::makeFallthrough() to DispatchKey::Autograd. (Triggered internally at /opt/pytorch/pytorch/torch/csrc/autograd/autograd_not_implemented_fallback.cpp:76.)
  return Variable._execution_engine.run_backward(  # Calls into the C++ engine to run the backward pass
/usr/local/lib/python3.12/dist-packages/torch/autograd/graph.py:882: UserWarning: fbgemm::dense_embedding_codegen_lookup_function: an autograd kernel was not registered to the Autograd key(s) but we are trying to backprop through it. This may lead to silently incorrect behavior. This behavior is deprecated and will be removed in a future version of PyTorch. If your operator is differentiable, please ensure you have registered an autograd kernel to the correct Autograd key (e.g. DispatchKey::Autograd, DispatchKey::CompositeImplicitAutograd). If your operator is not differentiable, or to squash this warning and use the previous behavior, please register torch::CppFunction::makeFallthrough() to DispatchKey::Autograd. (Triggered internally at /opt/pytorch/pytorch/torch/csrc/autograd/autograd_not_implemented_fallback.cpp:76.)
  return Variable._execution_engine.run_backward(  # Calls into the C++ engine to run the backward pass
[07/26/26 16:16:34] INFO     [train] [iter 259, tokens 62400, elapsed_time 127761.78 ms, achieved FLOPS 1094.23 TFLOPS, MFU 6.08%]: loss nan                                                                                                    
/usr/local/lib/python3.12/dist-packages/torch/autograd/graph.py:882: UserWarning: fbgemm::dense_embedding_codegen_lookup_function: an autograd kernel was not registered to the Autograd key(s) but we are trying to backprop through it. This may lead to silently incorrect behavior. This behavior is deprecated and will be removed in a future version of PyTorch. If your operator is differentiable, please ensure you have registered an autograd kernel to the correct Autograd key (e.g. DispatchKey::Autograd, DispatchKey::CompositeImplicitAutograd). If your operator is not differentiable, or to squash this warning and use the previous behavior, please register torch::CppFunction::makeFallthrough() to DispatchKey::Autograd. (Triggered internally at /opt/pytorch/pytorch/torch/csrc/autograd/autograd_not_implemented_fallback.cpp:76.)
  return Variable._execution_engine.run_backward(  # Calls into the C++ engine to run the backward pass
/usr/local/lib/python3.12/dist-packages/torch/autograd/graph.py:882: UserWarning: fbgemm::dense_embedding_codegen_lookup_function: an autograd kernel was not registered to the Autograd key(s) but we are trying to backprop through it. This may lead to silently incorrect behavior. This behavior is deprecated and will be removed in a future version of PyTorch. If your operator is differentiable, please ensure you have registered an autograd kernel to the correct Autograd key (e.g. DispatchKey::Autograd, DispatchKey::CompositeImplicitAutograd). If your operator is not differentiable, or to squash this warning and use the previous behavior, please register torch::CppFunction::makeFallthrough() to DispatchKey::Autograd. (Triggered internally at /opt/pytorch/pytorch/torch/csrc/autograd/autograd_not_implemented_fallback.cpp:76.)
  return Variable._execution_engine.run_backward(  # Calls into the C++ engine to run the backward pass
/usr/local/lib/python3.12/dist-packages/torch/autograd/graph.py:882: UserWarning: fbgemm::dense_embedding_codegen_lookup_function: an autograd kernel was not registered to the Autograd key(s) but we are trying to backprop through it. This may lead to silently incorrect behavior. This behavior is deprecated and will be removed in a future version of PyTorch. If your operator is differentiable, please ensure you have registered an autograd kernel to the correct Autograd key (e.g. DispatchKey::Autograd, DispatchKey::CompositeImplicitAutograd). If your operator is not differentiable, or to squash this warning and use the previous behavior, please register torch::CppFunction::makeFallthrough() to DispatchKey::Autograd. (Triggered internally at /opt/pytorch/pytorch/torch/csrc/autograd/autograd_not_implemented_fallback.cpp:76.)
  return Variable._execution_engine.run_backward(  # Calls into the C++ engine to run the backward pass
/usr/local/lib/python3.12/dist-packages/torch/autograd/graph.py:882: UserWarning: fbgemm::dense_embedding_codegen_lookup_function: an autograd kernel was not registered to the Autograd key(s) but we are trying to backprop through it. This may lead to silently incorrect behavior. This behavior is deprecated and will be removed in a future version of PyTorch. If your operator is differentiable, please ensure you have registered an autograd kernel to the correct Autograd key (e.g. DispatchKey::Autograd, DispatchKey::CompositeImplicitAutograd). If your operator is not differentiable, or to squash this warning and use the previous behavior, please register torch::CppFunction::makeFallthrough() to DispatchKey::Autograd. (Triggered internally at /opt/pytorch/pytorch/torch/csrc/autograd/autograd_not_implemented_fallback.cpp:76.)
  return Variable._execution_engine.run_backward(  # Calls into the C++ engine to run the backward pass
/usr/local/lib/python3.12/dist-packages/torch/autograd/graph.py:882: UserWarning: fbgemm::dense_embedding_codegen_lookup_function: an autograd kernel was not registered to the Autograd key(s) but we are trying to backprop through it. This may lead to silently incorrect behavior. This behavior is deprecated and will be removed in a future version of PyTorch. If your operator is differentiable, please ensure you have registered an autograd kernel to the correct Autograd key (e.g. DispatchKey::Autograd, DispatchKey::CompositeImplicitAutograd). If your operator is not differentiable, or to squash this warning and use the previous behavior, please register torch::CppFunction::makeFallthrough() to DispatchKey::Autograd. (Triggered internally at /opt/pytorch/pytorch/torch/csrc/autograd/autograd_not_implemented_fallback.cpp:76.)
  return Variable._execution_engine.run_backward(  # Calls into the C++ engine to run the backward pass
/usr/local/lib/python3.12/dist-packages/torch/autograd/graph.py:882: UserWarning: fbgemm::dense_embedding_codegen_lookup_function: an autograd kernel was not registered to the Autograd key(s) but we are trying to backprop through it. This may lead to silently incorrect behavior. This behavior is deprecated and will be removed in a future version of PyTorch. If your operator is differentiable, please ensure you have registered an autograd kernel to the correct Autograd key (e.g. DispatchKey::Autograd, DispatchKey::CompositeImplicitAutograd). If your operator is not differentiable, or to squash this warning and use the previous behavior, please register torch::CppFunction::makeFallthrough() to DispatchKey::Autograd. (Triggered internally at /opt/pytorch/pytorch/torch/csrc/autograd/autograd_not_implemented_fallback.cpp:76.)
  return Variable._execution_engine.run_backward(  # Calls into the C++ engine to run the backward pass
/usr/local/lib/python3.12/dist-packages/torch/autograd/graph.py:882: UserWarning: fbgemm::dense_embedding_codegen_lookup_function: an autograd kernel was not registered to the Autograd key(s) but we are trying to backprop through it. This may lead to silently incorrect behavior. This behavior is deprecated and will be removed in a future version of PyTorch. If your operator is differentiable, please ensure you have registered an autograd kernel to the correct Autograd key (e.g. DispatchKey::Autograd, DispatchKey::CompositeImplicitAutograd). If your operator is not differentiable, or to squash this warning and use the previous behavior, please register torch::CppFunction::makeFallthrough() to DispatchKey::Autograd. (Triggered internally at /opt/pytorch/pytorch/torch/csrc/autograd/autograd_not_implemented_fallback.cpp:76.)
  return Variable._execution_engine.run_backward(  # Calls into the C++ engine to run the backward pass
/usr/local/lib/python3.12/dist-packages/torch/autograd/graph.py:882: UserWarning: fbgemm::dense_embedding_codegen_lookup_function: an autograd kernel was not registered to the Autograd key(s) but we are trying to backprop through it. This may lead to silently incorrect behavior. This behavior is deprecated and will be removed in a future version of PyTorch. If your operator is differentiable, please ensure you have registered an autograd kernel to the correct Autograd key (e.g. DispatchKey::Autograd, DispatchKey::CompositeImplicitAutograd). If your operator is not differentiable, or to squash this warning and use the previous behavior, please register torch::CppFunction::makeFallthrough() to DispatchKey::Autograd. (Triggered internally at /opt/pytorch/pytorch/torch/csrc/autograd/autograd_not_implemented_fallback.cpp:76.)
  return Variable._execution_engine.run_backward(  # Calls into the C++ engine to run the backward pass
[07/26/26 16:18:42] INFO     [train] [iter 279, tokens 62400, elapsed_time 125801.50 ms, achieved FLOPS 1110.12 TFLOPS, MFU 6.17%]: loss nan                                                                                                    
/usr/local/lib/python3.12/dist-packages/torch/autograd/graph.py:882: UserWarning: fbgemm::dense_embedding_codegen_lookup_function: an autograd kernel was not registered to the Autograd key(s) but we are trying to backprop through it. This may lead to silently incorrect behavior. This behavior is deprecated and will be removed in a future version of PyTorch. If your operator is differentiable, please ensure you have registered an autograd kernel to the correct Autograd key (e.g. DispatchKey::Autograd, DispatchKey::CompositeImplicitAutograd). If your operator is not differentiable, or to squash this warning and use the previous behavior, please register torch::CppFunction::makeFallthrough() to DispatchKey::Autograd. (Triggered internally at /opt/pytorch/pytorch/torch/csrc/autograd/autograd_not_implemented_fallback.cpp:76.)
  return Variable._execution_engine.run_backward(  # Calls into the C++ engine to run the backward pass
/usr/local/lib/python3.12/dist-packages/torch/autograd/graph.py:882: UserWarning: fbgemm::dense_embedding_codegen_lookup_function: an autograd kernel was not registered to the Autograd key(s) but we are trying to backprop through it. This may lead to silently incorrect behavior. This behavior is deprecated and will be removed in a future version of PyTorch. If your operator is differentiable, please ensure you have registered an autograd kernel to the correct Autograd key (e.g. DispatchKey::Autograd, DispatchKey::CompositeImplicitAutograd). If your operator is not differentiable, or to squash this warning and use the previous behavior, please register torch::CppFunction::makeFallthrough() to DispatchKey::Autograd. (Triggered internally at /opt/pytorch/pytorch/torch/csrc/autograd/autograd_not_implemented_fallback.cpp:76.)
  return Variable._execution_engine.run_backward(  # Calls into the C++ engine to run the backward pass
/usr/local/lib/python3.12/dist-packages/torch/autograd/graph.py:882: UserWarning: fbgemm::dense_embedding_codegen_lookup_function: an autograd kernel was not registered to the Autograd key(s) but we are trying to backprop through it. This may lead to silently incorrect behavior. This behavior is deprecated and will be removed in a future version of PyTorch. If your operator is differentiable, please ensure you have registered an autograd kernel to the correct Autograd key (e.g. DispatchKey::Autograd, DispatchKey::CompositeImplicitAutograd). If your operator is not differentiable, or to squash this warning and use the previous behavior, please register torch::CppFunction::makeFallthrough() to DispatchKey::Autograd. (Triggered internally at /opt/pytorch/pytorch/torch/csrc/autograd/autograd_not_implemented_fallback.cpp:76.)
  return Variable._execution_engine.run_backward(  # Calls into the C++ engine to run the backward pass
/usr/local/lib/python3.12/dist-packages/torch/autograd/graph.py:882: UserWarning: fbgemm::dense_embedding_codegen_lookup_function: an autograd kernel was not registered to the Autograd key(s) but we are trying to backprop through it. This may lead to silently incorrect behavior. This behavior is deprecated and will be removed in a future version of PyTorch. If your operator is differentiable, please ensure you have registered an autograd kernel to the correct Autograd key (e.g. DispatchKey::Autograd, DispatchKey::CompositeImplicitAutograd). If your operator is not differentiable, or to squash this warning and use the previous behavior, please register torch::CppFunction::makeFallthrough() to DispatchKey::Autograd. (Triggered internally at /opt/pytorch/pytorch/torch/csrc/autograd/autograd_not_implemented_fallback.cpp:76.)
  return Variable._execution_engine.run_backward(  # Calls into the C++ engine to run the backward pass
/usr/local/lib/python3.12/dist-packages/torch/autograd/graph.py:882: UserWarning: fbgemm::dense_embedding_codegen_lookup_function: an autograd kernel was not registered to the Autograd key(s) but we are trying to backprop through it. This may lead to silently incorrect behavior. This behavior is deprecated and will be removed in a future version of PyTorch. If your operator is differentiable, please ensure you have registered an autograd kernel to the correct Autograd key (e.g. DispatchKey::Autograd, DispatchKey::CompositeImplicitAutograd). If your operator is not differentiable, or to squash this warning and use the previous behavior, please register torch::CppFunction::makeFallthrough() to DispatchKey::Autograd. (Triggered internally at /opt/pytorch/pytorch/torch/csrc/autograd/autograd_not_implemented_fallback.cpp:76.)
  return Variable._execution_engine.run_backward(  # Calls into the C++ engine to run the backward pass
/usr/local/lib/python3.12/dist-packages/torch/autograd/graph.py:882: UserWarning: fbgemm::dense_embedding_codegen_lookup_function: an autograd kernel was not registered to the Autograd key(s) but we are trying to backprop through it. This may lead to silently incorrect behavior. This behavior is deprecated and will be removed in a future version of PyTorch. If your operator is differentiable, please ensure you have registered an autograd kernel to the correct Autograd key (e.g. DispatchKey::Autograd, DispatchKey::CompositeImplicitAutograd). If your operator is not differentiable, or to squash this warning and use the previous behavior, please register torch::CppFunction::makeFallthrough() to DispatchKey::Autograd. (Triggered internally at /opt/pytorch/pytorch/torch/csrc/autograd/autograd_not_implemented_fallback.cpp:76.)
  return Variable._execution_engine.run_backward(  # Calls into the C++ engine to run the backward pass
/usr/local/lib/python3.12/dist-packages/torch/autograd/graph.py:882: UserWarning: fbgemm::dense_embedding_codegen_lookup_function: an autograd kernel was not registered to the Autograd key(s) but we are trying to backprop through it. This may lead to silently incorrect behavior. This behavior is deprecated and will be removed in a future version of PyTorch. If your operator is differentiable, please ensure you have registered an autograd kernel to the correct Autograd key (e.g. DispatchKey::Autograd, DispatchKey::CompositeImplicitAutograd). If your operator is not differentiable, or to squash this warning and use the previous behavior, please register torch::CppFunction::makeFallthrough() to DispatchKey::Autograd. (Triggered internally at /opt/pytorch/pytorch/torch/csrc/autograd/autograd_not_implemented_fallback.cpp:76.)
  return Variable._execution_engine.run_backward(  # Calls into the C++ engine to run the backward pass
/usr/local/lib/python3.12/dist-packages/torch/autograd/graph.py:882: UserWarning: fbgemm::dense_embedding_codegen_lookup_function: an autograd kernel was not registered to the Autograd key(s) but we are trying to backprop through it. This may lead to silently incorrect behavior. This behavior is deprecated and will be removed in a future version of PyTorch. If your operator is differentiable, please ensure you have registered an autograd kernel to the correct Autograd key (e.g. DispatchKey::Autograd, DispatchKey::CompositeImplicitAutograd). If your operator is not differentiable, or to squash this warning and use the previous behavior, please register torch::CppFunction::makeFallthrough() to DispatchKey::Autograd. (Triggered internally at /opt/pytorch/pytorch/torch/csrc/autograd/autograd_not_implemented_fallback.cpp:76.)
  return Variable._execution_engine.run_backward(  # Calls into the C++ engine to run the backward pass
[07/26/26 16:20:51] INFO     [train] [iter 299, tokens 62400, elapsed_time 127741.15 ms, achieved FLOPS 1099.44 TFLOPS, MFU 6.11%]: loss nan                                                                                                    
/usr/local/lib/python3.12/dist-packages/torch/autograd/graph.py:882: UserWarning: fbgemm::dense_embedding_codegen_lookup_function: an autograd kernel was not registered to the Autograd key(s) but we are trying to backprop through it. This may lead to silently incorrect behavior. This behavior is deprecated and will be removed in a future version of PyTorch. If your operator is differentiable, please ensure you have registered an autograd kernel to the correct Autograd key (e.g. DispatchKey::Autograd, DispatchKey::CompositeImplicitAutograd). If your operator is not differentiable, or to squash this warning and use the previous behavior, please register torch::CppFunction::makeFallthrough() to DispatchKey::Autograd. (Triggered internally at /opt/pytorch/pytorch/torch/csrc/autograd/autograd_not_implemented_fallback.cpp:76.)
  return Variable._execution_engine.run_backward(  # Calls into the C++ engine to run the backward pass
/usr/local/lib/python3.12/dist-packages/torch/autograd/graph.py:882: UserWarning: fbgemm::dense_embedding_codegen_lookup_function: an autograd kernel was not registered to the Autograd key(s) but we are trying to backprop through it. This may lead to silently incorrect behavior. This behavior is deprecated and will be removed in a future version of PyTorch. If your operator is differentiable, please ensure you have registered an autograd kernel to the correct Autograd key (e.g. DispatchKey::Autograd, DispatchKey::CompositeImplicitAutograd). If your operator is not differentiable, or to squash this warning and use the previous behavior, please register torch::CppFunction::makeFallthrough() to DispatchKey::Autograd. (Triggered internally at /opt/pytorch/pytorch/torch/csrc/autograd/autograd_not_implemented_fallback.cpp:76.)
  return Variable._execution_engine.run_backward(  # Calls into the C++ engine to run the backward pass
/usr/local/lib/python3.12/dist-packages/torch/autograd/graph.py:882: UserWarning: fbgemm::dense_embedding_codegen_lookup_function: an autograd kernel was not registered to the Autograd key(s) but we are trying to backprop through it. This may lead to silently incorrect behavior. This behavior is deprecated and will be removed in a future version of PyTorch. If your operator is differentiable, please ensure you have registered an autograd kernel to the correct Autograd key (e.g. DispatchKey::Autograd, DispatchKey::CompositeImplicitAutograd). If your operator is not differentiable, or to squash this warning and use the previous behavior, please register torch::CppFunction::makeFallthrough() to DispatchKey::Autograd. (Triggered internally at /opt/pytorch/pytorch/torch/csrc/autograd/autograd_not_implemented_fallback.cpp:76.)
  return Variable._execution_engine.run_backward(  # Calls into the C++ engine to run the backward pass
/usr/local/lib/python3.12/dist-packages/torch/autograd/graph.py:882: UserWarning: fbgemm::dense_embedding_codegen_lookup_function: an autograd kernel was not registered to the Autograd key(s) but we are trying to backprop through it. This may lead to silently incorrect behavior. This behavior is deprecated and will be removed in a future version of PyTorch. If your operator is differentiable, please ensure you have registered an autograd kernel to the correct Autograd key (e.g. DispatchKey::Autograd, DispatchKey::CompositeImplicitAutograd). If your operator is not differentiable, or to squash this warning and use the previous behavior, please register torch::CppFunction::makeFallthrough() to DispatchKey::Autograd. (Triggered internally at /opt/pytorch/pytorch/torch/csrc/autograd/autograd_not_implemented_fallback.cpp:76.)
  return Variable._execution_engine.run_backward(  # Calls into the C++ engine to run the backward pass
/usr/local/lib/python3.12/dist-packages/torch/autograd/graph.py:882: UserWarning: fbgemm::dense_embedding_codegen_lookup_function: an autograd kernel was not registered to the Autograd key(s) but we are trying to backprop through it. This may lead to silently incorrect behavior. This behavior is deprecated and will be removed in a future version of PyTorch. If your operator is differentiable, please ensure you have registered an autograd kernel to the correct Autograd key (e.g. DispatchKey::Autograd, DispatchKey::CompositeImplicitAutograd). If your operator is not differentiable, or to squash this warning and use the previous behavior, please register torch::CppFunction::makeFallthrough() to DispatchKey::Autograd. (Triggered internally at /opt/pytorch/pytorch/torch/csrc/autograd/autograd_not_implemented_fallback.cpp:76.)
  return Variable._execution_engine.run_backward(  # Calls into the C++ engine to run the backward pass
/usr/local/lib/python3.12/dist-packages/torch/autograd/graph.py:882: UserWarning: fbgemm::dense_embedding_codegen_lookup_function: an autograd kernel was not registered to the Autograd key(s) but we are trying to backprop through it. This may lead to silently incorrect behavior. This behavior is deprecated and will be removed in a future version of PyTorch. If your operator is differentiable, please ensure you have registered an autograd kernel to the correct Autograd key (e.g. DispatchKey::Autograd, DispatchKey::CompositeImplicitAutograd). If your operator is not differentiable, or to squash this warning and use the previous behavior, please register torch::CppFunction::makeFallthrough() to DispatchKey::Autograd. (Triggered internally at /opt/pytorch/pytorch/torch/csrc/autograd/autograd_not_implemented_fallback.cpp:76.)
  return Variable._execution_engine.run_backward(  # Calls into the C++ engine to run the backward pass
/usr/local/lib/python3.12/dist-packages/torch/autograd/graph.py:882: UserWarning: fbgemm::dense_embedding_codegen_lookup_function: an autograd kernel was not registered to the Autograd key(s) but we are trying to backprop through it. This may lead to silently incorrect behavior. This behavior is deprecated and will be removed in a future version of PyTorch. If your operator is differentiable, please ensure you have registered an autograd kernel to the correct Autograd key (e.g. DispatchKey::Autograd, DispatchKey::CompositeImplicitAutograd). If your operator is not differentiable, or to squash this warning and use the previous behavior, please register torch::CppFunction::makeFallthrough() to DispatchKey::Autograd. (Triggered internally at /opt/pytorch/pytorch/torch/csrc/autograd/autograd_not_implemented_fallback.cpp:76.)
  return Variable._execution_engine.run_backward(  # Calls into the C++ engine to run the backward pass
/usr/local/lib/python3.12/dist-packages/torch/autograd/graph.py:882: UserWarning: fbgemm::dense_embedding_codegen_lookup_function: an autograd kernel was not registered to the Autograd key(s) but we are trying to backprop through it. This may lead to silently incorrect behavior. This behavior is deprecated and will be removed in a future version of PyTorch. If your operator is differentiable, please ensure you have registered an autograd kernel to the correct Autograd key (e.g. DispatchKey::Autograd, DispatchKey::CompositeImplicitAutograd). If your operator is not differentiable, or to squash this warning and use the previous behavior, please register torch::CppFunction::makeFallthrough() to DispatchKey::Autograd. (Triggered internally at /opt/pytorch/pytorch/torch/csrc/autograd/autograd_not_implemented_fallback.cpp:76.)
  return Variable._execution_engine.run_backward(  # Calls into the C++ engine to run the backward pass
[07/26/26 16:23:02] INFO     [train] [iter 319, tokens 62400, elapsed_time 128843.15 ms, achieved FLOPS 1083.77 TFLOPS, MFU 6.02%]: loss nan                                                                                                    
/usr/local/lib/python3.12/dist-packages/torch/autograd/graph.py:882: UserWarning: fbgemm::dense_embedding_codegen_lookup_function: an autograd kernel was not registered to the Autograd key(s) but we are trying to backprop through it. This may lead to silently incorrect behavior. This behavior is deprecated and will be removed in a future version of PyTorch. If your operator is differentiable, please ensure you have registered an autograd kernel to the correct Autograd key (e.g. DispatchKey::Autograd, DispatchKey::CompositeImplicitAutograd). If your operator is not differentiable, or to squash this warning and use the previous behavior, please register torch::CppFunction::makeFallthrough() to DispatchKey::Autograd. (Triggered internally at /opt/pytorch/pytorch/torch/csrc/autograd/autograd_not_implemented_fallback.cpp:76.)
  return Variable._execution_engine.run_backward(  # Calls into the C++ engine to run the backward pass
/usr/local/lib/python3.12/dist-packages/torch/autograd/graph.py:882: UserWarning: fbgemm::dense_embedding_codegen_lookup_function: an autograd kernel was not registered to the Autograd key(s) but we are trying to backprop through it. This may lead to silently incorrect behavior. This behavior is deprecated and will be removed in a future version of PyTorch. If your operator is differentiable, please ensure you have registered an autograd kernel to the correct Autograd key (e.g. DispatchKey::Autograd, DispatchKey::CompositeImplicitAutograd). If your operator is not differentiable, or to squash this warning and use the previous behavior, please register torch::CppFunction::makeFallthrough() to DispatchKey::Autograd. (Triggered internally at /opt/pytorch/pytorch/torch/csrc/autograd/autograd_not_implemented_fallback.cpp:76.)
  return Variable._execution_engine.run_backward(  # Calls into the C++ engine to run the backward pass
/usr/local/lib/python3.12/dist-packages/torch/autograd/graph.py:882: UserWarning: fbgemm::dense_embedding_codegen_lookup_function: an autograd kernel was not registered to the Autograd key(s) but we are trying to backprop through it. This may lead to silently incorrect behavior. This behavior is deprecated and will be removed in a future version of PyTorch. If your operator is differentiable, please ensure you have registered an autograd kernel to the correct Autograd key (e.g. DispatchKey::Autograd, DispatchKey::CompositeImplicitAutograd). If your operator is not differentiable, or to squash this warning and use the previous behavior, please register torch::CppFunction::makeFallthrough() to DispatchKey::Autograd. (Triggered internally at /opt/pytorch/pytorch/torch/csrc/autograd/autograd_not_implemented_fallback.cpp:76.)
  return Variable._execution_engine.run_backward(  # Calls into the C++ engine to run the backward pass
/usr/local/lib/python3.12/dist-packages/torch/autograd/graph.py:882: UserWarning: fbgemm::dense_embedding_codegen_lookup_function: an autograd kernel was not registered to the Autograd key(s) but we are trying to backprop through it. This may lead to silently incorrect behavior. This behavior is deprecated and will be removed in a future version of PyTorch. If your operator is differentiable, please ensure you have registered an autograd kernel to the correct Autograd key (e.g. DispatchKey::Autograd, DispatchKey::CompositeImplicitAutograd). If your operator is not differentiable, or to squash this warning and use the previous behavior, please register torch::CppFunction::makeFallthrough() to DispatchKey::Autograd. (Triggered internally at /opt/pytorch/pytorch/torch/csrc/autograd/autograd_not_implemented_fallback.cpp:76.)
  return Variable._execution_engine.run_backward(  # Calls into the C++ engine to run the backward pass
/usr/local/lib/python3.12/dist-packages/torch/autograd/graph.py:882: UserWarning: fbgemm::dense_embedding_codegen_lookup_function: an autograd kernel was not registered to the Autograd key(s) but we are trying to backprop through it. This may lead to silently incorrect behavior. This behavior is deprecated and will be removed in a future version of PyTorch. If your operator is differentiable, please ensure you have registered an autograd kernel to the correct Autograd key (e.g. DispatchKey::Autograd, DispatchKey::CompositeImplicitAutograd). If your operator is not differentiable, or to squash this warning and use the previous behavior, please register torch::CppFunction::makeFallthrough() to DispatchKey::Autograd. (Triggered internally at /opt/pytorch/pytorch/torch/csrc/autograd/autograd_not_implemented_fallback.cpp:76.)
  return Variable._execution_engine.run_backward(  # Calls into the C++ engine to run the backward pass
/usr/local/lib/python3.12/dist-packages/torch/autograd/graph.py:882: UserWarning: fbgemm::dense_embedding_codegen_lookup_function: an autograd kernel was not registered to the Autograd key(s) but we are trying to backprop through it. This may lead to silently incorrect behavior. This behavior is deprecated and will be removed in a future version of PyTorch. If your operator is differentiable, please ensure you have registered an autograd kernel to the correct Autograd key (e.g. DispatchKey::Autograd, DispatchKey::CompositeImplicitAutograd). If your operator is not differentiable, or to squash this warning and use the previous behavior, please register torch::CppFunction::makeFallthrough() to DispatchKey::Autograd. (Triggered internally at /opt/pytorch/pytorch/torch/csrc/autograd/autograd_not_implemented_fallback.cpp:76.)
  return Variable._execution_engine.run_backward(  # Calls into the C++ engine to run the backward pass
/usr/local/lib/python3.12/dist-packages/torch/autograd/graph.py:882: UserWarning: fbgemm::dense_embedding_codegen_lookup_function: an autograd kernel was not registered to the Autograd key(s) but we are trying to backprop through it. This may lead to silently incorrect behavior. This behavior is deprecated and will be removed in a future version of PyTorch. If your operator is differentiable, please ensure you have registered an autograd kernel to the correct Autograd key (e.g. DispatchKey::Autograd, DispatchKey::CompositeImplicitAutograd). If your operator is not differentiable, or to squash this warning and use the previous behavior, please register torch::CppFunction::makeFallthrough() to DispatchKey::Autograd. (Triggered internally at /opt/pytorch/pytorch/torch/csrc/autograd/autograd_not_implemented_fallback.cpp:76.)
  return Variable._execution_engine.run_backward(  # Calls into the C++ engine to run the backward pass
/usr/local/lib/python3.12/dist-packages/torch/autograd/graph.py:882: UserWarning: fbgemm::dense_embedding_codegen_lookup_function: an autograd kernel was not registered to the Autograd key(s) but we are trying to backprop through it. This may lead to silently incorrect behavior. This behavior is deprecated and will be removed in a future version of PyTorch. If your operator is differentiable, please ensure you have registered an autograd kernel to the correct Autograd key (e.g. DispatchKey::Autograd, DispatchKey::CompositeImplicitAutograd). If your operator is not differentiable, or to squash this warning and use the previous behavior, please register torch::CppFunction::makeFallthrough() to DispatchKey::Autograd. (Triggered internally at /opt/pytorch/pytorch/torch/csrc/autograd/autograd_not_implemented_fallback.cpp:76.)
  return Variable._execution_engine.run_backward(  # Calls into the C++ engine to run the backward pass
[07/26/26 16:25:13] INFO     [train] [iter 339, tokens 62400, elapsed_time 128123.69 ms, achieved FLOPS 1087.35 TFLOPS, MFU 6.04%]: loss nan                                                                                                    
/usr/local/lib/python3.12/dist-packages/torch/autograd/graph.py:882: UserWarning: fbgemm::dense_embedding_codegen_lookup_function: an autograd kernel was not registered to the Autograd key(s) but we are trying to backprop through it. This may lead to silently incorrect behavior. This behavior is deprecated and will be removed in a future version of PyTorch. If your operator is differentiable, please ensure you have registered an autograd kernel to the correct Autograd key (e.g. DispatchKey::Autograd, DispatchKey::CompositeImplicitAutograd). If your operator is not differentiable, or to squash this warning and use the previous behavior, please register torch::CppFunction::makeFallthrough() to DispatchKey::Autograd. (Triggered internally at /opt/pytorch/pytorch/torch/csrc/autograd/autograd_not_implemented_fallback.cpp:76.)
  return Variable._execution_engine.run_backward(  # Calls into the C++ engine to run the backward pass
/usr/local/lib/python3.12/dist-packages/torch/autograd/graph.py:882: UserWarning: fbgemm::dense_embedding_codegen_lookup_function: an autograd kernel was not registered to the Autograd key(s) but we are trying to backprop through it. This may lead to silently incorrect behavior. This behavior is deprecated and will be removed in a future version of PyTorch. If your operator is differentiable, please ensure you have registered an autograd kernel to the correct Autograd key (e.g. DispatchKey::Autograd, DispatchKey::CompositeImplicitAutograd). If your operator is not differentiable, or to squash this warning and use the previous behavior, please register torch::CppFunction::makeFallthrough() to DispatchKey::Autograd. (Triggered internally at /opt/pytorch/pytorch/torch/csrc/autograd/autograd_not_implemented_fallback.cpp:76.)
  return Variable._execution_engine.run_backward(  # Calls into the C++ engine to run the backward pass
/usr/local/lib/python3.12/dist-packages/torch/autograd/graph.py:882: UserWarning: fbgemm::dense_embedding_codegen_lookup_function: an autograd kernel was not registered to the Autograd key(s) but we are trying to backprop through it. This may lead to silently incorrect behavior. This behavior is deprecated and will be removed in a future version of PyTorch. If your operator is differentiable, please ensure you have registered an autograd kernel to the correct Autograd key (e.g. DispatchKey::Autograd, DispatchKey::CompositeImplicitAutograd). If your operator is not differentiable, or to squash this warning and use the previous behavior, please register torch::CppFunction::makeFallthrough() to DispatchKey::Autograd. (Triggered internally at /opt/pytorch/pytorch/torch/csrc/autograd/autograd_not_implemented_fallback.cpp:76.)
  return Variable._execution_engine.run_backward(  # Calls into the C++ engine to run the backward pass
/usr/local/lib/python3.12/dist-packages/torch/autograd/graph.py:882: UserWarning: fbgemm::dense_embedding_codegen_lookup_function: an autograd kernel was not registered to the Autograd key(s) but we are trying to backprop through it. This may lead to silently incorrect behavior. This behavior is deprecated and will be removed in a future version of PyTorch. If your operator is differentiable, please ensure you have registered an autograd kernel to the correct Autograd key (e.g. DispatchKey::Autograd, DispatchKey::CompositeImplicitAutograd). If your operator is not differentiable, or to squash this warning and use the previous behavior, please register torch::CppFunction::makeFallthrough() to DispatchKey::Autograd. (Triggered internally at /opt/pytorch/pytorch/torch/csrc/autograd/autograd_not_implemented_fallback.cpp:76.)
  return Variable._execution_engine.run_backward(  # Calls into the C++ engine to run the backward pass
/usr/local/lib/python3.12/dist-packages/torch/autograd/graph.py:882: UserWarning: fbgemm::dense_embedding_codegen_lookup_function: an autograd kernel was not registered to the Autograd key(s) but we are trying to backprop through it. This may lead to silently incorrect behavior. This behavior is deprecated and will be removed in a future version of PyTorch. If your operator is differentiable, please ensure you have registered an autograd kernel to the correct Autograd key (e.g. DispatchKey::Autograd, DispatchKey::CompositeImplicitAutograd). If your operator is not differentiable, or to squash this warning and use the previous behavior, please register torch::CppFunction::makeFallthrough() to DispatchKey::Autograd. (Triggered internally at /opt/pytorch/pytorch/torch/csrc/autograd/autograd_not_implemented_fallback.cpp:76.)
  return Variable._execution_engine.run_backward(  # Calls into the C++ engine to run the backward pass
/usr/local/lib/python3.12/dist-packages/torch/autograd/graph.py:882: UserWarning: fbgemm::dense_embedding_codegen_lookup_function: an autograd kernel was not registered to the Autograd key(s) but we are trying to backprop through it. This may lead to silently incorrect behavior. This behavior is deprecated and will be removed in a future version of PyTorch. If your operator is differentiable, please ensure you have registered an autograd kernel to the correct Autograd key (e.g. DispatchKey::Autograd, DispatchKey::CompositeImplicitAutograd). If your operator is not differentiable, or to squash this warning and use the previous behavior, please register torch::CppFunction::makeFallthrough() to DispatchKey::Autograd. (Triggered internally at /opt/pytorch/pytorch/torch/csrc/autograd/autograd_not_implemented_fallback.cpp:76.)
  return Variable._execution_engine.run_backward(  # Calls into the C++ engine to run the backward pass
/usr/local/lib/python3.12/dist-packages/torch/autograd/graph.py:882: UserWarning: fbgemm::dense_embedding_codegen_lookup_function: an autograd kernel was not registered to the Autograd key(s) but we are trying to backprop through it. This may lead to silently incorrect behavior. This behavior is deprecated and will be removed in a future version of PyTorch. If your operator is differentiable, please ensure you have registered an autograd kernel to the correct Autograd key (e.g. DispatchKey::Autograd, DispatchKey::CompositeImplicitAutograd). If your operator is not differentiable, or to squash this warning and use the previous behavior, please register torch::CppFunction::makeFallthrough() to DispatchKey::Autograd. (Triggered internally at /opt/pytorch/pytorch/torch/csrc/autograd/autograd_not_implemented_fallback.cpp:76.)
  return Variable._execution_engine.run_backward(  # Calls into the C++ engine to run the backward pass
/usr/local/lib/python3.12/dist-packages/torch/autograd/graph.py:882: UserWarning: fbgemm::dense_embedding_codegen_lookup_function: an autograd kernel was not registered to the Autograd key(s) but we are trying to backprop through it. This may lead to silently incorrect behavior. This behavior is deprecated and will be removed in a future version of PyTorch. If your operator is differentiable, please ensure you have registered an autograd kernel to the correct Autograd key (e.g. DispatchKey::Autograd, DispatchKey::CompositeImplicitAutograd). If your operator is not differentiable, or to squash this warning and use the previous behavior, please register torch::CppFunction::makeFallthrough() to DispatchKey::Autograd. (Triggered internally at /opt/pytorch/pytorch/torch/csrc/autograd/autograd_not_implemented_fallback.cpp:76.)
  return Variable._execution_engine.run_backward(  # Calls into the C++ engine to run the backward pass
[07/26/26 16:27:22] INFO     [train] [iter 359, tokens 62400, elapsed_time 127085.04 ms, achieved FLOPS 1101.27 TFLOPS, MFU 6.12%]: loss nan                                                                                                    
/usr/local/lib/python3.12/dist-packages/torch/autograd/graph.py:882: UserWarning: fbgemm::dense_embedding_codegen_lookup_function: an autograd kernel was not registered to the Autograd key(s) but we are trying to backprop through it. This may lead to silently incorrect behavior. This behavior is deprecated and will be removed in a future version of PyTorch. If your operator is differentiable, please ensure you have registered an autograd kernel to the correct Autograd key (e.g. DispatchKey::Autograd, DispatchKey::CompositeImplicitAutograd). If your operator is not differentiable, or to squash this warning and use the previous behavior, please register torch::CppFunction::makeFallthrough() to DispatchKey::Autograd. (Triggered internally at /opt/pytorch/pytorch/torch/csrc/autograd/autograd_not_implemented_fallback.cpp:76.)
  return Variable._execution_engine.run_backward(  # Calls into the C++ engine to run the backward pass
/usr/local/lib/python3.12/dist-packages/torch/autograd/graph.py:882: UserWarning: fbgemm::dense_embedding_codegen_lookup_function: an autograd kernel was not registered to the Autograd key(s) but we are trying to backprop through it. This may lead to silently incorrect behavior. This behavior is deprecated and will be removed in a future version of PyTorch. If your operator is differentiable, please ensure you have registered an autograd kernel to the correct Autograd key (e.g. DispatchKey::Autograd, DispatchKey::CompositeImplicitAutograd). If your operator is not differentiable, or to squash this warning and use the previous behavior, please register torch::CppFunction::makeFallthrough() to DispatchKey::Autograd. (Triggered internally at /opt/pytorch/pytorch/torch/csrc/autograd/autograd_not_implemented_fallback.cpp:76.)
  return Variable._execution_engine.run_backward(  # Calls into the C++ engine to run the backward pass
/usr/local/lib/python3.12/dist-packages/torch/autograd/graph.py:882: UserWarning: fbgemm::dense_embedding_codegen_lookup_function: an autograd kernel was not registered to the Autograd key(s) but we are trying to backprop through it. This may lead to silently incorrect behavior. This behavior is deprecated and will be removed in a future version of PyTorch. If your operator is differentiable, please ensure you have registered an autograd kernel to the correct Autograd key (e.g. DispatchKey::Autograd, DispatchKey::CompositeImplicitAutograd). If your operator is not differentiable, or to squash this warning and use the previous behavior, please register torch::CppFunction::makeFallthrough() to DispatchKey::Autograd. (Triggered internally at /opt/pytorch/pytorch/torch/csrc/autograd/autograd_not_implemented_fallback.cpp:76.)
  return Variable._execution_engine.run_backward(  # Calls into the C++ engine to run the backward pass
/usr/local/lib/python3.12/dist-packages/torch/autograd/graph.py:882: UserWarning: fbgemm::dense_embedding_codegen_lookup_function: an autograd kernel was not registered to the Autograd key(s) but we are trying to backprop through it. This may lead to silently incorrect behavior. This behavior is deprecated and will be removed in a future version of PyTorch. If your operator is differentiable, please ensure you have registered an autograd kernel to the correct Autograd key (e.g. DispatchKey::Autograd, DispatchKey::CompositeImplicitAutograd). If your operator is not differentiable, or to squash this warning and use the previous behavior, please register torch::CppFunction::makeFallthrough() to DispatchKey::Autograd. (Triggered internally at /opt/pytorch/pytorch/torch/csrc/autograd/autograd_not_implemented_fallback.cpp:76.)
  return Variable._execution_engine.run_backward(  # Calls into the C++ engine to run the backward pass
/usr/local/lib/python3.12/dist-packages/torch/autograd/graph.py:882: UserWarning: fbgemm::dense_embedding_codegen_lookup_function: an autograd kernel was not registered to the Autograd key(s) but we are trying to backprop through it. This may lead to silently incorrect behavior. This behavior is deprecated and will be removed in a future version of PyTorch. If your operator is differentiable, please ensure you have registered an autograd kernel to the correct Autograd key (e.g. DispatchKey::Autograd, DispatchKey::CompositeImplicitAutograd). If your operator is not differentiable, or to squash this warning and use the previous behavior, please register torch::CppFunction::makeFallthrough() to DispatchKey::Autograd. (Triggered internally at /opt/pytorch/pytorch/torch/csrc/autograd/autograd_not_implemented_fallback.cpp:76.)
  return Variable._execution_engine.run_backward(  # Calls into the C++ engine to run the backward pass
/usr/local/lib/python3.12/dist-packages/torch/autograd/graph.py:882: UserWarning: fbgemm::dense_embedding_codegen_lookup_function: an autograd kernel was not registered to the Autograd key(s) but we are trying to backprop through it. This may lead to silently incorrect behavior. This behavior is deprecated and will be removed in a future version of PyTorch. If your operator is differentiable, please ensure you have registered an autograd kernel to the correct Autograd key (e.g. DispatchKey::Autograd, DispatchKey::CompositeImplicitAutograd). If your operator is not differentiable, or to squash this warning and use the previous behavior, please register torch::CppFunction::makeFallthrough() to DispatchKey::Autograd. (Triggered internally at /opt/pytorch/pytorch/torch/csrc/autograd/autograd_not_implemented_fallback.cpp:76.)
  return Variable._execution_engine.run_backward(  # Calls into the C++ engine to run the backward pass
/usr/local/lib/python3.12/dist-packages/torch/autograd/graph.py:882: UserWarning: fbgemm::dense_embedding_codegen_lookup_function: an autograd kernel was not registered to the Autograd key(s) but we are trying to backprop through it. This may lead to silently incorrect behavior. This behavior is deprecated and will be removed in a future version of PyTorch. If your operator is differentiable, please ensure you have registered an autograd kernel to the correct Autograd key (e.g. DispatchKey::Autograd, DispatchKey::CompositeImplicitAutograd). If your operator is not differentiable, or to squash this warning and use the previous behavior, please register torch::CppFunction::makeFallthrough() to DispatchKey::Autograd. (Triggered internally at /opt/pytorch/pytorch/torch/csrc/autograd/autograd_not_implemented_fallback.cpp:76.)
  return Variable._execution_engine.run_backward(  # Calls into the C++ engine to run the backward pass
/usr/local/lib/python3.12/dist-packages/torch/autograd/graph.py:882: UserWarning: fbgemm::dense_embedding_codegen_lookup_function: an autograd kernel was not registered to the Autograd key(s) but we are trying to backprop through it. This may lead to silently incorrect behavior. This behavior is deprecated and will be removed in a future version of PyTorch. If your operator is differentiable, please ensure you have registered an autograd kernel to the correct Autograd key (e.g. DispatchKey::Autograd, DispatchKey::CompositeImplicitAutograd). If your operator is not differentiable, or to squash this warning and use the previous behavior, please register torch::CppFunction::makeFallthrough() to DispatchKey::Autograd. (Triggered internally at /opt/pytorch/pytorch/torch/csrc/autograd/autograd_not_implemented_fallback.cpp:76.)
  return Variable._execution_engine.run_backward(  # Calls into the C++ engine to run the backward pass
[07/26/26 16:29:32] INFO     [train] [iter 379, tokens 62400, elapsed_time 127716.71 ms, achieved FLOPS 1095.30 TFLOPS, MFU 6.09%]: loss nan                                                                                                    
/usr/local/lib/python3.12/dist-packages/torch/autograd/graph.py:882: UserWarning: fbgemm::dense_embedding_codegen_lookup_function: an autograd kernel was not registered to the Autograd key(s) but we are trying to backprop through it. This may lead to silently incorrect behavior. This behavior is deprecated and will be removed in a future version of PyTorch. If your operator is differentiable, please ensure you have registered an autograd kernel to the correct Autograd key (e.g. DispatchKey::Autograd, DispatchKey::CompositeImplicitAutograd). If your operator is not differentiable, or to squash this warning and use the previous behavior, please register torch::CppFunction::makeFallthrough() to DispatchKey::Autograd. (Triggered internally at /opt/pytorch/pytorch/torch/csrc/autograd/autograd_not_implemented_fallback.cpp:76.)
  return Variable._execution_engine.run_backward(  # Calls into the C++ engine to run the backward pass
/usr/local/lib/python3.12/dist-packages/torch/autograd/graph.py:882: UserWarning: fbgemm::dense_embedding_codegen_lookup_function: an autograd kernel was not registered to the Autograd key(s) but we are trying to backprop through it. This may lead to silently incorrect behavior. This behavior is deprecated and will be removed in a future version of PyTorch. If your operator is differentiable, please ensure you have registered an autograd kernel to the correct Autograd key (e.g. DispatchKey::Autograd, DispatchKey::CompositeImplicitAutograd). If your operator is not differentiable, or to squash this warning and use the previous behavior, please register torch::CppFunction::makeFallthrough() to DispatchKey::Autograd. (Triggered internally at /opt/pytorch/pytorch/torch/csrc/autograd/autograd_not_implemented_fallback.cpp:76.)
  return Variable._execution_engine.run_backward(  # Calls into the C++ engine to run the backward pass
/usr/local/lib/python3.12/dist-packages/torch/autograd/graph.py:882: UserWarning: fbgemm::dense_embedding_codegen_lookup_function: an autograd kernel was not registered to the Autograd key(s) but we are trying to backprop through it. This may lead to silently incorrect behavior. This behavior is deprecated and will be removed in a future version of PyTorch. If your operator is differentiable, please ensure you have registered an autograd kernel to the correct Autograd key (e.g. DispatchKey::Autograd, DispatchKey::CompositeImplicitAutograd). If your operator is not differentiable, or to squash this warning and use the previous behavior, please register torch::CppFunction::makeFallthrough() to DispatchKey::Autograd. (Triggered internally at /opt/pytorch/pytorch/torch/csrc/autograd/autograd_not_implemented_fallback.cpp:76.)
  return Variable._execution_engine.run_backward(  # Calls into the C++ engine to run the backward pass
/usr/local/lib/python3.12/dist-packages/torch/autograd/graph.py:882: UserWarning: fbgemm::dense_embedding_codegen_lookup_function: an autograd kernel was not registered to the Autograd key(s) but we are trying to backprop through it. This may lead to silently incorrect behavior. This behavior is deprecated and will be removed in a future version of PyTorch. If your operator is differentiable, please ensure you have registered an autograd kernel to the correct Autograd key (e.g. DispatchKey::Autograd, DispatchKey::CompositeImplicitAutograd). If your operator is not differentiable, or to squash this warning and use the previous behavior, please register torch::CppFunction::makeFallthrough() to DispatchKey::Autograd. (Triggered internally at /opt/pytorch/pytorch/torch/csrc/autograd/autograd_not_implemented_fallback.cpp:76.)
  return Variable._execution_engine.run_backward(  # Calls into the C++ engine to run the backward pass
/usr/local/lib/python3.12/dist-packages/torch/autograd/graph.py:882: UserWarning: fbgemm::dense_embedding_codegen_lookup_function: an autograd kernel was not registered to the Autograd key(s) but we are trying to backprop through it. This may lead to silently incorrect behavior. This behavior is deprecated and will be removed in a future version of PyTorch. If your operator is differentiable, please ensure you have registered an autograd kernel to the correct Autograd key (e.g. DispatchKey::Autograd, DispatchKey::CompositeImplicitAutograd). If your operator is not differentiable, or to squash this warning and use the previous behavior, please register torch::CppFunction::makeFallthrough() to DispatchKey::Autograd. (Triggered internally at /opt/pytorch/pytorch/torch/csrc/autograd/autograd_not_implemented_fallback.cpp:76.)
  return Variable._execution_engine.run_backward(  # Calls into the C++ engine to run the backward pass
/usr/local/lib/python3.12/dist-packages/torch/autograd/graph.py:882: UserWarning: fbgemm::dense_embedding_codegen_lookup_function: an autograd kernel was not registered to the Autograd key(s) but we are trying to backprop through it. This may lead to silently incorrect behavior. This behavior is deprecated and will be removed in a future version of PyTorch. If your operator is differentiable, please ensure you have registered an autograd kernel to the correct Autograd key (e.g. DispatchKey::Autograd, DispatchKey::CompositeImplicitAutograd). If your operator is not differentiable, or to squash this warning and use the previous behavior, please register torch::CppFunction::makeFallthrough() to DispatchKey::Autograd. (Triggered internally at /opt/pytorch/pytorch/torch/csrc/autograd/autograd_not_implemented_fallback.cpp:76.)
  return Variable._execution_engine.run_backward(  # Calls into the C++ engine to run the backward pass
/usr/local/lib/python3.12/dist-packages/torch/autograd/graph.py:882: UserWarning: fbgemm::dense_embedding_codegen_lookup_function: an autograd kernel was not registered to the Autograd key(s) but we are trying to backprop through it. This may lead to silently incorrect behavior. This behavior is deprecated and will be removed in a future version of PyTorch. If your operator is differentiable, please ensure you have registered an autograd kernel to the correct Autograd key (e.g. DispatchKey::Autograd, DispatchKey::CompositeImplicitAutograd). If your operator is not differentiable, or to squash this warning and use the previous behavior, please register torch::CppFunction::makeFallthrough() to DispatchKey::Autograd. (Triggered internally at /opt/pytorch/pytorch/torch/csrc/autograd/autograd_not_implemented_fallback.cpp:76.)
  return Variable._execution_engine.run_backward(  # Calls into the C++ engine to run the backward pass
/usr/local/lib/python3.12/dist-packages/torch/autograd/graph.py:882: UserWarning: fbgemm::dense_embedding_codegen_lookup_function: an autograd kernel was not registered to the Autograd key(s) but we are trying to backprop through it. This may lead to silently incorrect behavior. This behavior is deprecated and will be removed in a future version of PyTorch. If your operator is differentiable, please ensure you have registered an autograd kernel to the correct Autograd key (e.g. DispatchKey::Autograd, DispatchKey::CompositeImplicitAutograd). If your operator is not differentiable, or to squash this warning and use the previous behavior, please register torch::CppFunction::makeFallthrough() to DispatchKey::Autograd. (Triggered internally at /opt/pytorch/pytorch/torch/csrc/autograd/autograd_not_implemented_fallback.cpp:76.)
  return Variable._execution_engine.run_backward(  # Calls into the C++ engine to run the backward pass
[07/26/26 16:31:40] INFO     [train] [iter 399, tokens 62400, elapsed_time 126486.22 ms, achieved FLOPS 1104.18 TFLOPS, MFU 6.13%]: loss nan                                                                                                    
/usr/local/lib/python3.12/dist-packages/torch/autograd/graph.py:882: UserWarning: fbgemm::dense_embedding_codegen_lookup_function: an autograd kernel was not registered to the Autograd key(s) but we are trying to backprop through it. This may lead to silently incorrect behavior. This behavior is deprecated and will be removed in a future version of PyTorch. If your operator is differentiable, please ensure you have registered an autograd kernel to the correct Autograd key (e.g. DispatchKey::Autograd, DispatchKey::CompositeImplicitAutograd). If your operator is not differentiable, or to squash this warning and use the previous behavior, please register torch::CppFunction::makeFallthrough() to DispatchKey::Autograd. (Triggered internally at /opt/pytorch/pytorch/torch/csrc/autograd/autograd_not_implemented_fallback.cpp:76.)
  return Variable._execution_engine.run_backward(  # Calls into the C++ engine to run the backward pass
/usr/local/lib/python3.12/dist-packages/torch/autograd/graph.py:882: UserWarning: fbgemm::dense_embedding_codegen_lookup_function: an autograd kernel was not registered to the Autograd key(s) but we are trying to backprop through it. This may lead to silently incorrect behavior. This behavior is deprecated and will be removed in a future version of PyTorch. If your operator is differentiable, please ensure you have registered an autograd kernel to the correct Autograd key (e.g. DispatchKey::Autograd, DispatchKey::CompositeImplicitAutograd). If your operator is not differentiable, or to squash this warning and use the previous behavior, please register torch::CppFunction::makeFallthrough() to DispatchKey::Autograd. (Triggered internally at /opt/pytorch/pytorch/torch/csrc/autograd/autograd_not_implemented_fallback.cpp:76.)
  return Variable._execution_engine.run_backward(  # Calls into the C++ engine to run the backward pass
/usr/local/lib/python3.12/dist-packages/torch/autograd/graph.py:882: UserWarning: fbgemm::dense_embedding_codegen_lookup_function: an autograd kernel was not registered to the Autograd key(s) but we are trying to backprop through it. This may lead to silently incorrect behavior. This behavior is deprecated and will be removed in a future version of PyTorch. If your operator is differentiable, please ensure you have registered an autograd kernel to the correct Autograd key (e.g. DispatchKey::Autograd, DispatchKey::CompositeImplicitAutograd). If your operator is not differentiable, or to squash this warning and use the previous behavior, please register torch::CppFunction::makeFallthrough() to DispatchKey::Autograd. (Triggered internally at /opt/pytorch/pytorch/torch/csrc/autograd/autograd_not_implemented_fallback.cpp:76.)
  return Variable._execution_engine.run_backward(  # Calls into the C++ engine to run the backward pass
/usr/local/lib/python3.12/dist-packages/torch/autograd/graph.py:882: UserWarning: fbgemm::dense_embedding_codegen_lookup_function: an autograd kernel was not registered to the Autograd key(s) but we are trying to backprop through it. This may lead to silently incorrect behavior. This behavior is deprecated and will be removed in a future version of PyTorch. If your operator is differentiable, please ensure you have registered an autograd kernel to the correct Autograd key (e.g. DispatchKey::Autograd, DispatchKey::CompositeImplicitAutograd). If your operator is not differentiable, or to squash this warning and use the previous behavior, please register torch::CppFunction::makeFallthrough() to DispatchKey::Autograd. (Triggered internally at /opt/pytorch/pytorch/torch/csrc/autograd/autograd_not_implemented_fallback.cpp:76.)
  return Variable._execution_engine.run_backward(  # Calls into the C++ engine to run the backward pass
/usr/local/lib/python3.12/dist-packages/torch/autograd/graph.py:882: UserWarning: fbgemm::dense_embedding_codegen_lookup_function: an autograd kernel was not registered to the Autograd key(s) but we are trying to backprop through it. This may lead to silently incorrect behavior. This behavior is deprecated and will be removed in a future version of PyTorch. If your operator is differentiable, please ensure you have registered an autograd kernel to the correct Autograd key (e.g. DispatchKey::Autograd, DispatchKey::CompositeImplicitAutograd). If your operator is not differentiable, or to squash this warning and use the previous behavior, please register torch::CppFunction::makeFallthrough() to DispatchKey::Autograd. (Triggered internally at /opt/pytorch/pytorch/torch/csrc/autograd/autograd_not_implemented_fallback.cpp:76.)
  return Variable._execution_engine.run_backward(  # Calls into the C++ engine to run the backward pass
/usr/local/lib/python3.12/dist-packages/torch/autograd/graph.py:882: UserWarning: fbgemm::dense_embedding_codegen_lookup_function: an autograd kernel was not registered to the Autograd key(s) but we are trying to backprop through it. This may lead to silently incorrect behavior. This behavior is deprecated and will be removed in a future version of PyTorch. If your operator is differentiable, please ensure you have registered an autograd kernel to the correct Autograd key (e.g. DispatchKey::Autograd, DispatchKey::CompositeImplicitAutograd). If your operator is not differentiable, or to squash this warning and use the previous behavior, please register torch::CppFunction::makeFallthrough() to DispatchKey::Autograd. (Triggered internally at /opt/pytorch/pytorch/torch/csrc/autograd/autograd_not_implemented_fallback.cpp:76.)
  return Variable._execution_engine.run_backward(  # Calls into the C++ engine to run the backward pass
/usr/local/lib/python3.12/dist-packages/torch/autograd/graph.py:882: UserWarning: fbgemm::dense_embedding_codegen_lookup_function: an autograd kernel was not registered to the Autograd key(s) but we are trying to backprop through it. This may lead to silently incorrect behavior. This behavior is deprecated and will be removed in a future version of PyTorch. If your operator is differentiable, please ensure you have registered an autograd kernel to the correct Autograd key (e.g. DispatchKey::Autograd, DispatchKey::CompositeImplicitAutograd). If your operator is not differentiable, or to squash this warning and use the previous behavior, please register torch::CppFunction::makeFallthrough() to DispatchKey::Autograd. (Triggered internally at /opt/pytorch/pytorch/torch/csrc/autograd/autograd_not_implemented_fallback.cpp:76.)
  return Variable._execution_engine.run_backward(  # Calls into the C++ engine to run the backward pass
/usr/local/lib/python3.12/dist-packages/torch/autograd/graph.py:882: UserWarning: fbgemm::dense_embedding_codegen_lookup_function: an autograd kernel was not registered to the Autograd key(s) but we are trying to backprop through it. This may lead to silently incorrect behavior. This behavior is deprecated and will be removed in a future version of PyTorch. If your operator is differentiable, please ensure you have registered an autograd kernel to the correct Autograd key (e.g. DispatchKey::Autograd, DispatchKey::CompositeImplicitAutograd). If your operator is not differentiable, or to squash this warning and use the previous behavior, please register torch::CppFunction::makeFallthrough() to DispatchKey::Autograd. (Triggered internally at /opt/pytorch/pytorch/torch/csrc/autograd/autograd_not_implemented_fallback.cpp:76.)
  return Variable._execution_engine.run_backward(  # Calls into the C++ engine to run the backward pass
[07/26/26 16:33:50] INFO     [train] [iter 419, tokens 62400, elapsed_time 127571.18 ms, achieved FLOPS 1094.17 TFLOPS, MFU 6.08%]: loss nan                                                                                                    
/usr/local/lib/python3.12/dist-packages/torch/autograd/graph.py:882: UserWarning: fbgemm::dense_embedding_codegen_lookup_function: an autograd kernel was not registered to the Autograd key(s) but we are trying to backprop through it. This may lead to silently incorrect behavior. This behavior is deprecated and will be removed in a future version of PyTorch. If your operator is differentiable, please ensure you have registered an autograd kernel to the correct Autograd key (e.g. DispatchKey::Autograd, DispatchKey::CompositeImplicitAutograd). If your operator is not differentiable, or to squash this warning and use the previous behavior, please register torch::CppFunction::makeFallthrough() to DispatchKey::Autograd. (Triggered internally at /opt/pytorch/pytorch/torch/csrc/autograd/autograd_not_implemented_fallback.cpp:76.)
  return Variable._execution_engine.run_backward(  # Calls into the C++ engine to run the backward pass
/usr/local/lib/python3.12/dist-packages/torch/autograd/graph.py:882: UserWarning: fbgemm::dense_embedding_codegen_lookup_function: an autograd kernel was not registered to the Autograd key(s) but we are trying to backprop through it. This may lead to silently incorrect behavior. This behavior is deprecated and will be removed in a future version of PyTorch. If your operator is differentiable, please ensure you have registered an autograd kernel to the correct Autograd key (e.g. DispatchKey::Autograd, DispatchKey::CompositeImplicitAutograd). If your operator is not differentiable, or to squash this warning and use the previous behavior, please register torch::CppFunction::makeFallthrough() to DispatchKey::Autograd. (Triggered internally at /opt/pytorch/pytorch/torch/csrc/autograd/autograd_not_implemented_fallback.cpp:76.)
  return Variable._execution_engine.run_backward(  # Calls into the C++ engine to run the backward pass
/usr/local/lib/python3.12/dist-packages/torch/autograd/graph.py:882: UserWarning: fbgemm::dense_embedding_codegen_lookup_function: an autograd kernel was not registered to the Autograd key(s) but we are trying to backprop through it. This may lead to silently incorrect behavior. This behavior is deprecated and will be removed in a future version of PyTorch. If your operator is differentiable, please ensure you have registered an autograd kernel to the correct Autograd key (e.g. DispatchKey::Autograd, DispatchKey::CompositeImplicitAutograd). If your operator is not differentiable, or to squash this warning and use the previous behavior, please register torch::CppFunction::makeFallthrough() to DispatchKey::Autograd. (Triggered internally at /opt/pytorch/pytorch/torch/csrc/autograd/autograd_not_implemented_fallback.cpp:76.)
  return Variable._execution_engine.run_backward(  # Calls into the C++ engine to run the backward pass
/usr/local/lib/python3.12/dist-packages/torch/autograd/graph.py:882: UserWarning: fbgemm::dense_embedding_codegen_lookup_function: an autograd kernel was not registered to the Autograd key(s) but we are trying to backprop through it. This may lead to silently incorrect behavior. This behavior is deprecated and will be removed in a future version of PyTorch. If your operator is differentiable, please ensure you have registered an autograd kernel to the correct Autograd key (e.g. DispatchKey::Autograd, DispatchKey::CompositeImplicitAutograd). If your operator is not differentiable, or to squash this warning and use the previous behavior, please register torch::CppFunction::makeFallthrough() to DispatchKey::Autograd. (Triggered internally at /opt/pytorch/pytorch/torch/csrc/autograd/autograd_not_implemented_fallback.cpp:76.)
  return Variable._execution_engine.run_backward(  # Calls into the C++ engine to run the backward pass
/usr/local/lib/python3.12/dist-packages/torch/autograd/graph.py:882: UserWarning: fbgemm::dense_embedding_codegen_lookup_function: an autograd kernel was not registered to the Autograd key(s) but we are trying to backprop through it. This may lead to silently incorrect behavior. This behavior is deprecated and will be removed in a future version of PyTorch. If your operator is differentiable, please ensure you have registered an autograd kernel to the correct Autograd key (e.g. DispatchKey::Autograd, DispatchKey::CompositeImplicitAutograd). If your operator is not differentiable, or to squash this warning and use the previous behavior, please register torch::CppFunction::makeFallthrough() to DispatchKey::Autograd. (Triggered internally at /opt/pytorch/pytorch/torch/csrc/autograd/autograd_not_implemented_fallback.cpp:76.)
  return Variable._execution_engine.run_backward(  # Calls into the C++ engine to run the backward pass
/usr/local/lib/python3.12/dist-packages/torch/autograd/graph.py:882: UserWarning: fbgemm::dense_embedding_codegen_lookup_function: an autograd kernel was not registered to the Autograd key(s) but we are trying to backprop through it. This may lead to silently incorrect behavior. This behavior is deprecated and will be removed in a future version of PyTorch. If your operator is differentiable, please ensure you have registered an autograd kernel to the correct Autograd key (e.g. DispatchKey::Autograd, DispatchKey::CompositeImplicitAutograd). If your operator is not differentiable, or to squash this warning and use the previous behavior, please register torch::CppFunction::makeFallthrough() to DispatchKey::Autograd. (Triggered internally at /opt/pytorch/pytorch/torch/csrc/autograd/autograd_not_implemented_fallback.cpp:76.)
  return Variable._execution_engine.run_backward(  # Calls into the C++ engine to run the backward pass
/usr/local/lib/python3.12/dist-packages/torch/autograd/graph.py:882: UserWarning: fbgemm::dense_embedding_codegen_lookup_function: an autograd kernel was not registered to the Autograd key(s) but we are trying to backprop through it. This may lead to silently incorrect behavior. This behavior is deprecated and will be removed in a future version of PyTorch. If your operator is differentiable, please ensure you have registered an autograd kernel to the correct Autograd key (e.g. DispatchKey::Autograd, DispatchKey::CompositeImplicitAutograd). If your operator is not differentiable, or to squash this warning and use the previous behavior, please register torch::CppFunction::makeFallthrough() to DispatchKey::Autograd. (Triggered internally at /opt/pytorch/pytorch/torch/csrc/autograd/autograd_not_implemented_fallback.cpp:76.)
  return Variable._execution_engine.run_backward(  # Calls into the C++ engine to run the backward pass
/usr/local/lib/python3.12/dist-packages/torch/autograd/graph.py:882: UserWarning: fbgemm::dense_embedding_codegen_lookup_function: an autograd kernel was not registered to the Autograd key(s) but we are trying to backprop through it. This may lead to silently incorrect behavior. This behavior is deprecated and will be removed in a future version of PyTorch. If your operator is differentiable, please ensure you have registered an autograd kernel to the correct Autograd key (e.g. DispatchKey::Autograd, DispatchKey::CompositeImplicitAutograd). If your operator is not differentiable, or to squash this warning and use the previous behavior, please register torch::CppFunction::makeFallthrough() to DispatchKey::Autograd. (Triggered internally at /opt/pytorch/pytorch/torch/csrc/autograd/autograd_not_implemented_fallback.cpp:76.)
  return Variable._execution_engine.run_backward(  # Calls into the C++ engine to run the backward pass
[07/26/26 16:36:01] INFO     [train] [iter 439, tokens 62400, elapsed_time 129357.07 ms, achieved FLOPS 1081.65 TFLOPS, MFU 6.01%]: loss nan                                                                                                    
/usr/local/lib/python3.12/dist-packages/torch/autograd/graph.py:882: UserWarning: fbgemm::dense_embedding_codegen_lookup_function: an autograd kernel was not registered to the Autograd key(s) but we are trying to backprop through it. This may lead to silently incorrect behavior. This behavior is deprecated and will be removed in a future version of PyTorch. If your operator is differentiable, please ensure you have registered an autograd kernel to the correct Autograd key (e.g. DispatchKey::Autograd, DispatchKey::CompositeImplicitAutograd). If your operator is not differentiable, or to squash this warning and use the previous behavior, please register torch::CppFunction::makeFallthrough() to DispatchKey::Autograd. (Triggered internally at /opt/pytorch/pytorch/torch/csrc/autograd/autograd_not_implemented_fallback.cpp:76.)
  return Variable._execution_engine.run_backward(  # Calls into the C++ engine to run the backward pass
/usr/local/lib/python3.12/dist-packages/torch/autograd/graph.py:882: UserWarning: fbgemm::dense_embedding_codegen_lookup_function: an autograd kernel was not registered to the Autograd key(s) but we are trying to backprop through it. This may lead to silently incorrect behavior. This behavior is deprecated and will be removed in a future version of PyTorch. If your operator is differentiable, please ensure you have registered an autograd kernel to the correct Autograd key (e.g. DispatchKey::Autograd, DispatchKey::CompositeImplicitAutograd). If your operator is not differentiable, or to squash this warning and use the previous behavior, please register torch::CppFunction::makeFallthrough() to DispatchKey::Autograd. (Triggered internally at /opt/pytorch/pytorch/torch/csrc/autograd/autograd_not_implemented_fallback.cpp:76.)
  return Variable._execution_engine.run_backward(  # Calls into the C++ engine to run the backward pass
/usr/local/lib/python3.12/dist-packages/torch/autograd/graph.py:882: UserWarning: fbgemm::dense_embedding_codegen_lookup_function: an autograd kernel was not registered to the Autograd key(s) but we are trying to backprop through it. This may lead to silently incorrect behavior. This behavior is deprecated and will be removed in a future version of PyTorch. If your operator is differentiable, please ensure you have registered an autograd kernel to the correct Autograd key (e.g. DispatchKey::Autograd, DispatchKey::CompositeImplicitAutograd). If your operator is not differentiable, or to squash this warning and use the previous behavior, please register torch::CppFunction::makeFallthrough() to DispatchKey::Autograd. (Triggered internally at /opt/pytorch/pytorch/torch/csrc/autograd/autograd_not_implemented_fallback.cpp:76.)
  return Variable._execution_engine.run_backward(  # Calls into the C++ engine to run the backward pass
/usr/local/lib/python3.12/dist-packages/torch/autograd/graph.py:882: UserWarning: fbgemm::dense_embedding_codegen_lookup_function: an autograd kernel was not registered to the Autograd key(s) but we are trying to backprop through it. This may lead to silently incorrect behavior. This behavior is deprecated and will be removed in a future version of PyTorch. If your operator is differentiable, please ensure you have registered an autograd kernel to the correct Autograd key (e.g. DispatchKey::Autograd, DispatchKey::CompositeImplicitAutograd). If your operator is not differentiable, or to squash this warning and use the previous behavior, please register torch::CppFunction::makeFallthrough() to DispatchKey::Autograd. (Triggered internally at /opt/pytorch/pytorch/torch/csrc/autograd/autograd_not_implemented_fallback.cpp:76.)
  return Variable._execution_engine.run_backward(  # Calls into the C++ engine to run the backward pass
/usr/local/lib/python3.12/dist-packages/torch/autograd/graph.py:882: UserWarning: fbgemm::dense_embedding_codegen_lookup_function: an autograd kernel was not registered to the Autograd key(s) but we are trying to backprop through it. This may lead to silently incorrect behavior. This behavior is deprecated and will be removed in a future version of PyTorch. If your operator is differentiable, please ensure you have registered an autograd kernel to the correct Autograd key (e.g. DispatchKey::Autograd, DispatchKey::CompositeImplicitAutograd). If your operator is not differentiable, or to squash this warning and use the previous behavior, please register torch::CppFunction::makeFallthrough() to DispatchKey::Autograd. (Triggered internally at /opt/pytorch/pytorch/torch/csrc/autograd/autograd_not_implemented_fallback.cpp:76.)
  return Variable._execution_engine.run_backward(  # Calls into the C++ engine to run the backward pass
/usr/local/lib/python3.12/dist-packages/torch/autograd/graph.py:882: UserWarning: fbgemm::dense_embedding_codegen_lookup_function: an autograd kernel was not registered to the Autograd key(s) but we are trying to backprop through it. This may lead to silently incorrect behavior. This behavior is deprecated and will be removed in a future version of PyTorch. If your operator is differentiable, please ensure you have registered an autograd kernel to the correct Autograd key (e.g. DispatchKey::Autograd, DispatchKey::CompositeImplicitAutograd). If your operator is not differentiable, or to squash this warning and use the previous behavior, please register torch::CppFunction::makeFallthrough() to DispatchKey::Autograd. (Triggered internally at /opt/pytorch/pytorch/torch/csrc/autograd/autograd_not_implemented_fallback.cpp:76.)
  return Variable._execution_engine.run_backward(  # Calls into the C++ engine to run the backward pass
/usr/local/lib/python3.12/dist-packages/torch/autograd/graph.py:882: UserWarning: fbgemm::dense_embedding_codegen_lookup_function: an autograd kernel was not registered to the Autograd key(s) but we are trying to backprop through it. This may lead to silently incorrect behavior. This behavior is deprecated and will be removed in a future version of PyTorch. If your operator is differentiable, please ensure you have registered an autograd kernel to the correct Autograd key (e.g. DispatchKey::Autograd, DispatchKey::CompositeImplicitAutograd). If your operator is not differentiable, or to squash this warning and use the previous behavior, please register torch::CppFunction::makeFallthrough() to DispatchKey::Autograd. (Triggered internally at /opt/pytorch/pytorch/torch/csrc/autograd/autograd_not_implemented_fallback.cpp:76.)
  return Variable._execution_engine.run_backward(  # Calls into the C++ engine to run the backward pass
/usr/local/lib/python3.12/dist-packages/torch/autograd/graph.py:882: UserWarning: fbgemm::dense_embedding_codegen_lookup_function: an autograd kernel was not registered to the Autograd key(s) but we are trying to backprop through it. This may lead to silently incorrect behavior. This behavior is deprecated and will be removed in a future version of PyTorch. If your operator is differentiable, please ensure you have registered an autograd kernel to the correct Autograd key (e.g. DispatchKey::Autograd, DispatchKey::CompositeImplicitAutograd). If your operator is not differentiable, or to squash this warning and use the previous behavior, please register torch::CppFunction::makeFallthrough() to DispatchKey::Autograd. (Triggered internally at /opt/pytorch/pytorch/torch/csrc/autograd/autograd_not_implemented_fallback.cpp:76.)
  return Variable._execution_engine.run_backward(  # Calls into the C++ engine to run the backward pass
[07/26/26 16:38:15] INFO     [train] [iter 459, tokens 64000, elapsed_time 131391.20 ms, achieved FLOPS 1091.73 TFLOPS, MFU 6.07%]: loss nan                                                                                                    
/usr/local/lib/python3.12/dist-packages/torch/autograd/graph.py:882: UserWarning: fbgemm::dense_embedding_codegen_lookup_function: an autograd kernel was not registered to the Autograd key(s) but we are trying to backprop through it. This may lead to silently incorrect behavior. This behavior is deprecated and will be removed in a future version of PyTorch. If your operator is differentiable, please ensure you have registered an autograd kernel to the correct Autograd key (e.g. DispatchKey::Autograd, DispatchKey::CompositeImplicitAutograd). If your operator is not differentiable, or to squash this warning and use the previous behavior, please register torch::CppFunction::makeFallthrough() to DispatchKey::Autograd. (Triggered internally at /opt/pytorch/pytorch/torch/csrc/autograd/autograd_not_implemented_fallback.cpp:76.)
  return Variable._execution_engine.run_backward(  # Calls into the C++ engine to run the backward pass
/usr/local/lib/python3.12/dist-packages/torch/autograd/graph.py:882: UserWarning: fbgemm::dense_embedding_codegen_lookup_function: an autograd kernel was not registered to the Autograd key(s) but we are trying to backprop through it. This may lead to silently incorrect behavior. This behavior is deprecated and will be removed in a future version of PyTorch. If your operator is differentiable, please ensure you have registered an autograd kernel to the correct Autograd key (e.g. DispatchKey::Autograd, DispatchKey::CompositeImplicitAutograd). If your operator is not differentiable, or to squash this warning and use the previous behavior, please register torch::CppFunction::makeFallthrough() to DispatchKey::Autograd. (Triggered internally at /opt/pytorch/pytorch/torch/csrc/autograd/autograd_not_implemented_fallback.cpp:76.)
  return Variable._execution_engine.run_backward(  # Calls into the C++ engine to run the backward pass
/usr/local/lib/python3.12/dist-packages/torch/autograd/graph.py:882: UserWarning: fbgemm::dense_embedding_codegen_lookup_function: an autograd kernel was not registered to the Autograd key(s) but we are trying to backprop through it. This may lead to silently incorrect behavior. This behavior is deprecated and will be removed in a future version of PyTorch. If your operator is differentiable, please ensure you have registered an autograd kernel to the correct Autograd key (e.g. DispatchKey::Autograd, DispatchKey::CompositeImplicitAutograd). If your operator is not differentiable, or to squash this warning and use the previous behavior, please register torch::CppFunction::makeFallthrough() to DispatchKey::Autograd. (Triggered internally at /opt/pytorch/pytorch/torch/csrc/autograd/autograd_not_implemented_fallback.cpp:76.)
  return Variable._execution_engine.run_backward(  # Calls into the C++ engine to run the backward pass
/usr/local/lib/python3.12/dist-packages/torch/autograd/graph.py:882: UserWarning: fbgemm::dense_embedding_codegen_lookup_function: an autograd kernel was not registered to the Autograd key(s) but we are trying to backprop through it. This may lead to silently incorrect behavior. This behavior is deprecated and will be removed in a future version of PyTorch. If your operator is differentiable, please ensure you have registered an autograd kernel to the correct Autograd key (e.g. DispatchKey::Autograd, DispatchKey::CompositeImplicitAutograd). If your operator is not differentiable, or to squash this warning and use the previous behavior, please register torch::CppFunction::makeFallthrough() to DispatchKey::Autograd. (Triggered internally at /opt/pytorch/pytorch/torch/csrc/autograd/autograd_not_implemented_fallback.cpp:76.)
  return Variable._execution_engine.run_backward(  # Calls into the C++ engine to run the backward pass
/usr/local/lib/python3.12/dist-packages/torch/autograd/graph.py:882: UserWarning: fbgemm::dense_embedding_codegen_lookup_function: an autograd kernel was not registered to the Autograd key(s) but we are trying to backprop through it. This may lead to silently incorrect behavior. This behavior is deprecated and will be removed in a future version of PyTorch. If your operator is differentiable, please ensure you have registered an autograd kernel to the correct Autograd key (e.g. DispatchKey::Autograd, DispatchKey::CompositeImplicitAutograd). If your operator is not differentiable, or to squash this warning and use the previous behavior, please register torch::CppFunction::makeFallthrough() to DispatchKey::Autograd. (Triggered internally at /opt/pytorch/pytorch/torch/csrc/autograd/autograd_not_implemented_fallback.cpp:76.)
  return Variable._execution_engine.run_backward(  # Calls into the C++ engine to run the backward pass
/usr/local/lib/python3.12/dist-packages/torch/autograd/graph.py:882: UserWarning: fbgemm::dense_embedding_codegen_lookup_function: an autograd kernel was not registered to the Autograd key(s) but we are trying to backprop through it. This may lead to silently incorrect behavior. This behavior is deprecated and will be removed in a future version of PyTorch. If your operator is differentiable, please ensure you have registered an autograd kernel to the correct Autograd key (e.g. DispatchKey::Autograd, DispatchKey::CompositeImplicitAutograd). If your operator is not differentiable, or to squash this warning and use the previous behavior, please register torch::CppFunction::makeFallthrough() to DispatchKey::Autograd. (Triggered internally at /opt/pytorch/pytorch/torch/csrc/autograd/autograd_not_implemented_fallback.cpp:76.)
  return Variable._execution_engine.run_backward(  # Calls into the C++ engine to run the backward pass
/usr/local/lib/python3.12/dist-packages/torch/autograd/graph.py:882: UserWarning: fbgemm::dense_embedding_codegen_lookup_function: an autograd kernel was not registered to the Autograd key(s) but we are trying to backprop through it. This may lead to silently incorrect behavior. This behavior is deprecated and will be removed in a future version of PyTorch. If your operator is differentiable, please ensure you have registered an autograd kernel to the correct Autograd key (e.g. DispatchKey::Autograd, DispatchKey::CompositeImplicitAutograd). If your operator is not differentiable, or to squash this warning and use the previous behavior, please register torch::CppFunction::makeFallthrough() to DispatchKey::Autograd. (Triggered internally at /opt/pytorch/pytorch/torch/csrc/autograd/autograd_not_implemented_fallback.cpp:76.)
  return Variable._execution_engine.run_backward(  # Calls into the C++ engine to run the backward pass
/usr/local/lib/python3.12/dist-packages/torch/autograd/graph.py:882: UserWarning: fbgemm::dense_embedding_codegen_lookup_function: an autograd kernel was not registered to the Autograd key(s) but we are trying to backprop through it. This may lead to silently incorrect behavior. This behavior is deprecated and will be removed in a future version of PyTorch. If your operator is differentiable, please ensure you have registered an autograd kernel to the correct Autograd key (e.g. DispatchKey::Autograd, DispatchKey::CompositeImplicitAutograd). If your operator is not differentiable, or to squash this warning and use the previous behavior, please register torch::CppFunction::makeFallthrough() to DispatchKey::Autograd. (Triggered internally at /opt/pytorch/pytorch/torch/csrc/autograd/autograd_not_implemented_fallback.cpp:76.)
  return Variable._execution_engine.run_backward(  # Calls into the C++ engine to run the backward pass
[07/26/26 16:40:27] INFO     [train] [iter 479, tokens 62400, elapsed_time 129786.88 ms, achieved FLOPS 1077.16 TFLOPS, MFU 5.98%]: loss nan                                                                                                    
/usr/local/lib/python3.12/dist-packages/torch/autograd/graph.py:882: UserWarning: fbgemm::dense_embedding_codegen_lookup_function: an autograd kernel was not registered to the Autograd key(s) but we are trying to backprop through it. This may lead to silently incorrect behavior. This behavior is deprecated and will be removed in a future version of PyTorch. If your operator is differentiable, please ensure you have registered an autograd kernel to the correct Autograd key (e.g. DispatchKey::Autograd, DispatchKey::CompositeImplicitAutograd). If your operator is not differentiable, or to squash this warning and use the previous behavior, please register torch::CppFunction::makeFallthrough() to DispatchKey::Autograd. (Triggered internally at /opt/pytorch/pytorch/torch/csrc/autograd/autograd_not_implemented_fallback.cpp:76.)
  return Variable._execution_engine.run_backward(  # Calls into the C++ engine to run the backward pass
/usr/local/lib/python3.12/dist-packages/torch/autograd/graph.py:882: UserWarning: fbgemm::dense_embedding_codegen_lookup_function: an autograd kernel was not registered to the Autograd key(s) but we are trying to backprop through it. This may lead to silently incorrect behavior. This behavior is deprecated and will be removed in a future version of PyTorch. If your operator is differentiable, please ensure you have registered an autograd kernel to the correct Autograd key (e.g. DispatchKey::Autograd, DispatchKey::CompositeImplicitAutograd). If your operator is not differentiable, or to squash this warning and use the previous behavior, please register torch::CppFunction::makeFallthrough() to DispatchKey::Autograd. (Triggered internally at /opt/pytorch/pytorch/torch/csrc/autograd/autograd_not_implemented_fallback.cpp:76.)
  return Variable._execution_engine.run_backward(  # Calls into the C++ engine to run the backward pass
/usr/local/lib/python3.12/dist-packages/torch/autograd/graph.py:882: UserWarning: fbgemm::dense_embedding_codegen_lookup_function: an autograd kernel was not registered to the Autograd key(s) but we are trying to backprop through it. This may lead to silently incorrect behavior. This behavior is deprecated and will be removed in a future version of PyTorch. If your operator is differentiable, please ensure you have registered an autograd kernel to the correct Autograd key (e.g. DispatchKey::Autograd, DispatchKey::CompositeImplicitAutograd). If your operator is not differentiable, or to squash this warning and use the previous behavior, please register torch::CppFunction::makeFallthrough() to DispatchKey::Autograd. (Triggered internally at /opt/pytorch/pytorch/torch/csrc/autograd/autograd_not_implemented_fallback.cpp:76.)
  return Variable._execution_engine.run_backward(  # Calls into the C++ engine to run the backward pass
/usr/local/lib/python3.12/dist-packages/torch/autograd/graph.py:882: UserWarning: fbgemm::dense_embedding_codegen_lookup_function: an autograd kernel was not registered to the Autograd key(s) but we are trying to backprop through it. This may lead to silently incorrect behavior. This behavior is deprecated and will be removed in a future version of PyTorch. If your operator is differentiable, please ensure you have registered an autograd kernel to the correct Autograd key (e.g. DispatchKey::Autograd, DispatchKey::CompositeImplicitAutograd). If your operator is not differentiable, or to squash this warning and use the previous behavior, please register torch::CppFunction::makeFallthrough() to DispatchKey::Autograd. (Triggered internally at /opt/pytorch/pytorch/torch/csrc/autograd/autograd_not_implemented_fallback.cpp:76.)
  return Variable._execution_engine.run_backward(  # Calls into the C++ engine to run the backward pass
/usr/local/lib/python3.12/dist-packages/torch/autograd/graph.py:882: UserWarning: fbgemm::dense_embedding_codegen_lookup_function: an autograd kernel was not registered to the Autograd key(s) but we are trying to backprop through it. This may lead to silently incorrect behavior. This behavior is deprecated and will be removed in a future version of PyTorch. If your operator is differentiable, please ensure you have registered an autograd kernel to the correct Autograd key (e.g. DispatchKey::Autograd, DispatchKey::CompositeImplicitAutograd). If your operator is not differentiable, or to squash this warning and use the previous behavior, please register torch::CppFunction::makeFallthrough() to DispatchKey::Autograd. (Triggered internally at /opt/pytorch/pytorch/torch/csrc/autograd/autograd_not_implemented_fallback.cpp:76.)
  return Variable._execution_engine.run_backward(  # Calls into the C++ engine to run the backward pass
/usr/local/lib/python3.12/dist-packages/torch/autograd/graph.py:882: UserWarning: fbgemm::dense_embedding_codegen_lookup_function: an autograd kernel was not registered to the Autograd key(s) but we are trying to backprop through it. This may lead to silently incorrect behavior. This behavior is deprecated and will be removed in a future version of PyTorch. If your operator is differentiable, please ensure you have registered an autograd kernel to the correct Autograd key (e.g. DispatchKey::Autograd, DispatchKey::CompositeImplicitAutograd). If your operator is not differentiable, or to squash this warning and use the previous behavior, please register torch::CppFunction::makeFallthrough() to DispatchKey::Autograd. (Triggered internally at /opt/pytorch/pytorch/torch/csrc/autograd/autograd_not_implemented_fallback.cpp:76.)
  return Variable._execution_engine.run_backward(  # Calls into the C++ engine to run the backward pass
/usr/local/lib/python3.12/dist-packages/torch/autograd/graph.py:882: UserWarning: fbgemm::dense_embedding_codegen_lookup_function: an autograd kernel was not registered to the Autograd key(s) but we are trying to backprop through it. This may lead to silently incorrect behavior. This behavior is deprecated and will be removed in a future version of PyTorch. If your operator is differentiable, please ensure you have registered an autograd kernel to the correct Autograd key (e.g. DispatchKey::Autograd, DispatchKey::CompositeImplicitAutograd). If your operator is not differentiable, or to squash this warning and use the previous behavior, please register torch::CppFunction::makeFallthrough() to DispatchKey::Autograd. (Triggered internally at /opt/pytorch/pytorch/torch/csrc/autograd/autograd_not_implemented_fallback.cpp:76.)
  return Variable._execution_engine.run_backward(  # Calls into the C++ engine to run the backward pass
/usr/local/lib/python3.12/dist-packages/torch/autograd/graph.py:882: UserWarning: fbgemm::dense_embedding_codegen_lookup_function: an autograd kernel was not registered to the Autograd key(s) but we are trying to backprop through it. This may lead to silently incorrect behavior. This behavior is deprecated and will be removed in a future version of PyTorch. If your operator is differentiable, please ensure you have registered an autograd kernel to the correct Autograd key (e.g. DispatchKey::Autograd, DispatchKey::CompositeImplicitAutograd). If your operator is not differentiable, or to squash this warning and use the previous behavior, please register torch::CppFunction::makeFallthrough() to DispatchKey::Autograd. (Triggered internally at /opt/pytorch/pytorch/torch/csrc/autograd/autograd_not_implemented_fallback.cpp:76.)
  return Variable._execution_engine.run_backward(  # Calls into the C++ engine to run the backward pass
[07/26/26 16:42:37] INFO     [train] [iter 499, tokens 62400, elapsed_time 128254.19 ms, achieved FLOPS 1088.89 TFLOPS, MFU 6.05%]: loss nan                                                                                                    
                    INFO     Saving checkpoints to /workspace/checkpoints/hstu_8b_kuairand1k/iter500                                                                                                                                            
                    INFO     dynamic module save dir /workspace/checkpoints/hstu_8b_kuairand1k/iter500/dynamicemb_module                                                                                                                        
/usr/local/lib/python3.12/dist-packages/torch/distributed/c10d_logger.py:83: UserWarning: barrier(): using the device under current context. You can specify `device_id` in `init_process_group` to mute this warning.
  return func(*args, **kwargs)
[07/26/26 16:42:38] INFO     torch module save dir /workspace/checkpoints/hstu_8b_kuairand1k/iter500/torch_module                                                                                                                               
[07/26/26 16:43:11] INFO     Checkpoints saved!!                                                                                                                                                                                                
[rank7]: Traceback (most recent call last):
[rank7]:   File "/workspace/recsys-examples/examples/hstu/./training/pretrain_gr_ranking.py", line 203, in <module>
[rank7]:     main()
[rank7]:   File "/workspace/recsys-examples/examples/hstu/./training/pretrain_gr_ranking.py", line 191, in main
[rank7]:     train_with_pipeline(
[rank7]:   File "/workspace/recsys-examples/examples/hstu/training/trainer/training.py", line 282, in train_with_pipeline
[rank7]:     evaluate(
[rank7]:   File "/workspace/recsys-examples/examples/hstu/training/trainer/training.py", line 62, in evaluate
[rank7]:     reporting_loss, _, (_, logits, labels, _) = pipeline.progress(
[rank7]:                                                 ^^^^^^^^^^^^^^^^^^
[rank7]:   File "/workspace/recsys-examples/examples/commons/pipeline/train_pipeline.py", line 952, in progress
[rank7]:     losses, output = self._model_fwd(self._batch_i)
[rank7]:                      ^^^^^^^^^^^^^^^^^^^^^^^^^^^^^^
[rank7]:   File "/usr/local/lib/python3.12/dist-packages/torch/nn/modules/module.py", line 1778, in _wrapped_call_impl
[rank7]:     return self._call_impl(*args, **kwargs)
[rank7]:            ^^^^^^^^^^^^^^^^^^^^^^^^^^^^^^^^
[rank7]:   File "/usr/local/lib/python3.12/dist-packages/torch/nn/modules/module.py", line 1789, in _call_impl
[rank7]:     return forward_call(*args, **kwargs)
[rank7]:            ^^^^^^^^^^^^^^^^^^^^^^^^^^^^^
[rank7]:   File "/usr/local/lib/python3.12/dist-packages/torchrec/distributed/model_parallel.py", line 351, in forward
[rank7]:     return self._dmp_wrapped_module(*args, **kwargs)
[rank7]:            ^^^^^^^^^^^^^^^^^^^^^^^^^^^^^^^^^^^^^^^^^
[rank7]:   File "/usr/local/lib/python3.12/dist-packages/torch/nn/modules/module.py", line 1778, in _wrapped_call_impl
[rank7]:     return self._call_impl(*args, **kwargs)
[rank7]:            ^^^^^^^^^^^^^^^^^^^^^^^^^^^^^^^^
[rank7]:   File "/usr/local/lib/python3.12/dist-packages/torch/nn/modules/module.py", line 1789, in _call_impl
[rank7]:     return forward_call(*args, **kwargs)
[rank7]:            ^^^^^^^^^^^^^^^^^^^^^^^^^^^^^
[rank7]:   File "/workspace/deps/megatron-lm/megatron/core/distributed/data_parallel_base.py", line 22, in forward
[rank7]:     return self.module(*inputs, **kwargs)
[rank7]:            ^^^^^^^^^^^^^^^^^^^^^^^^^^^^^^
[rank7]:   File "/usr/local/lib/python3.12/dist-packages/torch/nn/modules/module.py", line 1778, in _wrapped_call_impl
[rank7]:     return self._call_impl(*args, **kwargs)
[rank7]:            ^^^^^^^^^^^^^^^^^^^^^^^^^^^^^^^^
[rank7]:   File "/usr/local/lib/python3.12/dist-packages/torch/nn/modules/module.py", line 1789, in _call_impl
[rank7]:     return forward_call(*args, **kwargs)
[rank7]:            ^^^^^^^^^^^^^^^^^^^^^^^^^^^^^
[rank7]:   File "/workspace/deps/megatron-lm/megatron/core/transformer/module.py", line 237, in forward
[rank7]:     outputs = self.module(*inputs, **kwargs)
[rank7]:               ^^^^^^^^^^^^^^^^^^^^^^^^^^^^^^
[rank7]:   File "/usr/local/lib/python3.12/dist-packages/torch/nn/modules/module.py", line 1778, in _wrapped_call_impl
[rank7]:     return self._call_impl(*args, **kwargs)
[rank7]:            ^^^^^^^^^^^^^^^^^^^^^^^^^^^^^^^^
[rank7]:   File "/usr/local/lib/python3.12/dist-packages/torch/nn/modules/module.py", line 1789, in _call_impl
[rank7]:     return forward_call(*args, **kwargs)
[rank7]:            ^^^^^^^^^^^^^^^^^^^^^^^^^^^^^
[rank7]:   File "/workspace/recsys-examples/examples/hstu/model/ranking_gr.py", line 154, in forward
[rank7]:     ) = self.get_logit_and_labels(batch)
[rank7]:         ^^^^^^^^^^^^^^^^^^^^^^^^^^^^^^^^
[rank7]:   File "/workspace/recsys-examples/examples/hstu/model/ranking_gr.py", line 129, in get_logit_and_labels
[rank7]:     hidden_states_jagged, seqlen_after_preprocessor = self._hstu_block(
[rank7]:                                                       ^^^^^^^^^^^^^^^^^
[rank7]:   File "/usr/local/lib/python3.12/dist-packages/torch/nn/modules/module.py", line 1778, in _wrapped_call_impl
[rank7]:     return self._call_impl(*args, **kwargs)
[rank7]:            ^^^^^^^^^^^^^^^^^^^^^^^^^^^^^^^^
[rank7]:   File "/usr/local/lib/python3.12/dist-packages/torch/nn/modules/module.py", line 1789, in _call_impl
[rank7]:     return forward_call(*args, **kwargs)
[rank7]:            ^^^^^^^^^^^^^^^^^^^^^^^^^^^^^
[rank7]:   File "/workspace/recsys-examples/examples/commons/utils/nvtx_op.py", line 195, in wrapper
[rank7]:     output = module_or_func(*args, **kwargs)
[rank7]:              ^^^^^^^^^^^^^^^^^^^^^^^^^^^^^^^
[rank7]:   File "/workspace/recsys-examples/examples/hstu/modules/hstu_block.py", line 85, in forward
[rank7]:     jd = hstu_layer(jd)
[rank7]:          ^^^^^^^^^^^^^^
[rank7]:   File "/usr/local/lib/python3.12/dist-packages/torch/nn/modules/module.py", line 1778, in _wrapped_call_impl
[rank7]:     return self._call_impl(*args, **kwargs)
[rank7]:            ^^^^^^^^^^^^^^^^^^^^^^^^^^^^^^^^
[rank7]:   File "/usr/local/lib/python3.12/dist-packages/torch/nn/modules/module.py", line 1789, in _call_impl
[rank7]:     return forward_call(*args, **kwargs)
[rank7]:            ^^^^^^^^^^^^^^^^^^^^^^^^^^^^^
[rank7]:   File "/workspace/recsys-examples/examples/commons/utils/nvtx_op.py", line 195, in wrapper
[rank7]:     output = module_or_func(*args, **kwargs)
[rank7]:              ^^^^^^^^^^^^^^^^^^^^^^^^^^^^^^^
[rank7]:   File "/workspace/recsys-examples/examples/hstu/modules/native_hstu_layer.py", line 263, in forward
[rank7]:     jagged_attn_output.register_hook(reset_padding_grad_hook)
[rank7]:   File "/usr/local/lib/python3.12/dist-packages/torch/_tensor.py", line 699, in register_hook
[rank7]:     raise RuntimeError(
[rank7]: RuntimeError: cannot register a hook on a tensor that doesn't require gradient
[rank6]: Traceback (most recent call last):
[rank6]:   File "/workspace/recsys-examples/examples/hstu/./training/pretrain_gr_ranking.py", line 203, in <module>
[rank6]:     main()
[rank6]:   File "/workspace/recsys-examples/examples/hstu/./training/pretrain_gr_ranking.py", line 191, in main
[rank6]:     train_with_pipeline(
[rank6]:   File "/workspace/recsys-examples/examples/hstu/training/trainer/training.py", line 282, in train_with_pipeline
[rank6]:     evaluate(
[rank6]:   File "/workspace/recsys-examples/examples/hstu/training/trainer/training.py", line 62, in evaluate
[rank6]:     reporting_loss, _, (_, logits, labels, _) = pipeline.progress(
[rank6]:                                                 ^^^^^^^^^^^^^^^^^^
[rank6]:   File "/workspace/recsys-examples/examples/commons/pipeline/train_pipeline.py", line 952, in progress
[rank6]:     losses, output = self._model_fwd(self._batch_i)
[rank6]:                      ^^^^^^^^^^^^^^^^^^^^^^^^^^^^^^
[rank6]:   File "/usr/local/lib/python3.12/dist-packages/torch/nn/modules/module.py", line 1778, in _wrapped_call_impl
[rank6]:     return self._call_impl(*args, **kwargs)
[rank6]:            ^^^^^^^^^^^^^^^^^^^^^^^^^^^^^^^^
[rank6]:   File "/usr/local/lib/python3.12/dist-packages/torch/nn/modules/module.py", line 1789, in _call_impl
[rank6]:     return forward_call(*args, **kwargs)
[rank6]:            ^^^^^^^^^^^^^^^^^^^^^^^^^^^^^
[rank6]:   File "/usr/local/lib/python3.12/dist-packages/torchrec/distributed/model_parallel.py", line 351, in forward
[rank6]:     return self._dmp_wrapped_module(*args, **kwargs)
[rank6]:            ^^^^^^^^^^^^^^^^^^^^^^^^^^^^^^^^^^^^^^^^^
[rank6]:   File "/usr/local/lib/python3.12/dist-packages/torch/nn/modules/module.py", line 1778, in _wrapped_call_impl
[rank6]:     return self._call_impl(*args, **kwargs)
[rank6]:            ^^^^^^^^^^^^^^^^^^^^^^^^^^^^^^^^
[rank6]:   File "/usr/local/lib/python3.12/dist-packages/torch/nn/modules/module.py", line 1789, in _call_impl
[rank6]:     return forward_call(*args, **kwargs)
[rank6]:            ^^^^^^^^^^^^^^^^^^^^^^^^^^^^^
[rank6]:   File "/workspace/deps/megatron-lm/megatron/core/distributed/data_parallel_base.py", line 22, in forward
[rank6]:     return self.module(*inputs, **kwargs)
[rank6]:            ^^^^^^^^^^^^^^^^^^^^^^^^^^^^^^
[rank6]:   File "/usr/local/lib/python3.12/dist-packages/torch/nn/modules/module.py", line 1778, in _wrapped_call_impl
[rank6]:     return self._call_impl(*args, **kwargs)
[rank6]:            ^^^^^^^^^^^^^^^^^^^^^^^^^^^^^^^^
[rank6]:   File "/usr/local/lib/python3.12/dist-packages/torch/nn/modules/module.py", line 1789, in _call_impl
[rank6]:     return forward_call(*args, **kwargs)
[rank6]:            ^^^^^^^^^^^^^^^^^^^^^^^^^^^^^
[rank6]:   File "/workspace/deps/megatron-lm/megatron/core/transformer/module.py", line 237, in forward
[rank6]:     outputs = self.module(*inputs, **kwargs)
[rank6]:               ^^^^^^^^^^^^^^^^^^^^^^^^^^^^^^
[rank6]:   File "/usr/local/lib/python3.12/dist-packages/torch/nn/modules/module.py", line 1778, in _wrapped_call_impl
[rank6]:     return self._call_impl(*args, **kwargs)
[rank6]:            ^^^^^^^^^^^^^^^^^^^^^^^^^^^^^^^^
[rank6]:   File "/usr/local/lib/python3.12/dist-packages/torch/nn/modules/module.py", line 1789, in _call_impl
[rank6]:     return forward_call(*args, **kwargs)
[rank6]:            ^^^^^^^^^^^^^^^^^^^^^^^^^^^^^
[rank6]:   File "/workspace/recsys-examples/examples/hstu/model/ranking_gr.py", line 154, in forward
[rank6]:     ) = self.get_logit_and_labels(batch)
[rank6]:         ^^^^^^^^^^^^^^^^^^^^^^^^^^^^^^^^
[rank6]:   File "/workspace/recsys-examples/examples/hstu/model/ranking_gr.py", line 129, in get_logit_and_labels
[rank6]:     hidden_states_jagged, seqlen_after_preprocessor = self._hstu_block(
[rank6]:                                                       ^^^^^^^^^^^^^^^^^
[rank6]:   File "/usr/local/lib/python3.12/dist-packages/torch/nn/modules/module.py", line 1778, in _wrapped_call_impl
[rank6]:     return self._call_impl(*args, **kwargs)
[rank6]:            ^^^^^^^^^^^^^^^^^^^^^^^^^^^^^^^^
[rank6]:   File "/usr/local/lib/python3.12/dist-packages/torch/nn/modules/module.py", line 1789, in _call_impl
[rank6]:     return forward_call(*args, **kwargs)
[rank6]:            ^^^^^^^^^^^^^^^^^^^^^^^^^^^^^
[rank6]:   File "/workspace/recsys-examples/examples/commons/utils/nvtx_op.py", line 195, in wrapper
[rank6]:     output = module_or_func(*args, **kwargs)
[rank6]:              ^^^^^^^^^^^^^^^^^^^^^^^^^^^^^^^
[rank6]:   File "/workspace/recsys-examples/examples/hstu/modules/hstu_block.py", line 85, in forward
[rank6]:     jd = hstu_layer(jd)
[rank6]:          ^^^^^^^^^^^^^^
[rank6]:   File "/usr/local/lib/python3.12/dist-packages/torch/nn/modules/module.py", line 1778, in _wrapped_call_impl
[rank6]:     return self._call_impl(*args, **kwargs)
[rank6]:            ^^^^^^^^^^^^^^^^^^^^^^^^^^^^^^^^
[rank6]:   File "/usr/local/lib/python3.12/dist-packages/torch/nn/modules/module.py", line 1789, in _call_impl
[rank6]:     return forward_call(*args, **kwargs)
[rank6]:            ^^^^^^^^^^^^^^^^^^^^^^^^^^^^^
[rank6]:   File "/workspace/recsys-examples/examples/commons/utils/nvtx_op.py", line 195, in wrapper
[rank6]:     output = module_or_func(*args, **kwargs)
[rank6]:              ^^^^^^^^^^^^^^^^^^^^^^^^^^^^^^^
[rank6]:   File "/workspace/recsys-examples/examples/hstu/modules/native_hstu_layer.py", line 263, in forward
[rank6]:     jagged_attn_output.register_hook(reset_padding_grad_hook)
[rank6]:   File "/usr/local/lib/python3.12/dist-packages/torch/_tensor.py", line 699, in register_hook
[rank6]:     raise RuntimeError(
[rank6]: RuntimeError: cannot register a hook on a tensor that doesn't require gradient
[rank5]: Traceback (most recent call last):
[rank5]:   File "/workspace/recsys-examples/examples/hstu/./training/pretrain_gr_ranking.py", line 203, in <module>
[rank5]:     main()
[rank5]:   File "/workspace/recsys-examples/examples/hstu/./training/pretrain_gr_ranking.py", line 191, in main
[rank5]:     train_with_pipeline(
[rank5]:   File "/workspace/recsys-examples/examples/hstu/training/trainer/training.py", line 282, in train_with_pipeline
[rank5]:     evaluate(
[rank5]:   File "/workspace/recsys-examples/examples/hstu/training/trainer/training.py", line 62, in evaluate
[rank5]:     reporting_loss, _, (_, logits, labels, _) = pipeline.progress(
[rank5]:                                                 ^^^^^^^^^^^^^^^^^^
[rank5]:   File "/workspace/recsys-examples/examples/commons/pipeline/train_pipeline.py", line 952, in progress
[rank5]:     losses, output = self._model_fwd(self._batch_i)
[rank5]:                      ^^^^^^^^^^^^^^^^^^^^^^^^^^^^^^
[rank5]:   File "/usr/local/lib/python3.12/dist-packages/torch/nn/modules/module.py", line 1778, in _wrapped_call_impl
[rank5]:     return self._call_impl(*args, **kwargs)
[rank5]:            ^^^^^^^^^^^^^^^^^^^^^^^^^^^^^^^^
[rank5]:   File "/usr/local/lib/python3.12/dist-packages/torch/nn/modules/module.py", line 1789, in _call_impl
[rank5]:     return forward_call(*args, **kwargs)
[rank5]:            ^^^^^^^^^^^^^^^^^^^^^^^^^^^^^
[rank5]:   File "/usr/local/lib/python3.12/dist-packages/torchrec/distributed/model_parallel.py", line 351, in forward
[rank5]:     return self._dmp_wrapped_module(*args, **kwargs)
[rank5]:            ^^^^^^^^^^^^^^^^^^^^^^^^^^^^^^^^^^^^^^^^^
[rank5]:   File "/usr/local/lib/python3.12/dist-packages/torch/nn/modules/module.py", line 1778, in _wrapped_call_impl
[rank5]:     return self._call_impl(*args, **kwargs)
[rank5]:            ^^^^^^^^^^^^^^^^^^^^^^^^^^^^^^^^
[rank5]:   File "/usr/local/lib/python3.12/dist-packages/torch/nn/modules/module.py", line 1789, in _call_impl
[rank5]:     return forward_call(*args, **kwargs)
[rank5]:            ^^^^^^^^^^^^^^^^^^^^^^^^^^^^^
[rank5]:   File "/workspace/deps/megatron-lm/megatron/core/distributed/data_parallel_base.py", line 22, in forward
[rank5]:     return self.module(*inputs, **kwargs)
[rank5]:            ^^^^^^^^^^^^^^^^^^^^^^^^^^^^^^
[rank5]:   File "/usr/local/lib/python3.12/dist-packages/torch/nn/modules/module.py", line 1778, in _wrapped_call_impl
[rank5]:     return self._call_impl(*args, **kwargs)
[rank5]:            ^^^^^^^^^^^^^^^^^^^^^^^^^^^^^^^^
[rank5]:   File "/usr/local/lib/python3.12/dist-packages/torch/nn/modules/module.py", line 1789, in _call_impl
[rank5]:     return forward_call(*args, **kwargs)
[rank5]:            ^^^^^^^^^^^^^^^^^^^^^^^^^^^^^
[rank5]:   File "/workspace/deps/megatron-lm/megatron/core/transformer/module.py", line 237, in forward
[rank5]:     outputs = self.module(*inputs, **kwargs)
[rank5]:               ^^^^^^^^^^^^^^^^^^^^^^^^^^^^^^
[rank5]:   File "/usr/local/lib/python3.12/dist-packages/torch/nn/modules/module.py", line 1778, in _wrapped_call_impl
[rank5]:     return self._call_impl(*args, **kwargs)
[rank5]:            ^^^^^^^^^^^^^^^^^^^^^^^^^^^^^^^^
[rank5]:   File "/usr/local/lib/python3.12/dist-packages/torch/nn/modules/module.py", line 1789, in _call_impl
[rank5]:     return forward_call(*args, **kwargs)
[rank5]:            ^^^^^^^^^^^^^^^^^^^^^^^^^^^^^
[rank5]:   File "/workspace/recsys-examples/examples/hstu/model/ranking_gr.py", line 154, in forward
[rank5]:     ) = self.get_logit_and_labels(batch)
[rank5]:         ^^^^^^^^^^^^^^^^^^^^^^^^^^^^^^^^
[rank5]:   File "/workspace/recsys-examples/examples/hstu/model/ranking_gr.py", line 129, in get_logit_and_labels
[rank5]:     hidden_states_jagged, seqlen_after_preprocessor = self._hstu_block(
[rank5]:                                                       ^^^^^^^^^^^^^^^^^
[rank5]:   File "/usr/local/lib/python3.12/dist-packages/torch/nn/modules/module.py", line 1778, in _wrapped_call_impl
[rank5]:     return self._call_impl(*args, **kwargs)
[rank5]:            ^^^^^^^^^^^^^^^^^^^^^^^^^^^^^^^^
[rank5]:   File "/usr/local/lib/python3.12/dist-packages/torch/nn/modules/module.py", line 1789, in _call_impl
[rank5]:     return forward_call(*args, **kwargs)
[rank5]:            ^^^^^^^^^^^^^^^^^^^^^^^^^^^^^
[rank5]:   File "/workspace/recsys-examples/examples/commons/utils/nvtx_op.py", line 195, in wrapper
[rank5]:     output = module_or_func(*args, **kwargs)
[rank5]:              ^^^^^^^^^^^^^^^^^^^^^^^^^^^^^^^
[rank5]:   File "/workspace/recsys-examples/examples/hstu/modules/hstu_block.py", line 85, in forward
[rank5]:     jd = hstu_layer(jd)
[rank5]:          ^^^^^^^^^^^^^^
[rank5]:   File "/usr/local/lib/python3.12/dist-packages/torch/nn/modules/module.py", line 1778, in _wrapped_call_impl
[rank5]:     return self._call_impl(*args, **kwargs)
[rank5]:            ^^^^^^^^^^^^^^^^^^^^^^^^^^^^^^^^
[rank5]:   File "/usr/local/lib/python3.12/dist-packages/torch/nn/modules/module.py", line 1789, in _call_impl
[rank5]:     return forward_call(*args, **kwargs)
[rank5]:            ^^^^^^^^^^^^^^^^^^^^^^^^^^^^^
[rank5]:   File "/workspace/recsys-examples/examples/commons/utils/nvtx_op.py", line 195, in wrapper
[rank5]:     output = module_or_func(*args, **kwargs)
[rank5]:              ^^^^^^^^^^^^^^^^^^^^^^^^^^^^^^^
[rank5]:   File "/workspace/recsys-examples/examples/hstu/modules/native_hstu_layer.py", line 263, in forward
[rank5]:     jagged_attn_output.register_hook(reset_padding_grad_hook)
[rank5]:   File "/usr/local/lib/python3.12/dist-packages/torch/_tensor.py", line 699, in register_hook
[rank5]:     raise RuntimeError(
[rank5]: RuntimeError: cannot register a hook on a tensor that doesn't require gradient
[rank4]: Traceback (most recent call last):
[rank4]:   File "/workspace/recsys-examples/examples/hstu/./training/pretrain_gr_ranking.py", line 203, in <module>
[rank4]:     main()
[rank4]:   File "/workspace/recsys-examples/examples/hstu/./training/pretrain_gr_ranking.py", line 191, in main
[rank4]:     train_with_pipeline(
[rank4]:   File "/workspace/recsys-examples/examples/hstu/training/trainer/training.py", line 282, in train_with_pipeline
[rank4]:     evaluate(
[rank4]:   File "/workspace/recsys-examples/examples/hstu/training/trainer/training.py", line 62, in evaluate
[rank4]:     reporting_loss, _, (_, logits, labels, _) = pipeline.progress(
[rank4]:                                                 ^^^^^^^^^^^^^^^^^^
[rank4]:   File "/workspace/recsys-examples/examples/commons/pipeline/train_pipeline.py", line 952, in progress
[rank4]:     losses, output = self._model_fwd(self._batch_i)
[rank4]:                      ^^^^^^^^^^^^^^^^^^^^^^^^^^^^^^
[rank4]:   File "/usr/local/lib/python3.12/dist-packages/torch/nn/modules/module.py", line 1778, in _wrapped_call_impl
[rank4]:     return self._call_impl(*args, **kwargs)
[rank4]:            ^^^^^^^^^^^^^^^^^^^^^^^^^^^^^^^^
[rank4]:   File "/usr/local/lib/python3.12/dist-packages/torch/nn/modules/module.py", line 1789, in _call_impl
[rank4]:     return forward_call(*args, **kwargs)
[rank4]:            ^^^^^^^^^^^^^^^^^^^^^^^^^^^^^
[rank4]:   File "/usr/local/lib/python3.12/dist-packages/torchrec/distributed/model_parallel.py", line 351, in forward
[rank4]:     return self._dmp_wrapped_module(*args, **kwargs)
[rank4]:            ^^^^^^^^^^^^^^^^^^^^^^^^^^^^^^^^^^^^^^^^^
[rank4]:   File "/usr/local/lib/python3.12/dist-packages/torch/nn/modules/module.py", line 1778, in _wrapped_call_impl
[rank4]:     return self._call_impl(*args, **kwargs)
[rank4]:            ^^^^^^^^^^^^^^^^^^^^^^^^^^^^^^^^
[rank4]:   File "/usr/local/lib/python3.12/dist-packages/torch/nn/modules/module.py", line 1789, in _call_impl
[rank4]:     return forward_call(*args, **kwargs)
[rank4]:            ^^^^^^^^^^^^^^^^^^^^^^^^^^^^^
[rank4]:   File "/workspace/deps/megatron-lm/megatron/core/distributed/data_parallel_base.py", line 22, in forward
[rank4]:     return self.module(*inputs, **kwargs)
[rank4]:            ^^^^^^^^^^^^^^^^^^^^^^^^^^^^^^
[rank4]:   File "/usr/local/lib/python3.12/dist-packages/torch/nn/modules/module.py", line 1778, in _wrapped_call_impl
[rank4]:     return self._call_impl(*args, **kwargs)
[rank4]:            ^^^^^^^^^^^^^^^^^^^^^^^^^^^^^^^^
[rank4]:   File "/usr/local/lib/python3.12/dist-packages/torch/nn/modules/module.py", line 1789, in _call_impl
[rank4]:     return forward_call(*args, **kwargs)
[rank4]:            ^^^^^^^^^^^^^^^^^^^^^^^^^^^^^
[rank4]:   File "/workspace/deps/megatron-lm/megatron/core/transformer/module.py", line 237, in forward
[rank4]:     outputs = self.module(*inputs, **kwargs)
[rank4]:               ^^^^^^^^^^^^^^^^^^^^^^^^^^^^^^
[rank4]:   File "/usr/local/lib/python3.12/dist-packages/torch/nn/modules/module.py", line 1778, in _wrapped_call_impl
[rank4]:     return self._call_impl(*args, **kwargs)
[rank4]:            ^^^^^^^^^^^^^^^^^^^^^^^^^^^^^^^^
[rank4]:   File "/usr/local/lib/python3.12/dist-packages/torch/nn/modules/module.py", line 1789, in _call_impl
[rank4]:     return forward_call(*args, **kwargs)
[rank4]:            ^^^^^^^^^^^^^^^^^^^^^^^^^^^^^
[rank4]:   File "/workspace/recsys-examples/examples/hstu/model/ranking_gr.py", line 154, in forward
[rank4]:     ) = self.get_logit_and_labels(batch)
[rank4]:         ^^^^^^^^^^^^^^^^^^^^^^^^^^^^^^^^
[rank4]:   File "/workspace/recsys-examples/examples/hstu/model/ranking_gr.py", line 129, in get_logit_and_labels
[rank4]:     hidden_states_jagged, seqlen_after_preprocessor = self._hstu_block(
[rank4]:                                                       ^^^^^^^^^^^^^^^^^
[rank4]:   File "/usr/local/lib/python3.12/dist-packages/torch/nn/modules/module.py", line 1778, in _wrapped_call_impl
[rank4]:     return self._call_impl(*args, **kwargs)
[rank4]:            ^^^^^^^^^^^^^^^^^^^^^^^^^^^^^^^^
[rank4]:   File "/usr/local/lib/python3.12/dist-packages/torch/nn/modules/module.py", line 1789, in _call_impl
[rank4]:     return forward_call(*args, **kwargs)
[rank4]:            ^^^^^^^^^^^^^^^^^^^^^^^^^^^^^
[rank4]:   File "/workspace/recsys-examples/examples/commons/utils/nvtx_op.py", line 195, in wrapper
[rank4]:     output = module_or_func(*args, **kwargs)
[rank4]:              ^^^^^^^^^^^^^^^^^^^^^^^^^^^^^^^
[rank4]:   File "/workspace/recsys-examples/examples/hstu/modules/hstu_block.py", line 85, in forward
[rank4]:     jd = hstu_layer(jd)
[rank4]:          ^^^^^^^^^^^^^^
[rank4]:   File "/usr/local/lib/python3.12/dist-packages/torch/nn/modules/module.py", line 1778, in _wrapped_call_impl
[rank4]:     return self._call_impl(*args, **kwargs)
[rank4]:            ^^^^^^^^^^^^^^^^^^^^^^^^^^^^^^^^
[rank4]:   File "/usr/local/lib/python3.12/dist-packages/torch/nn/modules/module.py", line 1789, in _call_impl
[rank4]:     return forward_call(*args, **kwargs)
[rank4]:            ^^^^^^^^^^^^^^^^^^^^^^^^^^^^^
[rank4]:   File "/workspace/recsys-examples/examples/commons/utils/nvtx_op.py", line 195, in wrapper
[rank4]:     output = module_or_func(*args, **kwargs)
[rank4]:              ^^^^^^^^^^^^^^^^^^^^^^^^^^^^^^^
[rank4]:   File "/workspace/recsys-examples/examples/hstu/modules/native_hstu_layer.py", line 263, in forward
[rank4]:     jagged_attn_output.register_hook(reset_padding_grad_hook)
[rank4]:   File "/usr/local/lib/python3.12/dist-packages/torch/_tensor.py", line 699, in register_hook
[rank4]:     raise RuntimeError(
[rank4]: RuntimeError: cannot register a hook on a tensor that doesn't require gradient
[rank7]:[W726 16:43:14.143584551 ProcessGroupNCCL.cpp:1648] Warning: WARNING: destroy_process_group() was not called before program exit, which can leak resources. For more info, please see https://pytorch.org/docs/stable/distributed.html#shutdown (function operator())
[rank5]:[W726 16:43:14.147539914 ProcessGroupNCCL.cpp:1648] Warning: WARNING: destroy_process_group() was not called before program exit, which can leak resources. For more info, please see https://pytorch.org/docs/stable/distributed.html#shutdown (function operator())
[rank6]:[W726 16:43:14.148609385 ProcessGroupNCCL.cpp:1648] Warning: WARNING: destroy_process_group() was not called before program exit, which can leak resources. For more info, please see https://pytorch.org/docs/stable/distributed.html#shutdown (function operator())
[rank4]:[W726 16:43:14.149107450 ProcessGroupNCCL.cpp:1648] Warning: WARNING: destroy_process_group() was not called before program exit, which can leak resources. For more info, please see https://pytorch.org/docs/stable/distributed.html#shutdown (function operator())
W0726 16:43:15.684000 1023 torch/distributed/elastic/multiprocessing/api.py:1014] Sending process 1091 closing signal SIGTERM
W0726 16:43:15.685000 1023 torch/distributed/elastic/multiprocessing/api.py:1014] Sending process 1092 closing signal SIGTERM
W0726 16:43:15.685000 1023 torch/distributed/elastic/multiprocessing/api.py:1014] Sending process 1093 closing signal SIGTERM
W0726 16:43:15.685000 1023 torch/distributed/elastic/multiprocessing/api.py:1014] Sending process 1094 closing signal SIGTERM
W0726 16:43:15.686000 1023 torch/distributed/elastic/multiprocessing/api.py:1014] Sending process 1095 closing signal SIGTERM
W0726 16:43:15.687000 1023 torch/distributed/elastic/multiprocessing/api.py:1014] Sending process 1096 closing signal SIGTERM
W0726 16:43:15.687000 1023 torch/distributed/elastic/multiprocessing/api.py:1014] Sending process 1097 closing signal SIGTERM
E0726 16:43:18.220000 1023 torch/distributed/elastic/multiprocessing/api.py:988] failed (exitcode: 1) local_rank: 7 (pid: 1098) of binary: /usr/bin/python3
Traceback (most recent call last):
  File "/usr/local/bin/torchrun", line 6, in <module>
    sys.exit(main())
             ^^^^^^
  File "/usr/local/lib/python3.12/dist-packages/torch/distributed/elastic/multiprocessing/errors/__init__.py", line 367, in wrapper
    return f(*args, **kwargs)
           ^^^^^^^^^^^^^^^^^^
  File "/usr/local/lib/python3.12/dist-packages/torch/distributed/run.py", line 1016, in main
    run(args)
  File "/usr/local/lib/python3.12/dist-packages/torch/distributed/run.py", line 1007, in run
    elastic_launch(
  File "/usr/local/lib/python3.12/dist-packages/torch/distributed/launcher/api.py", line 191, in __call__
    return launch_agent(self._config, self._entrypoint, list(args))
           ^^^^^^^^^^^^^^^^^^^^^^^^^^^^^^^^^^^^^^^^^^^^^^^^^^^^^^^^
  File "/usr/local/lib/python3.12/dist-packages/torch/distributed/launcher/api.py", line 371, in launch_agent
    raise ChildFailedError(
torch.distributed.elastic.multiprocessing.errors.ChildFailedError: 
============================================================
./training/pretrain_gr_ranking.py FAILED
------------------------------------------------------------
Failures:
[1]:
  time      : 2026-07-26_16:43:18
  host      : a297207dc66a
  rank      : 0 (local_rank: 0)
  exitcode  : -15 (pid: 1091)  (SIGTERM)
  error_file: <N/A>
  traceback : Signal 15 (SIGTERM) received by PID 1091
[2]:
  time      : 2026-07-26_16:43:18
  host      : a297207dc66a
  rank      : 1 (local_rank: 1)
  exitcode  : -15 (pid: 1092)  (SIGTERM)
  error_file: <N/A>
  traceback : Signal 15 (SIGTERM) received by PID 1092
[3]:
  time      : 2026-07-26_16:43:18
  host      : a297207dc66a
  rank      : 2 (local_rank: 2)
  exitcode  : -15 (pid: 1093)  (SIGTERM)
  error_file: <N/A>
  traceback : Signal 15 (SIGTERM) received by PID 1093
[4]:
  time      : 2026-07-26_16:43:18
  host      : a297207dc66a
  rank      : 3 (local_rank: 3)
  exitcode  : -15 (pid: 1094)  (SIGTERM)
  error_file: <N/A>
  traceback : Signal 15 (SIGTERM) received by PID 1094
[5]:
  time      : 2026-07-26_16:43:18
  host      : a297207dc66a
  rank      : 4 (local_rank: 4)
  exitcode  : 1 (pid: 1095) 
  error_file: <N/A>
  traceback : To enable traceback see: https://pytorch.org/docs/stable/elastic/errors.html
[6]:
  time      : 2026-07-26_16:43:18
  host      : a297207dc66a
  rank      : 5 (local_rank: 5)
  exitcode  : 1 (pid: 1096) 
  error_file: <N/A>
  traceback : To enable traceback see: https://pytorch.org/docs/stable/elastic/errors.html
[7]:
  time      : 2026-07-26_16:43:18
  host      : a297207dc66a
  rank      : 6 (local_rank: 6)
  exitcode  : 1 (pid: 1097) 
  error_file: <N/A>
  traceback : To enable traceback see: https://pytorch.org/docs/stable/elastic/errors.html
------------------------------------------------------------
Root Cause (first observed failure):
[0]:
  time      : 2026-07-26_16:43:15
  host      : a297207dc66a
  rank      : 7 (local_rank: 7)
  exitcode  : 1 (pid: 1098) 
  error_file: <N/A>
  traceback : To enable traceback see: https://pytorch.org/docs/stable/elastic/errors.html
============================================================
