W0726 06:00:12.038000 1017 torch/distributed/run.py:862] 
W0726 06:00:12.038000 1017 torch/distributed/run.py:862] *****************************************
W0726 06:00:12.038000 1017 torch/distributed/run.py:862] Setting OMP_NUM_THREADS environment variable for each process to be 1 in default, to avoid your system being overloaded, please further tune the variable for optimal performance in your application as needed. 
W0726 06:00:12.038000 1017 torch/distributed/run.py:862] *****************************************
WARNING: temporarily disabled some autotune configs for CUDA 12.8+
WARNING: temporarily disabled some autotune configs for CUDA 12.8+
WARNING: temporarily disabled some autotune configs for CUDA 12.8+
WARNING: temporarily disabled some autotune configs for CUDA 12.8+
WARNING: temporarily disabled some autotune configs for CUDA 12.8+
WARNING: temporarily disabled some autotune configs for CUDA 12.8+
WARNING: temporarily disabled some autotune configs for CUDA 12.8+
WARNING: temporarily disabled some autotune configs for CUDA 12.8+
NOTE! Installing ujson may make loading annotations faster.
NOTE! Installing ujson may make loading annotations faster.
NOTE! Installing ujson may make loading annotations faster.
NOTE! Installing ujson may make loading annotations faster.
NOTE! Installing ujson may make loading annotations faster.
NOTE! Installing ujson may make loading annotations faster.
NOTE! Installing ujson may make loading annotations faster.
NOTE! Installing ujson may make loading annotations faster.
[Rank 4] PID=1089, Node=N/A, LocalRank=4
[Rank 3] PID=1088, Node=N/A, LocalRank=3
[Rank 0] PID=1085, Node=N/A, LocalRank=0
[Rank 2] PID=1087, Node=N/A, LocalRank=2
[Rank 5] PID=1090, Node=N/A, LocalRank=5
[Rank 1] PID=1086, Node=N/A, LocalRank=1
[Rank 6] PID=1091, Node=N/A, LocalRank=6
[Rank 7] PID=1092, Node=N/A, LocalRank=7
[07/26/26 06:00:29] INFO     distributed env initialization done. Free cuda memory: 180925.69 MB                                                                                                                                                
[07/26/26 06:00:33] INFO     [HSTUSequenceDataset] Removed 66967 samples with sequence length < max_num_candidates (71526 samples remaining).                                                                                                   
[07/26/26 06:00:38] INFO     [HSTUSequenceDataset] Removed 66967 samples with sequence length < max_num_candidates (71526 samples remaining).                                                                                                   
/usr/local/lib/python3.12/dist-packages/transformer_engine/pytorch/module/base.py:1292: UserWarning: To guarantee overlapping TP and SP collectives with the backwardGEMMs, set environment variable CUDA_DEVICE_MAX_CONNECTIONS = 1
  warnings.warn(
/usr/local/lib/python3.12/dist-packages/transformer_engine/pytorch/module/base.py:1292: UserWarning: To guarantee overlapping TP and SP collectives with the backwardGEMMs, set environment variable CUDA_DEVICE_MAX_CONNECTIONS = 1
  warnings.warn(
/usr/local/lib/python3.12/dist-packages/transformer_engine/pytorch/module/base.py:1292: UserWarning: To guarantee overlapping TP and SP collectives with the backwardGEMMs, set environment variable CUDA_DEVICE_MAX_CONNECTIONS = 1
  warnings.warn(
WARNING:root:Sharding spec not found for _embedding_collection._data_parallel_embedding_collection.action_weights
/usr/local/lib/python3.12/dist-packages/torchrec/distributed/types.py:899: UserWarning: `_get_pg_default_device` will be deprecated, it only stays for backward-compatibility reason. If you need to find a device for object collectives, please use `_get_object_coll_device`. If you need to query the device types supported by group, please use `_device_capability(group)`. 
  device_type=_get_pg_default_device(pg).type,


Storage layout: HBM-only (single tier, GPU)
-----------+----------+----------+----------+-----------------
   tier    |  table   | init(MB) | peak(MB) | emb/opt peak(MB)
-----------+----------+----------+----------+-----------------
hbm/cuda:0 | movie_id | 7324.5   | 7324.5   | 2441.5 / 4883   
           | user_id  | 7324.5   | 7324.5   | 2441.5 / 4883   
           | ---------+----------+----------+-----------------
           | TOTAL    | 14649    | 14649    | 4883 / 9766     
-----------+----------+----------+----------+-----------------
/usr/local/lib/python3.12/dist-packages/transformer_engine/pytorch/module/base.py:1292: UserWarning: To guarantee overlapping TP and SP collectives with the backwardGEMMs, set environment variable CUDA_DEVICE_MAX_CONNECTIONS = 1
  warnings.warn(
WARNING:torchrec.distributed.utils:Sharding Type is data_parallel, caching params will be ignored
/usr/local/lib/python3.12/dist-packages/transformer_engine/pytorch/module/base.py:1292: UserWarning: To guarantee overlapping TP and SP collectives with the backwardGEMMs, set environment variable CUDA_DEVICE_MAX_CONNECTIONS = 1
  warnings.warn(
/usr/local/lib/python3.12/dist-packages/transformer_engine/pytorch/module/base.py:1292: UserWarning: To guarantee overlapping TP and SP collectives with the backwardGEMMs, set environment variable CUDA_DEVICE_MAX_CONNECTIONS = 1
  warnings.warn(
/usr/local/lib/python3.12/dist-packages/transformer_engine/pytorch/module/base.py:1292: UserWarning: To guarantee overlapping TP and SP collectives with the backwardGEMMs, set environment variable CUDA_DEVICE_MAX_CONNECTIONS = 1
  warnings.warn(
[07/26/26 06:00:39] INFO     model initialization done, start training. Free cuda memory: 154067.69 MB                                                                                                                                          
[rank0]:W0726 06:00:39.855000 1085 torch/fx/_symbolic_trace.py:53] is_fx_tracing will return true for both fx.symbolic_trace and torch.export. Please use is_fx_tracing_symbolic_tracing() for specifically fx.symbolic_trace or torch.compiler.is_compiling() for specifically torch.export/compile.
/usr/local/lib/python3.12/dist-packages/transformer_engine/pytorch/module/base.py:1292: UserWarning: To guarantee overlapping TP and SP collectives with the backwardGEMMs, set environment variable CUDA_DEVICE_MAX_CONNECTIONS = 1
  warnings.warn(
/usr/local/lib/python3.12/dist-packages/torchrec/distributed/types.py:899: UserWarning: `_get_pg_default_device` will be deprecated, it only stays for backward-compatibility reason. If you need to find a device for object collectives, please use `_get_object_coll_device`. If you need to query the device types supported by group, please use `_device_capability(group)`. 
  device_type=_get_pg_default_device(pg).type,
/usr/local/lib/python3.12/dist-packages/torchrec/distributed/types.py:899: UserWarning: `_get_pg_default_device` will be deprecated, it only stays for backward-compatibility reason. If you need to find a device for object collectives, please use `_get_object_coll_device`. If you need to query the device types supported by group, please use `_device_capability(group)`. 
  device_type=_get_pg_default_device(pg).type,
/usr/local/lib/python3.12/dist-packages/torchrec/distributed/types.py:899: UserWarning: `_get_pg_default_device` will be deprecated, it only stays for backward-compatibility reason. If you need to find a device for object collectives, please use `_get_object_coll_device`. If you need to query the device types supported by group, please use `_device_capability(group)`. 
  device_type=_get_pg_default_device(pg).type,
/usr/local/lib/python3.12/dist-packages/torchrec/distributed/types.py:899: UserWarning: `_get_pg_default_device` will be deprecated, it only stays for backward-compatibility reason. If you need to find a device for object collectives, please use `_get_object_coll_device`. If you need to query the device types supported by group, please use `_device_capability(group)`. 
  device_type=_get_pg_default_device(pg).type,
/usr/local/lib/python3.12/dist-packages/torchrec/distributed/types.py:899: UserWarning: `_get_pg_default_device` will be deprecated, it only stays for backward-compatibility reason. If you need to find a device for object collectives, please use `_get_object_coll_device`. If you need to query the device types supported by group, please use `_device_capability(group)`. 
  device_type=_get_pg_default_device(pg).type,
/usr/local/lib/python3.12/dist-packages/torchrec/distributed/types.py:899: UserWarning: `_get_pg_default_device` will be deprecated, it only stays for backward-compatibility reason. If you need to find a device for object collectives, please use `_get_object_coll_device`. If you need to query the device types supported by group, please use `_device_capability(group)`. 
  device_type=_get_pg_default_device(pg).type,
/usr/local/lib/python3.12/dist-packages/torchrec/distributed/types.py:899: UserWarning: `_get_pg_default_device` will be deprecated, it only stays for backward-compatibility reason. If you need to find a device for object collectives, please use `_get_object_coll_device`. If you need to query the device types supported by group, please use `_device_capability(group)`. 
  device_type=_get_pg_default_device(pg).type,


Storage layout: HBM-only (single tier, GPU)
-----------+----------+----------+----------+-----------------
   tier    |  table   | init(MB) | peak(MB) | emb/opt peak(MB)
-----------+----------+----------+----------+-----------------
hbm/cuda:3 | movie_id | 7324.5   | 7324.5   | 2441.5 / 4883   
           | user_id  | 7324.5   | 7324.5   | 2441.5 / 4883   
           | ---------+----------+----------+-----------------
           | TOTAL    | 14649    | 14649    | 4883 / 9766     
-----------+----------+----------+----------+-----------------


Storage layout: HBM-only (single tier, GPU)
-----------+----------+----------+----------+-----------------
   tier    |  table   | init(MB) | peak(MB) | emb/opt peak(MB)
-----------+----------+----------+----------+-----------------
hbm/cuda:4 | movie_id | 7324.5   | 7324.5   | 2441.5 / 4883   
           | user_id  | 7324.5   | 7324.5   | 2441.5 / 4883   
           | ---------+----------+----------+-----------------
           | TOTAL    | 14649    | 14649    | 4883 / 9766     
-----------+----------+----------+----------+-----------------


Storage layout: HBM-only (single tier, GPU)
-----------+----------+----------+----------+-----------------
   tier    |  table   | init(MB) | peak(MB) | emb/opt peak(MB)
-----------+----------+----------+----------+-----------------
hbm/cuda:7 | movie_id | 7324.5   | 7324.5   | 2441.5 / 4883   
           | user_id  | 7324.5   | 7324.5   | 2441.5 / 4883   
           | ---------+----------+----------+-----------------
           | TOTAL    | 14649    | 14649    | 4883 / 9766     
-----------+----------+----------+----------+-----------------


Storage layout: HBM-only (single tier, GPU)
-----------+----------+----------+----------+-----------------
   tier    |  table   | init(MB) | peak(MB) | emb/opt peak(MB)
-----------+----------+----------+----------+-----------------
hbm/cuda:6 | movie_id | 7324.5   | 7324.5   | 2441.5 / 4883   
           | user_id  | 7324.5   | 7324.5   | 2441.5 / 4883   
           | ---------+----------+----------+-----------------
           | TOTAL    | 14649    | 14649    | 4883 / 9766     
-----------+----------+----------+----------+-----------------


Storage layout: HBM-only (single tier, GPU)
-----------+----------+----------+----------+-----------------
   tier    |  table   | init(MB) | peak(MB) | emb/opt peak(MB)
-----------+----------+----------+----------+-----------------
hbm/cuda:2 | movie_id | 7324.5   | 7324.5   | 2441.5 / 4883   
           | user_id  | 7324.5   | 7324.5   | 2441.5 / 4883   
           | ---------+----------+----------+-----------------
           | TOTAL    | 14649    | 14649    | 4883 / 9766     
-----------+----------+----------+----------+-----------------


Storage layout: HBM-only (single tier, GPU)
-----------+----------+----------+----------+-----------------
   tier    |  table   | init(MB) | peak(MB) | emb/opt peak(MB)
-----------+----------+----------+----------+-----------------
hbm/cuda:5 | movie_id | 7324.5   | 7324.5   | 2441.5 / 4883   
           | user_id  | 7324.5   | 7324.5   | 2441.5 / 4883   
           | ---------+----------+----------+-----------------
           | TOTAL    | 14649    | 14649    | 4883 / 9766     
-----------+----------+----------+----------+-----------------


Storage layout: HBM-only (single tier, GPU)
-----------+----------+----------+----------+-----------------
   tier    |  table   | init(MB) | peak(MB) | emb/opt peak(MB)
-----------+----------+----------+----------+-----------------
hbm/cuda:1 | movie_id | 7324.5   | 7324.5   | 2441.5 / 4883   
           | user_id  | 7324.5   | 7324.5   | 2441.5 / 4883   
           | ---------+----------+----------+-----------------
           | TOTAL    | 14649    | 14649    | 4883 / 9766     
-----------+----------+----------+----------+-----------------
WARNING:torchrec.distributed.utils:Sharding Type is data_parallel, caching params will be ignored
WARNING:torchrec.distributed.utils:Sharding Type is data_parallel, caching params will be ignored
WARNING:torchrec.distributed.utils:Sharding Type is data_parallel, caching params will be ignored
WARNING:torchrec.distributed.utils:Sharding Type is data_parallel, caching params will be ignored
WARNING:torchrec.distributed.utils:Sharding Type is data_parallel, caching params will be ignored
WARNING:torchrec.distributed.utils:Sharding Type is data_parallel, caching params will be ignored
WARNING:torchrec.distributed.utils:Sharding Type is data_parallel, caching params will be ignored
[rank7]:W0726 06:00:41.343000 1092 torch/fx/_symbolic_trace.py:53] is_fx_tracing will return true for both fx.symbolic_trace and torch.export. Please use is_fx_tracing_symbolic_tracing() for specifically fx.symbolic_trace or torch.compiler.is_compiling() for specifically torch.export/compile.
[rank6]:W0726 06:00:41.399000 1091 torch/fx/_symbolic_trace.py:53] is_fx_tracing will return true for both fx.symbolic_trace and torch.export. Please use is_fx_tracing_symbolic_tracing() for specifically fx.symbolic_trace or torch.compiler.is_compiling() for specifically torch.export/compile.
[rank4]:W0726 06:00:41.402000 1089 torch/fx/_symbolic_trace.py:53] is_fx_tracing will return true for both fx.symbolic_trace and torch.export. Please use is_fx_tracing_symbolic_tracing() for specifically fx.symbolic_trace or torch.compiler.is_compiling() for specifically torch.export/compile.
[rank1]:W0726 06:00:41.407000 1086 torch/fx/_symbolic_trace.py:53] is_fx_tracing will return true for both fx.symbolic_trace and torch.export. Please use is_fx_tracing_symbolic_tracing() for specifically fx.symbolic_trace or torch.compiler.is_compiling() for specifically torch.export/compile.
[rank2]:W0726 06:00:41.418000 1087 torch/fx/_symbolic_trace.py:53] is_fx_tracing will return true for both fx.symbolic_trace and torch.export. Please use is_fx_tracing_symbolic_tracing() for specifically fx.symbolic_trace or torch.compiler.is_compiling() for specifically torch.export/compile.
[rank5]:W0726 06:00:41.433000 1090 torch/fx/_symbolic_trace.py:53] is_fx_tracing will return true for both fx.symbolic_trace and torch.export. Please use is_fx_tracing_symbolic_tracing() for specifically fx.symbolic_trace or torch.compiler.is_compiling() for specifically torch.export/compile.
[rank3]:W0726 06:00:41.437000 1088 torch/fx/_symbolic_trace.py:53] is_fx_tracing will return true for both fx.symbolic_trace and torch.export. Please use is_fx_tracing_symbolic_tracing() for specifically fx.symbolic_trace or torch.compiler.is_compiling() for specifically torch.export/compile.
/usr/local/lib/python3.12/dist-packages/torch/autograd/graph.py:882: UserWarning: fbgemm::dense_embedding_codegen_lookup_function: an autograd kernel was not registered to the Autograd key(s) but we are trying to backprop through it. This may lead to silently incorrect behavior. This behavior is deprecated and will be removed in a future version of PyTorch. If your operator is differentiable, please ensure you have registered an autograd kernel to the correct Autograd key (e.g. DispatchKey::Autograd, DispatchKey::CompositeImplicitAutograd). If your operator is not differentiable, or to squash this warning and use the previous behavior, please register torch::CppFunction::makeFallthrough() to DispatchKey::Autograd. (Triggered internally at /opt/pytorch/pytorch/torch/csrc/autograd/autograd_not_implemented_fallback.cpp:76.)
  return Variable._execution_engine.run_backward(  # Calls into the C++ engine to run the backward pass
/usr/local/lib/python3.12/dist-packages/torch/autograd/graph.py:882: UserWarning: TBE B200 optimization: device_major=10, feature_enabled=0, segment_length=1024 (Triggered internally at /workspace/deps/fbgemm/fbgemm_gpu/_skbuild/linux-x86_64-3.12/cmake-build/gen_embedding_backward_dense_split_unweighted_nobag_cuda.cu:416.)
  return Variable._execution_engine.run_backward(  # Calls into the C++ engine to run the backward pass
/usr/local/lib/python3.12/dist-packages/torch/autograd/graph.py:882: UserWarning: The AccumulateGrad node's stream does not match the stream of the node that produced the incoming gradient. This may incur unnecessary synchronization and break CUDA graph capture if the AccumulateGrad node's stream is the default stream. This mismatch is caused by an AccumulateGrad node created prior to the current iteration being kept alive. This can happen if the autograd graph is still being kept alive by tensors such as the loss, or if you are using DDP, which will stash a reference to the node. To resolve the mismatch, delete all references to the autograd graph or ensure that DDP initialization is performed under the same stream as subsequent forwards. If the mismatch is intentional, you can use torch.autograd.graph.set_warn_on_accumulate_grad_stream_mismatch(False) to suppress this warning. (Triggered internally at /opt/pytorch/pytorch/torch/csrc/autograd/input_buffer.cpp:240.)
  return Variable._execution_engine.run_backward(  # Calls into the C++ engine to run the backward pass
/usr/local/lib/python3.12/dist-packages/torch/autograd/graph.py:882: UserWarning: fbgemm::dense_embedding_codegen_lookup_function: an autograd kernel was not registered to the Autograd key(s) but we are trying to backprop through it. This may lead to silently incorrect behavior. This behavior is deprecated and will be removed in a future version of PyTorch. If your operator is differentiable, please ensure you have registered an autograd kernel to the correct Autograd key (e.g. DispatchKey::Autograd, DispatchKey::CompositeImplicitAutograd). If your operator is not differentiable, or to squash this warning and use the previous behavior, please register torch::CppFunction::makeFallthrough() to DispatchKey::Autograd. (Triggered internally at /opt/pytorch/pytorch/torch/csrc/autograd/autograd_not_implemented_fallback.cpp:76.)
  return Variable._execution_engine.run_backward(  # Calls into the C++ engine to run the backward pass
/usr/local/lib/python3.12/dist-packages/torch/autograd/graph.py:882: UserWarning: fbgemm::dense_embedding_codegen_lookup_function: an autograd kernel was not registered to the Autograd key(s) but we are trying to backprop through it. This may lead to silently incorrect behavior. This behavior is deprecated and will be removed in a future version of PyTorch. If your operator is differentiable, please ensure you have registered an autograd kernel to the correct Autograd key (e.g. DispatchKey::Autograd, DispatchKey::CompositeImplicitAutograd). If your operator is not differentiable, or to squash this warning and use the previous behavior, please register torch::CppFunction::makeFallthrough() to DispatchKey::Autograd. (Triggered internally at /opt/pytorch/pytorch/torch/csrc/autograd/autograd_not_implemented_fallback.cpp:76.)
  return Variable._execution_engine.run_backward(  # Calls into the C++ engine to run the backward pass
/usr/local/lib/python3.12/dist-packages/torch/autograd/graph.py:882: UserWarning: TBE B200 optimization: device_major=10, feature_enabled=0, segment_length=1024 (Triggered internally at /workspace/deps/fbgemm/fbgemm_gpu/_skbuild/linux-x86_64-3.12/cmake-build/gen_embedding_backward_dense_split_unweighted_nobag_cuda.cu:416.)
  return Variable._execution_engine.run_backward(  # Calls into the C++ engine to run the backward pass
/usr/local/lib/python3.12/dist-packages/torch/autograd/graph.py:882: UserWarning: TBE B200 optimization: device_major=10, feature_enabled=0, segment_length=1024 (Triggered internally at /workspace/deps/fbgemm/fbgemm_gpu/_skbuild/linux-x86_64-3.12/cmake-build/gen_embedding_backward_dense_split_unweighted_nobag_cuda.cu:416.)
  return Variable._execution_engine.run_backward(  # Calls into the C++ engine to run the backward pass
/usr/local/lib/python3.12/dist-packages/torch/autograd/graph.py:882: UserWarning: The AccumulateGrad node's stream does not match the stream of the node that produced the incoming gradient. This may incur unnecessary synchronization and break CUDA graph capture if the AccumulateGrad node's stream is the default stream. This mismatch is caused by an AccumulateGrad node created prior to the current iteration being kept alive. This can happen if the autograd graph is still being kept alive by tensors such as the loss, or if you are using DDP, which will stash a reference to the node. To resolve the mismatch, delete all references to the autograd graph or ensure that DDP initialization is performed under the same stream as subsequent forwards. If the mismatch is intentional, you can use torch.autograd.graph.set_warn_on_accumulate_grad_stream_mismatch(False) to suppress this warning. (Triggered internally at /opt/pytorch/pytorch/torch/csrc/autograd/input_buffer.cpp:240.)
  return Variable._execution_engine.run_backward(  # Calls into the C++ engine to run the backward pass
/usr/local/lib/python3.12/dist-packages/torch/autograd/graph.py:882: UserWarning: The AccumulateGrad node's stream does not match the stream of the node that produced the incoming gradient. This may incur unnecessary synchronization and break CUDA graph capture if the AccumulateGrad node's stream is the default stream. This mismatch is caused by an AccumulateGrad node created prior to the current iteration being kept alive. This can happen if the autograd graph is still being kept alive by tensors such as the loss, or if you are using DDP, which will stash a reference to the node. To resolve the mismatch, delete all references to the autograd graph or ensure that DDP initialization is performed under the same stream as subsequent forwards. If the mismatch is intentional, you can use torch.autograd.graph.set_warn_on_accumulate_grad_stream_mismatch(False) to suppress this warning. (Triggered internally at /opt/pytorch/pytorch/torch/csrc/autograd/input_buffer.cpp:240.)
  return Variable._execution_engine.run_backward(  # Calls into the C++ engine to run the backward pass
/usr/local/lib/python3.12/dist-packages/torch/autograd/graph.py:882: UserWarning: fbgemm::dense_embedding_codegen_lookup_function: an autograd kernel was not registered to the Autograd key(s) but we are trying to backprop through it. This may lead to silently incorrect behavior. This behavior is deprecated and will be removed in a future version of PyTorch. If your operator is differentiable, please ensure you have registered an autograd kernel to the correct Autograd key (e.g. DispatchKey::Autograd, DispatchKey::CompositeImplicitAutograd). If your operator is not differentiable, or to squash this warning and use the previous behavior, please register torch::CppFunction::makeFallthrough() to DispatchKey::Autograd. (Triggered internally at /opt/pytorch/pytorch/torch/csrc/autograd/autograd_not_implemented_fallback.cpp:76.)
  return Variable._execution_engine.run_backward(  # Calls into the C++ engine to run the backward pass
/usr/local/lib/python3.12/dist-packages/torch/autograd/graph.py:882: UserWarning: TBE B200 optimization: device_major=10, feature_enabled=0, segment_length=1024 (Triggered internally at /workspace/deps/fbgemm/fbgemm_gpu/_skbuild/linux-x86_64-3.12/cmake-build/gen_embedding_backward_dense_split_unweighted_nobag_cuda.cu:416.)
  return Variable._execution_engine.run_backward(  # Calls into the C++ engine to run the backward pass
/usr/local/lib/python3.12/dist-packages/torch/autograd/graph.py:882: UserWarning: The AccumulateGrad node's stream does not match the stream of the node that produced the incoming gradient. This may incur unnecessary synchronization and break CUDA graph capture if the AccumulateGrad node's stream is the default stream. This mismatch is caused by an AccumulateGrad node created prior to the current iteration being kept alive. This can happen if the autograd graph is still being kept alive by tensors such as the loss, or if you are using DDP, which will stash a reference to the node. To resolve the mismatch, delete all references to the autograd graph or ensure that DDP initialization is performed under the same stream as subsequent forwards. If the mismatch is intentional, you can use torch.autograd.graph.set_warn_on_accumulate_grad_stream_mismatch(False) to suppress this warning. (Triggered internally at /opt/pytorch/pytorch/torch/csrc/autograd/input_buffer.cpp:240.)
  return Variable._execution_engine.run_backward(  # Calls into the C++ engine to run the backward pass
/usr/local/lib/python3.12/dist-packages/torch/autograd/graph.py:882: UserWarning: fbgemm::dense_embedding_codegen_lookup_function: an autograd kernel was not registered to the Autograd key(s) but we are trying to backprop through it. This may lead to silently incorrect behavior. This behavior is deprecated and will be removed in a future version of PyTorch. If your operator is differentiable, please ensure you have registered an autograd kernel to the correct Autograd key (e.g. DispatchKey::Autograd, DispatchKey::CompositeImplicitAutograd). If your operator is not differentiable, or to squash this warning and use the previous behavior, please register torch::CppFunction::makeFallthrough() to DispatchKey::Autograd. (Triggered internally at /opt/pytorch/pytorch/torch/csrc/autograd/autograd_not_implemented_fallback.cpp:76.)
  return Variable._execution_engine.run_backward(  # Calls into the C++ engine to run the backward pass
/usr/local/lib/python3.12/dist-packages/torch/autograd/graph.py:882: UserWarning: TBE B200 optimization: device_major=10, feature_enabled=0, segment_length=1024 (Triggered internally at /workspace/deps/fbgemm/fbgemm_gpu/_skbuild/linux-x86_64-3.12/cmake-build/gen_embedding_backward_dense_split_unweighted_nobag_cuda.cu:416.)
  return Variable._execution_engine.run_backward(  # Calls into the C++ engine to run the backward pass
/usr/local/lib/python3.12/dist-packages/torch/autograd/graph.py:882: UserWarning: The AccumulateGrad node's stream does not match the stream of the node that produced the incoming gradient. This may incur unnecessary synchronization and break CUDA graph capture if the AccumulateGrad node's stream is the default stream. This mismatch is caused by an AccumulateGrad node created prior to the current iteration being kept alive. This can happen if the autograd graph is still being kept alive by tensors such as the loss, or if you are using DDP, which will stash a reference to the node. To resolve the mismatch, delete all references to the autograd graph or ensure that DDP initialization is performed under the same stream as subsequent forwards. If the mismatch is intentional, you can use torch.autograd.graph.set_warn_on_accumulate_grad_stream_mismatch(False) to suppress this warning. (Triggered internally at /opt/pytorch/pytorch/torch/csrc/autograd/input_buffer.cpp:240.)
  return Variable._execution_engine.run_backward(  # Calls into the C++ engine to run the backward pass
/usr/local/lib/python3.12/dist-packages/torch/autograd/graph.py:882: UserWarning: fbgemm::dense_embedding_codegen_lookup_function: an autograd kernel was not registered to the Autograd key(s) but we are trying to backprop through it. This may lead to silently incorrect behavior. This behavior is deprecated and will be removed in a future version of PyTorch. If your operator is differentiable, please ensure you have registered an autograd kernel to the correct Autograd key (e.g. DispatchKey::Autograd, DispatchKey::CompositeImplicitAutograd). If your operator is not differentiable, or to squash this warning and use the previous behavior, please register torch::CppFunction::makeFallthrough() to DispatchKey::Autograd. (Triggered internally at /opt/pytorch/pytorch/torch/csrc/autograd/autograd_not_implemented_fallback.cpp:76.)
  return Variable._execution_engine.run_backward(  # Calls into the C++ engine to run the backward pass
/usr/local/lib/python3.12/dist-packages/torch/autograd/graph.py:882: UserWarning: TBE B200 optimization: device_major=10, feature_enabled=0, segment_length=1024 (Triggered internally at /workspace/deps/fbgemm/fbgemm_gpu/_skbuild/linux-x86_64-3.12/cmake-build/gen_embedding_backward_dense_split_unweighted_nobag_cuda.cu:416.)
  return Variable._execution_engine.run_backward(  # Calls into the C++ engine to run the backward pass
/usr/local/lib/python3.12/dist-packages/torch/autograd/graph.py:882: UserWarning: The AccumulateGrad node's stream does not match the stream of the node that produced the incoming gradient. This may incur unnecessary synchronization and break CUDA graph capture if the AccumulateGrad node's stream is the default stream. This mismatch is caused by an AccumulateGrad node created prior to the current iteration being kept alive. This can happen if the autograd graph is still being kept alive by tensors such as the loss, or if you are using DDP, which will stash a reference to the node. To resolve the mismatch, delete all references to the autograd graph or ensure that DDP initialization is performed under the same stream as subsequent forwards. If the mismatch is intentional, you can use torch.autograd.graph.set_warn_on_accumulate_grad_stream_mismatch(False) to suppress this warning. (Triggered internally at /opt/pytorch/pytorch/torch/csrc/autograd/input_buffer.cpp:240.)
  return Variable._execution_engine.run_backward(  # Calls into the C++ engine to run the backward pass
/usr/local/lib/python3.12/dist-packages/torch/autograd/graph.py:882: UserWarning: fbgemm::dense_embedding_codegen_lookup_function: an autograd kernel was not registered to the Autograd key(s) but we are trying to backprop through it. This may lead to silently incorrect behavior. This behavior is deprecated and will be removed in a future version of PyTorch. If your operator is differentiable, please ensure you have registered an autograd kernel to the correct Autograd key (e.g. DispatchKey::Autograd, DispatchKey::CompositeImplicitAutograd). If your operator is not differentiable, or to squash this warning and use the previous behavior, please register torch::CppFunction::makeFallthrough() to DispatchKey::Autograd. (Triggered internally at /opt/pytorch/pytorch/torch/csrc/autograd/autograd_not_implemented_fallback.cpp:76.)
  return Variable._execution_engine.run_backward(  # Calls into the C++ engine to run the backward pass
/usr/local/lib/python3.12/dist-packages/torch/autograd/graph.py:882: UserWarning: TBE B200 optimization: device_major=10, feature_enabled=0, segment_length=1024 (Triggered internally at /workspace/deps/fbgemm/fbgemm_gpu/_skbuild/linux-x86_64-3.12/cmake-build/gen_embedding_backward_dense_split_unweighted_nobag_cuda.cu:416.)
  return Variable._execution_engine.run_backward(  # Calls into the C++ engine to run the backward pass
/usr/local/lib/python3.12/dist-packages/torch/autograd/graph.py:882: UserWarning: The AccumulateGrad node's stream does not match the stream of the node that produced the incoming gradient. This may incur unnecessary synchronization and break CUDA graph capture if the AccumulateGrad node's stream is the default stream. This mismatch is caused by an AccumulateGrad node created prior to the current iteration being kept alive. This can happen if the autograd graph is still being kept alive by tensors such as the loss, or if you are using DDP, which will stash a reference to the node. To resolve the mismatch, delete all references to the autograd graph or ensure that DDP initialization is performed under the same stream as subsequent forwards. If the mismatch is intentional, you can use torch.autograd.graph.set_warn_on_accumulate_grad_stream_mismatch(False) to suppress this warning. (Triggered internally at /opt/pytorch/pytorch/torch/csrc/autograd/input_buffer.cpp:240.)
  return Variable._execution_engine.run_backward(  # Calls into the C++ engine to run the backward pass
/usr/local/lib/python3.12/dist-packages/torch/autograd/graph.py:882: UserWarning: fbgemm::dense_embedding_codegen_lookup_function: an autograd kernel was not registered to the Autograd key(s) but we are trying to backprop through it. This may lead to silently incorrect behavior. This behavior is deprecated and will be removed in a future version of PyTorch. If your operator is differentiable, please ensure you have registered an autograd kernel to the correct Autograd key (e.g. DispatchKey::Autograd, DispatchKey::CompositeImplicitAutograd). If your operator is not differentiable, or to squash this warning and use the previous behavior, please register torch::CppFunction::makeFallthrough() to DispatchKey::Autograd. (Triggered internally at /opt/pytorch/pytorch/torch/csrc/autograd/autograd_not_implemented_fallback.cpp:76.)
  return Variable._execution_engine.run_backward(  # Calls into the C++ engine to run the backward pass
/usr/local/lib/python3.12/dist-packages/torch/autograd/graph.py:882: UserWarning: TBE B200 optimization: device_major=10, feature_enabled=0, segment_length=1024 (Triggered internally at /workspace/deps/fbgemm/fbgemm_gpu/_skbuild/linux-x86_64-3.12/cmake-build/gen_embedding_backward_dense_split_unweighted_nobag_cuda.cu:416.)
  return Variable._execution_engine.run_backward(  # Calls into the C++ engine to run the backward pass
/usr/local/lib/python3.12/dist-packages/torch/autograd/graph.py:882: UserWarning: The AccumulateGrad node's stream does not match the stream of the node that produced the incoming gradient. This may incur unnecessary synchronization and break CUDA graph capture if the AccumulateGrad node's stream is the default stream. This mismatch is caused by an AccumulateGrad node created prior to the current iteration being kept alive. This can happen if the autograd graph is still being kept alive by tensors such as the loss, or if you are using DDP, which will stash a reference to the node. To resolve the mismatch, delete all references to the autograd graph or ensure that DDP initialization is performed under the same stream as subsequent forwards. If the mismatch is intentional, you can use torch.autograd.graph.set_warn_on_accumulate_grad_stream_mismatch(False) to suppress this warning. (Triggered internally at /opt/pytorch/pytorch/torch/csrc/autograd/input_buffer.cpp:240.)
  return Variable._execution_engine.run_backward(  # Calls into the C++ engine to run the backward pass
[07/26/26 06:02:06] INFO     [train] [iter 19, tokens 40960, elapsed_time 85353.55 ms, achieved FLOPS 169.37 TFLOPS, MFU 0.94%]: loss nan                                                                                                       
/usr/local/lib/python3.12/dist-packages/torch/autograd/graph.py:882: UserWarning: fbgemm::dense_embedding_codegen_lookup_function: an autograd kernel was not registered to the Autograd key(s) but we are trying to backprop through it. This may lead to silently incorrect behavior. This behavior is deprecated and will be removed in a future version of PyTorch. If your operator is differentiable, please ensure you have registered an autograd kernel to the correct Autograd key (e.g. DispatchKey::Autograd, DispatchKey::CompositeImplicitAutograd). If your operator is not differentiable, or to squash this warning and use the previous behavior, please register torch::CppFunction::makeFallthrough() to DispatchKey::Autograd. (Triggered internally at /opt/pytorch/pytorch/torch/csrc/autograd/autograd_not_implemented_fallback.cpp:76.)
  return Variable._execution_engine.run_backward(  # Calls into the C++ engine to run the backward pass
/usr/local/lib/python3.12/dist-packages/torch/autograd/graph.py:882: UserWarning: fbgemm::dense_embedding_codegen_lookup_function: an autograd kernel was not registered to the Autograd key(s) but we are trying to backprop through it. This may lead to silently incorrect behavior. This behavior is deprecated and will be removed in a future version of PyTorch. If your operator is differentiable, please ensure you have registered an autograd kernel to the correct Autograd key (e.g. DispatchKey::Autograd, DispatchKey::CompositeImplicitAutograd). If your operator is not differentiable, or to squash this warning and use the previous behavior, please register torch::CppFunction::makeFallthrough() to DispatchKey::Autograd. (Triggered internally at /opt/pytorch/pytorch/torch/csrc/autograd/autograd_not_implemented_fallback.cpp:76.)
  return Variable._execution_engine.run_backward(  # Calls into the C++ engine to run the backward pass
/usr/local/lib/python3.12/dist-packages/torch/autograd/graph.py:882: UserWarning: fbgemm::dense_embedding_codegen_lookup_function: an autograd kernel was not registered to the Autograd key(s) but we are trying to backprop through it. This may lead to silently incorrect behavior. This behavior is deprecated and will be removed in a future version of PyTorch. If your operator is differentiable, please ensure you have registered an autograd kernel to the correct Autograd key (e.g. DispatchKey::Autograd, DispatchKey::CompositeImplicitAutograd). If your operator is not differentiable, or to squash this warning and use the previous behavior, please register torch::CppFunction::makeFallthrough() to DispatchKey::Autograd. (Triggered internally at /opt/pytorch/pytorch/torch/csrc/autograd/autograd_not_implemented_fallback.cpp:76.)
  return Variable._execution_engine.run_backward(  # Calls into the C++ engine to run the backward pass
/usr/local/lib/python3.12/dist-packages/torch/autograd/graph.py:882: UserWarning: fbgemm::dense_embedding_codegen_lookup_function: an autograd kernel was not registered to the Autograd key(s) but we are trying to backprop through it. This may lead to silently incorrect behavior. This behavior is deprecated and will be removed in a future version of PyTorch. If your operator is differentiable, please ensure you have registered an autograd kernel to the correct Autograd key (e.g. DispatchKey::Autograd, DispatchKey::CompositeImplicitAutograd). If your operator is not differentiable, or to squash this warning and use the previous behavior, please register torch::CppFunction::makeFallthrough() to DispatchKey::Autograd. (Triggered internally at /opt/pytorch/pytorch/torch/csrc/autograd/autograd_not_implemented_fallback.cpp:76.)
  return Variable._execution_engine.run_backward(  # Calls into the C++ engine to run the backward pass
/usr/local/lib/python3.12/dist-packages/torch/autograd/graph.py:882: UserWarning: fbgemm::dense_embedding_codegen_lookup_function: an autograd kernel was not registered to the Autograd key(s) but we are trying to backprop through it. This may lead to silently incorrect behavior. This behavior is deprecated and will be removed in a future version of PyTorch. If your operator is differentiable, please ensure you have registered an autograd kernel to the correct Autograd key (e.g. DispatchKey::Autograd, DispatchKey::CompositeImplicitAutograd). If your operator is not differentiable, or to squash this warning and use the previous behavior, please register torch::CppFunction::makeFallthrough() to DispatchKey::Autograd. (Triggered internally at /opt/pytorch/pytorch/torch/csrc/autograd/autograd_not_implemented_fallback.cpp:76.)
  return Variable._execution_engine.run_backward(  # Calls into the C++ engine to run the backward pass
/usr/local/lib/python3.12/dist-packages/torch/autograd/graph.py:882: UserWarning: fbgemm::dense_embedding_codegen_lookup_function: an autograd kernel was not registered to the Autograd key(s) but we are trying to backprop through it. This may lead to silently incorrect behavior. This behavior is deprecated and will be removed in a future version of PyTorch. If your operator is differentiable, please ensure you have registered an autograd kernel to the correct Autograd key (e.g. DispatchKey::Autograd, DispatchKey::CompositeImplicitAutograd). If your operator is not differentiable, or to squash this warning and use the previous behavior, please register torch::CppFunction::makeFallthrough() to DispatchKey::Autograd. (Triggered internally at /opt/pytorch/pytorch/torch/csrc/autograd/autograd_not_implemented_fallback.cpp:76.)
  return Variable._execution_engine.run_backward(  # Calls into the C++ engine to run the backward pass
/usr/local/lib/python3.12/dist-packages/torch/autograd/graph.py:882: UserWarning: fbgemm::dense_embedding_codegen_lookup_function: an autograd kernel was not registered to the Autograd key(s) but we are trying to backprop through it. This may lead to silently incorrect behavior. This behavior is deprecated and will be removed in a future version of PyTorch. If your operator is differentiable, please ensure you have registered an autograd kernel to the correct Autograd key (e.g. DispatchKey::Autograd, DispatchKey::CompositeImplicitAutograd). If your operator is not differentiable, or to squash this warning and use the previous behavior, please register torch::CppFunction::makeFallthrough() to DispatchKey::Autograd. (Triggered internally at /opt/pytorch/pytorch/torch/csrc/autograd/autograd_not_implemented_fallback.cpp:76.)
  return Variable._execution_engine.run_backward(  # Calls into the C++ engine to run the backward pass
/usr/local/lib/python3.12/dist-packages/torch/autograd/graph.py:882: UserWarning: fbgemm::dense_embedding_codegen_lookup_function: an autograd kernel was not registered to the Autograd key(s) but we are trying to backprop through it. This may lead to silently incorrect behavior. This behavior is deprecated and will be removed in a future version of PyTorch. If your operator is differentiable, please ensure you have registered an autograd kernel to the correct Autograd key (e.g. DispatchKey::Autograd, DispatchKey::CompositeImplicitAutograd). If your operator is not differentiable, or to squash this warning and use the previous behavior, please register torch::CppFunction::makeFallthrough() to DispatchKey::Autograd. (Triggered internally at /opt/pytorch/pytorch/torch/csrc/autograd/autograd_not_implemented_fallback.cpp:76.)
  return Variable._execution_engine.run_backward(  # Calls into the C++ engine to run the backward pass
[07/26/26 06:02:29] INFO     [train] [iter 39, tokens 40960, elapsed_time 21715.06 ms, achieved FLOPS 737.86 TFLOPS, MFU 4.10%]: loss nan                                                                                                       
/usr/local/lib/python3.12/dist-packages/torch/autograd/graph.py:882: UserWarning: fbgemm::dense_embedding_codegen_lookup_function: an autograd kernel was not registered to the Autograd key(s) but we are trying to backprop through it. This may lead to silently incorrect behavior. This behavior is deprecated and will be removed in a future version of PyTorch. If your operator is differentiable, please ensure you have registered an autograd kernel to the correct Autograd key (e.g. DispatchKey::Autograd, DispatchKey::CompositeImplicitAutograd). If your operator is not differentiable, or to squash this warning and use the previous behavior, please register torch::CppFunction::makeFallthrough() to DispatchKey::Autograd. (Triggered internally at /opt/pytorch/pytorch/torch/csrc/autograd/autograd_not_implemented_fallback.cpp:76.)
  return Variable._execution_engine.run_backward(  # Calls into the C++ engine to run the backward pass
/usr/local/lib/python3.12/dist-packages/torch/autograd/graph.py:882: UserWarning: fbgemm::dense_embedding_codegen_lookup_function: an autograd kernel was not registered to the Autograd key(s) but we are trying to backprop through it. This may lead to silently incorrect behavior. This behavior is deprecated and will be removed in a future version of PyTorch. If your operator is differentiable, please ensure you have registered an autograd kernel to the correct Autograd key (e.g. DispatchKey::Autograd, DispatchKey::CompositeImplicitAutograd). If your operator is not differentiable, or to squash this warning and use the previous behavior, please register torch::CppFunction::makeFallthrough() to DispatchKey::Autograd. (Triggered internally at /opt/pytorch/pytorch/torch/csrc/autograd/autograd_not_implemented_fallback.cpp:76.)
  return Variable._execution_engine.run_backward(  # Calls into the C++ engine to run the backward pass
/usr/local/lib/python3.12/dist-packages/torch/autograd/graph.py:882: UserWarning: fbgemm::dense_embedding_codegen_lookup_function: an autograd kernel was not registered to the Autograd key(s) but we are trying to backprop through it. This may lead to silently incorrect behavior. This behavior is deprecated and will be removed in a future version of PyTorch. If your operator is differentiable, please ensure you have registered an autograd kernel to the correct Autograd key (e.g. DispatchKey::Autograd, DispatchKey::CompositeImplicitAutograd). If your operator is not differentiable, or to squash this warning and use the previous behavior, please register torch::CppFunction::makeFallthrough() to DispatchKey::Autograd. (Triggered internally at /opt/pytorch/pytorch/torch/csrc/autograd/autograd_not_implemented_fallback.cpp:76.)
  return Variable._execution_engine.run_backward(  # Calls into the C++ engine to run the backward pass
/usr/local/lib/python3.12/dist-packages/torch/autograd/graph.py:882: UserWarning: fbgemm::dense_embedding_codegen_lookup_function: an autograd kernel was not registered to the Autograd key(s) but we are trying to backprop through it. This may lead to silently incorrect behavior. This behavior is deprecated and will be removed in a future version of PyTorch. If your operator is differentiable, please ensure you have registered an autograd kernel to the correct Autograd key (e.g. DispatchKey::Autograd, DispatchKey::CompositeImplicitAutograd). If your operator is not differentiable, or to squash this warning and use the previous behavior, please register torch::CppFunction::makeFallthrough() to DispatchKey::Autograd. (Triggered internally at /opt/pytorch/pytorch/torch/csrc/autograd/autograd_not_implemented_fallback.cpp:76.)
  return Variable._execution_engine.run_backward(  # Calls into the C++ engine to run the backward pass
/usr/local/lib/python3.12/dist-packages/torch/autograd/graph.py:882: UserWarning: fbgemm::dense_embedding_codegen_lookup_function: an autograd kernel was not registered to the Autograd key(s) but we are trying to backprop through it. This may lead to silently incorrect behavior. This behavior is deprecated and will be removed in a future version of PyTorch. If your operator is differentiable, please ensure you have registered an autograd kernel to the correct Autograd key (e.g. DispatchKey::Autograd, DispatchKey::CompositeImplicitAutograd). If your operator is not differentiable, or to squash this warning and use the previous behavior, please register torch::CppFunction::makeFallthrough() to DispatchKey::Autograd. (Triggered internally at /opt/pytorch/pytorch/torch/csrc/autograd/autograd_not_implemented_fallback.cpp:76.)
  return Variable._execution_engine.run_backward(  # Calls into the C++ engine to run the backward pass
/usr/local/lib/python3.12/dist-packages/torch/autograd/graph.py:882: UserWarning: fbgemm::dense_embedding_codegen_lookup_function: an autograd kernel was not registered to the Autograd key(s) but we are trying to backprop through it. This may lead to silently incorrect behavior. This behavior is deprecated and will be removed in a future version of PyTorch. If your operator is differentiable, please ensure you have registered an autograd kernel to the correct Autograd key (e.g. DispatchKey::Autograd, DispatchKey::CompositeImplicitAutograd). If your operator is not differentiable, or to squash this warning and use the previous behavior, please register torch::CppFunction::makeFallthrough() to DispatchKey::Autograd. (Triggered internally at /opt/pytorch/pytorch/torch/csrc/autograd/autograd_not_implemented_fallback.cpp:76.)
  return Variable._execution_engine.run_backward(  # Calls into the C++ engine to run the backward pass
/usr/local/lib/python3.12/dist-packages/torch/autograd/graph.py:882: UserWarning: fbgemm::dense_embedding_codegen_lookup_function: an autograd kernel was not registered to the Autograd key(s) but we are trying to backprop through it. This may lead to silently incorrect behavior. This behavior is deprecated and will be removed in a future version of PyTorch. If your operator is differentiable, please ensure you have registered an autograd kernel to the correct Autograd key (e.g. DispatchKey::Autograd, DispatchKey::CompositeImplicitAutograd). If your operator is not differentiable, or to squash this warning and use the previous behavior, please register torch::CppFunction::makeFallthrough() to DispatchKey::Autograd. (Triggered internally at /opt/pytorch/pytorch/torch/csrc/autograd/autograd_not_implemented_fallback.cpp:76.)
  return Variable._execution_engine.run_backward(  # Calls into the C++ engine to run the backward pass
/usr/local/lib/python3.12/dist-packages/torch/autograd/graph.py:882: UserWarning: fbgemm::dense_embedding_codegen_lookup_function: an autograd kernel was not registered to the Autograd key(s) but we are trying to backprop through it. This may lead to silently incorrect behavior. This behavior is deprecated and will be removed in a future version of PyTorch. If your operator is differentiable, please ensure you have registered an autograd kernel to the correct Autograd key (e.g. DispatchKey::Autograd, DispatchKey::CompositeImplicitAutograd). If your operator is not differentiable, or to squash this warning and use the previous behavior, please register torch::CppFunction::makeFallthrough() to DispatchKey::Autograd. (Triggered internally at /opt/pytorch/pytorch/torch/csrc/autograd/autograd_not_implemented_fallback.cpp:76.)
  return Variable._execution_engine.run_backward(  # Calls into the C++ engine to run the backward pass
[07/26/26 06:02:55] INFO     [train] [iter 59, tokens 40960, elapsed_time 23357.14 ms, achieved FLOPS 705.67 TFLOPS, MFU 3.92%]: loss nan                                                                                                       
/usr/local/lib/python3.12/dist-packages/torch/autograd/graph.py:882: UserWarning: fbgemm::dense_embedding_codegen_lookup_function: an autograd kernel was not registered to the Autograd key(s) but we are trying to backprop through it. This may lead to silently incorrect behavior. This behavior is deprecated and will be removed in a future version of PyTorch. If your operator is differentiable, please ensure you have registered an autograd kernel to the correct Autograd key (e.g. DispatchKey::Autograd, DispatchKey::CompositeImplicitAutograd). If your operator is not differentiable, or to squash this warning and use the previous behavior, please register torch::CppFunction::makeFallthrough() to DispatchKey::Autograd. (Triggered internally at /opt/pytorch/pytorch/torch/csrc/autograd/autograd_not_implemented_fallback.cpp:76.)
  return Variable._execution_engine.run_backward(  # Calls into the C++ engine to run the backward pass
/usr/local/lib/python3.12/dist-packages/torch/autograd/graph.py:882: UserWarning: fbgemm::dense_embedding_codegen_lookup_function: an autograd kernel was not registered to the Autograd key(s) but we are trying to backprop through it. This may lead to silently incorrect behavior. This behavior is deprecated and will be removed in a future version of PyTorch. If your operator is differentiable, please ensure you have registered an autograd kernel to the correct Autograd key (e.g. DispatchKey::Autograd, DispatchKey::CompositeImplicitAutograd). If your operator is not differentiable, or to squash this warning and use the previous behavior, please register torch::CppFunction::makeFallthrough() to DispatchKey::Autograd. (Triggered internally at /opt/pytorch/pytorch/torch/csrc/autograd/autograd_not_implemented_fallback.cpp:76.)
  return Variable._execution_engine.run_backward(  # Calls into the C++ engine to run the backward pass
/usr/local/lib/python3.12/dist-packages/torch/autograd/graph.py:882: UserWarning: fbgemm::dense_embedding_codegen_lookup_function: an autograd kernel was not registered to the Autograd key(s) but we are trying to backprop through it. This may lead to silently incorrect behavior. This behavior is deprecated and will be removed in a future version of PyTorch. If your operator is differentiable, please ensure you have registered an autograd kernel to the correct Autograd key (e.g. DispatchKey::Autograd, DispatchKey::CompositeImplicitAutograd). If your operator is not differentiable, or to squash this warning and use the previous behavior, please register torch::CppFunction::makeFallthrough() to DispatchKey::Autograd. (Triggered internally at /opt/pytorch/pytorch/torch/csrc/autograd/autograd_not_implemented_fallback.cpp:76.)
  return Variable._execution_engine.run_backward(  # Calls into the C++ engine to run the backward pass
/usr/local/lib/python3.12/dist-packages/torch/autograd/graph.py:882: UserWarning: fbgemm::dense_embedding_codegen_lookup_function: an autograd kernel was not registered to the Autograd key(s) but we are trying to backprop through it. This may lead to silently incorrect behavior. This behavior is deprecated and will be removed in a future version of PyTorch. If your operator is differentiable, please ensure you have registered an autograd kernel to the correct Autograd key (e.g. DispatchKey::Autograd, DispatchKey::CompositeImplicitAutograd). If your operator is not differentiable, or to squash this warning and use the previous behavior, please register torch::CppFunction::makeFallthrough() to DispatchKey::Autograd. (Triggered internally at /opt/pytorch/pytorch/torch/csrc/autograd/autograd_not_implemented_fallback.cpp:76.)
  return Variable._execution_engine.run_backward(  # Calls into the C++ engine to run the backward pass
/usr/local/lib/python3.12/dist-packages/torch/autograd/graph.py:882: UserWarning: fbgemm::dense_embedding_codegen_lookup_function: an autograd kernel was not registered to the Autograd key(s) but we are trying to backprop through it. This may lead to silently incorrect behavior. This behavior is deprecated and will be removed in a future version of PyTorch. If your operator is differentiable, please ensure you have registered an autograd kernel to the correct Autograd key (e.g. DispatchKey::Autograd, DispatchKey::CompositeImplicitAutograd). If your operator is not differentiable, or to squash this warning and use the previous behavior, please register torch::CppFunction::makeFallthrough() to DispatchKey::Autograd. (Triggered internally at /opt/pytorch/pytorch/torch/csrc/autograd/autograd_not_implemented_fallback.cpp:76.)
  return Variable._execution_engine.run_backward(  # Calls into the C++ engine to run the backward pass
/usr/local/lib/python3.12/dist-packages/torch/autograd/graph.py:882: UserWarning: fbgemm::dense_embedding_codegen_lookup_function: an autograd kernel was not registered to the Autograd key(s) but we are trying to backprop through it. This may lead to silently incorrect behavior. This behavior is deprecated and will be removed in a future version of PyTorch. If your operator is differentiable, please ensure you have registered an autograd kernel to the correct Autograd key (e.g. DispatchKey::Autograd, DispatchKey::CompositeImplicitAutograd). If your operator is not differentiable, or to squash this warning and use the previous behavior, please register torch::CppFunction::makeFallthrough() to DispatchKey::Autograd. (Triggered internally at /opt/pytorch/pytorch/torch/csrc/autograd/autograd_not_implemented_fallback.cpp:76.)
  return Variable._execution_engine.run_backward(  # Calls into the C++ engine to run the backward pass
/usr/local/lib/python3.12/dist-packages/torch/autograd/graph.py:882: UserWarning: fbgemm::dense_embedding_codegen_lookup_function: an autograd kernel was not registered to the Autograd key(s) but we are trying to backprop through it. This may lead to silently incorrect behavior. This behavior is deprecated and will be removed in a future version of PyTorch. If your operator is differentiable, please ensure you have registered an autograd kernel to the correct Autograd key (e.g. DispatchKey::Autograd, DispatchKey::CompositeImplicitAutograd). If your operator is not differentiable, or to squash this warning and use the previous behavior, please register torch::CppFunction::makeFallthrough() to DispatchKey::Autograd. (Triggered internally at /opt/pytorch/pytorch/torch/csrc/autograd/autograd_not_implemented_fallback.cpp:76.)
  return Variable._execution_engine.run_backward(  # Calls into the C++ engine to run the backward pass
/usr/local/lib/python3.12/dist-packages/torch/autograd/graph.py:882: UserWarning: fbgemm::dense_embedding_codegen_lookup_function: an autograd kernel was not registered to the Autograd key(s) but we are trying to backprop through it. This may lead to silently incorrect behavior. This behavior is deprecated and will be removed in a future version of PyTorch. If your operator is differentiable, please ensure you have registered an autograd kernel to the correct Autograd key (e.g. DispatchKey::Autograd, DispatchKey::CompositeImplicitAutograd). If your operator is not differentiable, or to squash this warning and use the previous behavior, please register torch::CppFunction::makeFallthrough() to DispatchKey::Autograd. (Triggered internally at /opt/pytorch/pytorch/torch/csrc/autograd/autograd_not_implemented_fallback.cpp:76.)
  return Variable._execution_engine.run_backward(  # Calls into the C++ engine to run the backward pass
[07/26/26 06:03:19] INFO     [train] [iter 79, tokens 40960, elapsed_time 22059.21 ms, achieved FLOPS 709.88 TFLOPS, MFU 3.94%]: loss nan                                                                                                       
/usr/local/lib/python3.12/dist-packages/torch/autograd/graph.py:882: UserWarning: fbgemm::dense_embedding_codegen_lookup_function: an autograd kernel was not registered to the Autograd key(s) but we are trying to backprop through it. This may lead to silently incorrect behavior. This behavior is deprecated and will be removed in a future version of PyTorch. If your operator is differentiable, please ensure you have registered an autograd kernel to the correct Autograd key (e.g. DispatchKey::Autograd, DispatchKey::CompositeImplicitAutograd). If your operator is not differentiable, or to squash this warning and use the previous behavior, please register torch::CppFunction::makeFallthrough() to DispatchKey::Autograd. (Triggered internally at /opt/pytorch/pytorch/torch/csrc/autograd/autograd_not_implemented_fallback.cpp:76.)
  return Variable._execution_engine.run_backward(  # Calls into the C++ engine to run the backward pass
/usr/local/lib/python3.12/dist-packages/torch/autograd/graph.py:882: UserWarning: fbgemm::dense_embedding_codegen_lookup_function: an autograd kernel was not registered to the Autograd key(s) but we are trying to backprop through it. This may lead to silently incorrect behavior. This behavior is deprecated and will be removed in a future version of PyTorch. If your operator is differentiable, please ensure you have registered an autograd kernel to the correct Autograd key (e.g. DispatchKey::Autograd, DispatchKey::CompositeImplicitAutograd). If your operator is not differentiable, or to squash this warning and use the previous behavior, please register torch::CppFunction::makeFallthrough() to DispatchKey::Autograd. (Triggered internally at /opt/pytorch/pytorch/torch/csrc/autograd/autograd_not_implemented_fallback.cpp:76.)
  return Variable._execution_engine.run_backward(  # Calls into the C++ engine to run the backward pass
/usr/local/lib/python3.12/dist-packages/torch/autograd/graph.py:882: UserWarning: fbgemm::dense_embedding_codegen_lookup_function: an autograd kernel was not registered to the Autograd key(s) but we are trying to backprop through it. This may lead to silently incorrect behavior. This behavior is deprecated and will be removed in a future version of PyTorch. If your operator is differentiable, please ensure you have registered an autograd kernel to the correct Autograd key (e.g. DispatchKey::Autograd, DispatchKey::CompositeImplicitAutograd). If your operator is not differentiable, or to squash this warning and use the previous behavior, please register torch::CppFunction::makeFallthrough() to DispatchKey::Autograd. (Triggered internally at /opt/pytorch/pytorch/torch/csrc/autograd/autograd_not_implemented_fallback.cpp:76.)
  return Variable._execution_engine.run_backward(  # Calls into the C++ engine to run the backward pass
/usr/local/lib/python3.12/dist-packages/torch/autograd/graph.py:882: UserWarning: fbgemm::dense_embedding_codegen_lookup_function: an autograd kernel was not registered to the Autograd key(s) but we are trying to backprop through it. This may lead to silently incorrect behavior. This behavior is deprecated and will be removed in a future version of PyTorch. If your operator is differentiable, please ensure you have registered an autograd kernel to the correct Autograd key (e.g. DispatchKey::Autograd, DispatchKey::CompositeImplicitAutograd). If your operator is not differentiable, or to squash this warning and use the previous behavior, please register torch::CppFunction::makeFallthrough() to DispatchKey::Autograd. (Triggered internally at /opt/pytorch/pytorch/torch/csrc/autograd/autograd_not_implemented_fallback.cpp:76.)
  return Variable._execution_engine.run_backward(  # Calls into the C++ engine to run the backward pass
/usr/local/lib/python3.12/dist-packages/torch/autograd/graph.py:882: UserWarning: fbgemm::dense_embedding_codegen_lookup_function: an autograd kernel was not registered to the Autograd key(s) but we are trying to backprop through it. This may lead to silently incorrect behavior. This behavior is deprecated and will be removed in a future version of PyTorch. If your operator is differentiable, please ensure you have registered an autograd kernel to the correct Autograd key (e.g. DispatchKey::Autograd, DispatchKey::CompositeImplicitAutograd). If your operator is not differentiable, or to squash this warning and use the previous behavior, please register torch::CppFunction::makeFallthrough() to DispatchKey::Autograd. (Triggered internally at /opt/pytorch/pytorch/torch/csrc/autograd/autograd_not_implemented_fallback.cpp:76.)
  return Variable._execution_engine.run_backward(  # Calls into the C++ engine to run the backward pass
/usr/local/lib/python3.12/dist-packages/torch/autograd/graph.py:882: UserWarning: fbgemm::dense_embedding_codegen_lookup_function: an autograd kernel was not registered to the Autograd key(s) but we are trying to backprop through it. This may lead to silently incorrect behavior. This behavior is deprecated and will be removed in a future version of PyTorch. If your operator is differentiable, please ensure you have registered an autograd kernel to the correct Autograd key (e.g. DispatchKey::Autograd, DispatchKey::CompositeImplicitAutograd). If your operator is not differentiable, or to squash this warning and use the previous behavior, please register torch::CppFunction::makeFallthrough() to DispatchKey::Autograd. (Triggered internally at /opt/pytorch/pytorch/torch/csrc/autograd/autograd_not_implemented_fallback.cpp:76.)
  return Variable._execution_engine.run_backward(  # Calls into the C++ engine to run the backward pass
/usr/local/lib/python3.12/dist-packages/torch/autograd/graph.py:882: UserWarning: fbgemm::dense_embedding_codegen_lookup_function: an autograd kernel was not registered to the Autograd key(s) but we are trying to backprop through it. This may lead to silently incorrect behavior. This behavior is deprecated and will be removed in a future version of PyTorch. If your operator is differentiable, please ensure you have registered an autograd kernel to the correct Autograd key (e.g. DispatchKey::Autograd, DispatchKey::CompositeImplicitAutograd). If your operator is not differentiable, or to squash this warning and use the previous behavior, please register torch::CppFunction::makeFallthrough() to DispatchKey::Autograd. (Triggered internally at /opt/pytorch/pytorch/torch/csrc/autograd/autograd_not_implemented_fallback.cpp:76.)
  return Variable._execution_engine.run_backward(  # Calls into the C++ engine to run the backward pass
/usr/local/lib/python3.12/dist-packages/torch/autograd/graph.py:882: UserWarning: fbgemm::dense_embedding_codegen_lookup_function: an autograd kernel was not registered to the Autograd key(s) but we are trying to backprop through it. This may lead to silently incorrect behavior. This behavior is deprecated and will be removed in a future version of PyTorch. If your operator is differentiable, please ensure you have registered an autograd kernel to the correct Autograd key (e.g. DispatchKey::Autograd, DispatchKey::CompositeImplicitAutograd). If your operator is not differentiable, or to squash this warning and use the previous behavior, please register torch::CppFunction::makeFallthrough() to DispatchKey::Autograd. (Triggered internally at /opt/pytorch/pytorch/torch/csrc/autograd/autograd_not_implemented_fallback.cpp:76.)
  return Variable._execution_engine.run_backward(  # Calls into the C++ engine to run the backward pass
[07/26/26 06:03:41] INFO     [train] [iter 99, tokens 40960, elapsed_time 19976.04 ms, achieved FLOPS 696.38 TFLOPS, MFU 3.87%]: loss nan                                                                                                       
/usr/local/lib/python3.12/dist-packages/torch/autograd/graph.py:882: UserWarning: fbgemm::dense_embedding_codegen_lookup_function: an autograd kernel was not registered to the Autograd key(s) but we are trying to backprop through it. This may lead to silently incorrect behavior. This behavior is deprecated and will be removed in a future version of PyTorch. If your operator is differentiable, please ensure you have registered an autograd kernel to the correct Autograd key (e.g. DispatchKey::Autograd, DispatchKey::CompositeImplicitAutograd). If your operator is not differentiable, or to squash this warning and use the previous behavior, please register torch::CppFunction::makeFallthrough() to DispatchKey::Autograd. (Triggered internally at /opt/pytorch/pytorch/torch/csrc/autograd/autograd_not_implemented_fallback.cpp:76.)
  return Variable._execution_engine.run_backward(  # Calls into the C++ engine to run the backward pass
/usr/local/lib/python3.12/dist-packages/torch/autograd/graph.py:882: UserWarning: fbgemm::dense_embedding_codegen_lookup_function: an autograd kernel was not registered to the Autograd key(s) but we are trying to backprop through it. This may lead to silently incorrect behavior. This behavior is deprecated and will be removed in a future version of PyTorch. If your operator is differentiable, please ensure you have registered an autograd kernel to the correct Autograd key (e.g. DispatchKey::Autograd, DispatchKey::CompositeImplicitAutograd). If your operator is not differentiable, or to squash this warning and use the previous behavior, please register torch::CppFunction::makeFallthrough() to DispatchKey::Autograd. (Triggered internally at /opt/pytorch/pytorch/torch/csrc/autograd/autograd_not_implemented_fallback.cpp:76.)
  return Variable._execution_engine.run_backward(  # Calls into the C++ engine to run the backward pass
/usr/local/lib/python3.12/dist-packages/torch/autograd/graph.py:882: UserWarning: fbgemm::dense_embedding_codegen_lookup_function: an autograd kernel was not registered to the Autograd key(s) but we are trying to backprop through it. This may lead to silently incorrect behavior. This behavior is deprecated and will be removed in a future version of PyTorch. If your operator is differentiable, please ensure you have registered an autograd kernel to the correct Autograd key (e.g. DispatchKey::Autograd, DispatchKey::CompositeImplicitAutograd). If your operator is not differentiable, or to squash this warning and use the previous behavior, please register torch::CppFunction::makeFallthrough() to DispatchKey::Autograd. (Triggered internally at /opt/pytorch/pytorch/torch/csrc/autograd/autograd_not_implemented_fallback.cpp:76.)
  return Variable._execution_engine.run_backward(  # Calls into the C++ engine to run the backward pass
/usr/local/lib/python3.12/dist-packages/torch/autograd/graph.py:882: UserWarning: fbgemm::dense_embedding_codegen_lookup_function: an autograd kernel was not registered to the Autograd key(s) but we are trying to backprop through it. This may lead to silently incorrect behavior. This behavior is deprecated and will be removed in a future version of PyTorch. If your operator is differentiable, please ensure you have registered an autograd kernel to the correct Autograd key (e.g. DispatchKey::Autograd, DispatchKey::CompositeImplicitAutograd). If your operator is not differentiable, or to squash this warning and use the previous behavior, please register torch::CppFunction::makeFallthrough() to DispatchKey::Autograd. (Triggered internally at /opt/pytorch/pytorch/torch/csrc/autograd/autograd_not_implemented_fallback.cpp:76.)
  return Variable._execution_engine.run_backward(  # Calls into the C++ engine to run the backward pass
/usr/local/lib/python3.12/dist-packages/torch/autograd/graph.py:882: UserWarning: fbgemm::dense_embedding_codegen_lookup_function: an autograd kernel was not registered to the Autograd key(s) but we are trying to backprop through it. This may lead to silently incorrect behavior. This behavior is deprecated and will be removed in a future version of PyTorch. If your operator is differentiable, please ensure you have registered an autograd kernel to the correct Autograd key (e.g. DispatchKey::Autograd, DispatchKey::CompositeImplicitAutograd). If your operator is not differentiable, or to squash this warning and use the previous behavior, please register torch::CppFunction::makeFallthrough() to DispatchKey::Autograd. (Triggered internally at /opt/pytorch/pytorch/torch/csrc/autograd/autograd_not_implemented_fallback.cpp:76.)
  return Variable._execution_engine.run_backward(  # Calls into the C++ engine to run the backward pass
/usr/local/lib/python3.12/dist-packages/torch/autograd/graph.py:882: UserWarning: fbgemm::dense_embedding_codegen_lookup_function: an autograd kernel was not registered to the Autograd key(s) but we are trying to backprop through it. This may lead to silently incorrect behavior. This behavior is deprecated and will be removed in a future version of PyTorch. If your operator is differentiable, please ensure you have registered an autograd kernel to the correct Autograd key (e.g. DispatchKey::Autograd, DispatchKey::CompositeImplicitAutograd). If your operator is not differentiable, or to squash this warning and use the previous behavior, please register torch::CppFunction::makeFallthrough() to DispatchKey::Autograd. (Triggered internally at /opt/pytorch/pytorch/torch/csrc/autograd/autograd_not_implemented_fallback.cpp:76.)
  return Variable._execution_engine.run_backward(  # Calls into the C++ engine to run the backward pass
/usr/local/lib/python3.12/dist-packages/torch/autograd/graph.py:882: UserWarning: fbgemm::dense_embedding_codegen_lookup_function: an autograd kernel was not registered to the Autograd key(s) but we are trying to backprop through it. This may lead to silently incorrect behavior. This behavior is deprecated and will be removed in a future version of PyTorch. If your operator is differentiable, please ensure you have registered an autograd kernel to the correct Autograd key (e.g. DispatchKey::Autograd, DispatchKey::CompositeImplicitAutograd). If your operator is not differentiable, or to squash this warning and use the previous behavior, please register torch::CppFunction::makeFallthrough() to DispatchKey::Autograd. (Triggered internally at /opt/pytorch/pytorch/torch/csrc/autograd/autograd_not_implemented_fallback.cpp:76.)
  return Variable._execution_engine.run_backward(  # Calls into the C++ engine to run the backward pass
/usr/local/lib/python3.12/dist-packages/torch/autograd/graph.py:882: UserWarning: fbgemm::dense_embedding_codegen_lookup_function: an autograd kernel was not registered to the Autograd key(s) but we are trying to backprop through it. This may lead to silently incorrect behavior. This behavior is deprecated and will be removed in a future version of PyTorch. If your operator is differentiable, please ensure you have registered an autograd kernel to the correct Autograd key (e.g. DispatchKey::Autograd, DispatchKey::CompositeImplicitAutograd). If your operator is not differentiable, or to squash this warning and use the previous behavior, please register torch::CppFunction::makeFallthrough() to DispatchKey::Autograd. (Triggered internally at /opt/pytorch/pytorch/torch/csrc/autograd/autograd_not_implemented_fallback.cpp:76.)
  return Variable._execution_engine.run_backward(  # Calls into the C++ engine to run the backward pass
[07/26/26 06:04:07] INFO     [train] [iter 119, tokens 40960, elapsed_time 23776.74 ms, achieved FLOPS 658.46 TFLOPS, MFU 3.66%]: loss nan                                                                                                      
/usr/local/lib/python3.12/dist-packages/torch/autograd/graph.py:882: UserWarning: fbgemm::dense_embedding_codegen_lookup_function: an autograd kernel was not registered to the Autograd key(s) but we are trying to backprop through it. This may lead to silently incorrect behavior. This behavior is deprecated and will be removed in a future version of PyTorch. If your operator is differentiable, please ensure you have registered an autograd kernel to the correct Autograd key (e.g. DispatchKey::Autograd, DispatchKey::CompositeImplicitAutograd). If your operator is not differentiable, or to squash this warning and use the previous behavior, please register torch::CppFunction::makeFallthrough() to DispatchKey::Autograd. (Triggered internally at /opt/pytorch/pytorch/torch/csrc/autograd/autograd_not_implemented_fallback.cpp:76.)
  return Variable._execution_engine.run_backward(  # Calls into the C++ engine to run the backward pass
/usr/local/lib/python3.12/dist-packages/torch/autograd/graph.py:882: UserWarning: fbgemm::dense_embedding_codegen_lookup_function: an autograd kernel was not registered to the Autograd key(s) but we are trying to backprop through it. This may lead to silently incorrect behavior. This behavior is deprecated and will be removed in a future version of PyTorch. If your operator is differentiable, please ensure you have registered an autograd kernel to the correct Autograd key (e.g. DispatchKey::Autograd, DispatchKey::CompositeImplicitAutograd). If your operator is not differentiable, or to squash this warning and use the previous behavior, please register torch::CppFunction::makeFallthrough() to DispatchKey::Autograd. (Triggered internally at /opt/pytorch/pytorch/torch/csrc/autograd/autograd_not_implemented_fallback.cpp:76.)
  return Variable._execution_engine.run_backward(  # Calls into the C++ engine to run the backward pass
/usr/local/lib/python3.12/dist-packages/torch/autograd/graph.py:882: UserWarning: fbgemm::dense_embedding_codegen_lookup_function: an autograd kernel was not registered to the Autograd key(s) but we are trying to backprop through it. This may lead to silently incorrect behavior. This behavior is deprecated and will be removed in a future version of PyTorch. If your operator is differentiable, please ensure you have registered an autograd kernel to the correct Autograd key (e.g. DispatchKey::Autograd, DispatchKey::CompositeImplicitAutograd). If your operator is not differentiable, or to squash this warning and use the previous behavior, please register torch::CppFunction::makeFallthrough() to DispatchKey::Autograd. (Triggered internally at /opt/pytorch/pytorch/torch/csrc/autograd/autograd_not_implemented_fallback.cpp:76.)
  return Variable._execution_engine.run_backward(  # Calls into the C++ engine to run the backward pass
/usr/local/lib/python3.12/dist-packages/torch/autograd/graph.py:882: UserWarning: fbgemm::dense_embedding_codegen_lookup_function: an autograd kernel was not registered to the Autograd key(s) but we are trying to backprop through it. This may lead to silently incorrect behavior. This behavior is deprecated and will be removed in a future version of PyTorch. If your operator is differentiable, please ensure you have registered an autograd kernel to the correct Autograd key (e.g. DispatchKey::Autograd, DispatchKey::CompositeImplicitAutograd). If your operator is not differentiable, or to squash this warning and use the previous behavior, please register torch::CppFunction::makeFallthrough() to DispatchKey::Autograd. (Triggered internally at /opt/pytorch/pytorch/torch/csrc/autograd/autograd_not_implemented_fallback.cpp:76.)
  return Variable._execution_engine.run_backward(  # Calls into the C++ engine to run the backward pass
/usr/local/lib/python3.12/dist-packages/torch/autograd/graph.py:882: UserWarning: fbgemm::dense_embedding_codegen_lookup_function: an autograd kernel was not registered to the Autograd key(s) but we are trying to backprop through it. This may lead to silently incorrect behavior. This behavior is deprecated and will be removed in a future version of PyTorch. If your operator is differentiable, please ensure you have registered an autograd kernel to the correct Autograd key (e.g. DispatchKey::Autograd, DispatchKey::CompositeImplicitAutograd). If your operator is not differentiable, or to squash this warning and use the previous behavior, please register torch::CppFunction::makeFallthrough() to DispatchKey::Autograd. (Triggered internally at /opt/pytorch/pytorch/torch/csrc/autograd/autograd_not_implemented_fallback.cpp:76.)
  return Variable._execution_engine.run_backward(  # Calls into the C++ engine to run the backward pass
/usr/local/lib/python3.12/dist-packages/torch/autograd/graph.py:882: UserWarning: fbgemm::dense_embedding_codegen_lookup_function: an autograd kernel was not registered to the Autograd key(s) but we are trying to backprop through it. This may lead to silently incorrect behavior. This behavior is deprecated and will be removed in a future version of PyTorch. If your operator is differentiable, please ensure you have registered an autograd kernel to the correct Autograd key (e.g. DispatchKey::Autograd, DispatchKey::CompositeImplicitAutograd). If your operator is not differentiable, or to squash this warning and use the previous behavior, please register torch::CppFunction::makeFallthrough() to DispatchKey::Autograd. (Triggered internally at /opt/pytorch/pytorch/torch/csrc/autograd/autograd_not_implemented_fallback.cpp:76.)
  return Variable._execution_engine.run_backward(  # Calls into the C++ engine to run the backward pass
/usr/local/lib/python3.12/dist-packages/torch/autograd/graph.py:882: UserWarning: fbgemm::dense_embedding_codegen_lookup_function: an autograd kernel was not registered to the Autograd key(s) but we are trying to backprop through it. This may lead to silently incorrect behavior. This behavior is deprecated and will be removed in a future version of PyTorch. If your operator is differentiable, please ensure you have registered an autograd kernel to the correct Autograd key (e.g. DispatchKey::Autograd, DispatchKey::CompositeImplicitAutograd). If your operator is not differentiable, or to squash this warning and use the previous behavior, please register torch::CppFunction::makeFallthrough() to DispatchKey::Autograd. (Triggered internally at /opt/pytorch/pytorch/torch/csrc/autograd/autograd_not_implemented_fallback.cpp:76.)
  return Variable._execution_engine.run_backward(  # Calls into the C++ engine to run the backward pass
/usr/local/lib/python3.12/dist-packages/torch/autograd/graph.py:882: UserWarning: fbgemm::dense_embedding_codegen_lookup_function: an autograd kernel was not registered to the Autograd key(s) but we are trying to backprop through it. This may lead to silently incorrect behavior. This behavior is deprecated and will be removed in a future version of PyTorch. If your operator is differentiable, please ensure you have registered an autograd kernel to the correct Autograd key (e.g. DispatchKey::Autograd, DispatchKey::CompositeImplicitAutograd). If your operator is not differentiable, or to squash this warning and use the previous behavior, please register torch::CppFunction::makeFallthrough() to DispatchKey::Autograd. (Triggered internally at /opt/pytorch/pytorch/torch/csrc/autograd/autograd_not_implemented_fallback.cpp:76.)
  return Variable._execution_engine.run_backward(  # Calls into the C++ engine to run the backward pass
[07/26/26 06:04:31] INFO     [train] [iter 139, tokens 40960, elapsed_time 21859.08 ms, achieved FLOPS 706.22 TFLOPS, MFU 3.92%]: loss nan                                                                                                      
/usr/local/lib/python3.12/dist-packages/torch/autograd/graph.py:882: UserWarning: fbgemm::dense_embedding_codegen_lookup_function: an autograd kernel was not registered to the Autograd key(s) but we are trying to backprop through it. This may lead to silently incorrect behavior. This behavior is deprecated and will be removed in a future version of PyTorch. If your operator is differentiable, please ensure you have registered an autograd kernel to the correct Autograd key (e.g. DispatchKey::Autograd, DispatchKey::CompositeImplicitAutograd). If your operator is not differentiable, or to squash this warning and use the previous behavior, please register torch::CppFunction::makeFallthrough() to DispatchKey::Autograd. (Triggered internally at /opt/pytorch/pytorch/torch/csrc/autograd/autograd_not_implemented_fallback.cpp:76.)
  return Variable._execution_engine.run_backward(  # Calls into the C++ engine to run the backward pass
/usr/local/lib/python3.12/dist-packages/torch/autograd/graph.py:882: UserWarning: fbgemm::dense_embedding_codegen_lookup_function: an autograd kernel was not registered to the Autograd key(s) but we are trying to backprop through it. This may lead to silently incorrect behavior. This behavior is deprecated and will be removed in a future version of PyTorch. If your operator is differentiable, please ensure you have registered an autograd kernel to the correct Autograd key (e.g. DispatchKey::Autograd, DispatchKey::CompositeImplicitAutograd). If your operator is not differentiable, or to squash this warning and use the previous behavior, please register torch::CppFunction::makeFallthrough() to DispatchKey::Autograd. (Triggered internally at /opt/pytorch/pytorch/torch/csrc/autograd/autograd_not_implemented_fallback.cpp:76.)
  return Variable._execution_engine.run_backward(  # Calls into the C++ engine to run the backward pass
/usr/local/lib/python3.12/dist-packages/torch/autograd/graph.py:882: UserWarning: fbgemm::dense_embedding_codegen_lookup_function: an autograd kernel was not registered to the Autograd key(s) but we are trying to backprop through it. This may lead to silently incorrect behavior. This behavior is deprecated and will be removed in a future version of PyTorch. If your operator is differentiable, please ensure you have registered an autograd kernel to the correct Autograd key (e.g. DispatchKey::Autograd, DispatchKey::CompositeImplicitAutograd). If your operator is not differentiable, or to squash this warning and use the previous behavior, please register torch::CppFunction::makeFallthrough() to DispatchKey::Autograd. (Triggered internally at /opt/pytorch/pytorch/torch/csrc/autograd/autograd_not_implemented_fallback.cpp:76.)
  return Variable._execution_engine.run_backward(  # Calls into the C++ engine to run the backward pass
/usr/local/lib/python3.12/dist-packages/torch/autograd/graph.py:882: UserWarning: fbgemm::dense_embedding_codegen_lookup_function: an autograd kernel was not registered to the Autograd key(s) but we are trying to backprop through it. This may lead to silently incorrect behavior. This behavior is deprecated and will be removed in a future version of PyTorch. If your operator is differentiable, please ensure you have registered an autograd kernel to the correct Autograd key (e.g. DispatchKey::Autograd, DispatchKey::CompositeImplicitAutograd). If your operator is not differentiable, or to squash this warning and use the previous behavior, please register torch::CppFunction::makeFallthrough() to DispatchKey::Autograd. (Triggered internally at /opt/pytorch/pytorch/torch/csrc/autograd/autograd_not_implemented_fallback.cpp:76.)
  return Variable._execution_engine.run_backward(  # Calls into the C++ engine to run the backward pass
/usr/local/lib/python3.12/dist-packages/torch/autograd/graph.py:882: UserWarning: fbgemm::dense_embedding_codegen_lookup_function: an autograd kernel was not registered to the Autograd key(s) but we are trying to backprop through it. This may lead to silently incorrect behavior. This behavior is deprecated and will be removed in a future version of PyTorch. If your operator is differentiable, please ensure you have registered an autograd kernel to the correct Autograd key (e.g. DispatchKey::Autograd, DispatchKey::CompositeImplicitAutograd). If your operator is not differentiable, or to squash this warning and use the previous behavior, please register torch::CppFunction::makeFallthrough() to DispatchKey::Autograd. (Triggered internally at /opt/pytorch/pytorch/torch/csrc/autograd/autograd_not_implemented_fallback.cpp:76.)
  return Variable._execution_engine.run_backward(  # Calls into the C++ engine to run the backward pass
/usr/local/lib/python3.12/dist-packages/torch/autograd/graph.py:882: UserWarning: fbgemm::dense_embedding_codegen_lookup_function: an autograd kernel was not registered to the Autograd key(s) but we are trying to backprop through it. This may lead to silently incorrect behavior. This behavior is deprecated and will be removed in a future version of PyTorch. If your operator is differentiable, please ensure you have registered an autograd kernel to the correct Autograd key (e.g. DispatchKey::Autograd, DispatchKey::CompositeImplicitAutograd). If your operator is not differentiable, or to squash this warning and use the previous behavior, please register torch::CppFunction::makeFallthrough() to DispatchKey::Autograd. (Triggered internally at /opt/pytorch/pytorch/torch/csrc/autograd/autograd_not_implemented_fallback.cpp:76.)
  return Variable._execution_engine.run_backward(  # Calls into the C++ engine to run the backward pass
/usr/local/lib/python3.12/dist-packages/torch/autograd/graph.py:882: UserWarning: fbgemm::dense_embedding_codegen_lookup_function: an autograd kernel was not registered to the Autograd key(s) but we are trying to backprop through it. This may lead to silently incorrect behavior. This behavior is deprecated and will be removed in a future version of PyTorch. If your operator is differentiable, please ensure you have registered an autograd kernel to the correct Autograd key (e.g. DispatchKey::Autograd, DispatchKey::CompositeImplicitAutograd). If your operator is not differentiable, or to squash this warning and use the previous behavior, please register torch::CppFunction::makeFallthrough() to DispatchKey::Autograd. (Triggered internally at /opt/pytorch/pytorch/torch/csrc/autograd/autograd_not_implemented_fallback.cpp:76.)
  return Variable._execution_engine.run_backward(  # Calls into the C++ engine to run the backward pass
/usr/local/lib/python3.12/dist-packages/torch/autograd/graph.py:882: UserWarning: fbgemm::dense_embedding_codegen_lookup_function: an autograd kernel was not registered to the Autograd key(s) but we are trying to backprop through it. This may lead to silently incorrect behavior. This behavior is deprecated and will be removed in a future version of PyTorch. If your operator is differentiable, please ensure you have registered an autograd kernel to the correct Autograd key (e.g. DispatchKey::Autograd, DispatchKey::CompositeImplicitAutograd). If your operator is not differentiable, or to squash this warning and use the previous behavior, please register torch::CppFunction::makeFallthrough() to DispatchKey::Autograd. (Triggered internally at /opt/pytorch/pytorch/torch/csrc/autograd/autograd_not_implemented_fallback.cpp:76.)
  return Variable._execution_engine.run_backward(  # Calls into the C++ engine to run the backward pass
[07/26/26 06:04:56] INFO     [train] [iter 159, tokens 40960, elapsed_time 22862.11 ms, achieved FLOPS 687.44 TFLOPS, MFU 3.82%]: loss nan                                                                                                      
/usr/local/lib/python3.12/dist-packages/torch/autograd/graph.py:882: UserWarning: fbgemm::dense_embedding_codegen_lookup_function: an autograd kernel was not registered to the Autograd key(s) but we are trying to backprop through it. This may lead to silently incorrect behavior. This behavior is deprecated and will be removed in a future version of PyTorch. If your operator is differentiable, please ensure you have registered an autograd kernel to the correct Autograd key (e.g. DispatchKey::Autograd, DispatchKey::CompositeImplicitAutograd). If your operator is not differentiable, or to squash this warning and use the previous behavior, please register torch::CppFunction::makeFallthrough() to DispatchKey::Autograd. (Triggered internally at /opt/pytorch/pytorch/torch/csrc/autograd/autograd_not_implemented_fallback.cpp:76.)
  return Variable._execution_engine.run_backward(  # Calls into the C++ engine to run the backward pass
/usr/local/lib/python3.12/dist-packages/torch/autograd/graph.py:882: UserWarning: fbgemm::dense_embedding_codegen_lookup_function: an autograd kernel was not registered to the Autograd key(s) but we are trying to backprop through it. This may lead to silently incorrect behavior. This behavior is deprecated and will be removed in a future version of PyTorch. If your operator is differentiable, please ensure you have registered an autograd kernel to the correct Autograd key (e.g. DispatchKey::Autograd, DispatchKey::CompositeImplicitAutograd). If your operator is not differentiable, or to squash this warning and use the previous behavior, please register torch::CppFunction::makeFallthrough() to DispatchKey::Autograd. (Triggered internally at /opt/pytorch/pytorch/torch/csrc/autograd/autograd_not_implemented_fallback.cpp:76.)
  return Variable._execution_engine.run_backward(  # Calls into the C++ engine to run the backward pass
/usr/local/lib/python3.12/dist-packages/torch/autograd/graph.py:882: UserWarning: fbgemm::dense_embedding_codegen_lookup_function: an autograd kernel was not registered to the Autograd key(s) but we are trying to backprop through it. This may lead to silently incorrect behavior. This behavior is deprecated and will be removed in a future version of PyTorch. If your operator is differentiable, please ensure you have registered an autograd kernel to the correct Autograd key (e.g. DispatchKey::Autograd, DispatchKey::CompositeImplicitAutograd). If your operator is not differentiable, or to squash this warning and use the previous behavior, please register torch::CppFunction::makeFallthrough() to DispatchKey::Autograd. (Triggered internally at /opt/pytorch/pytorch/torch/csrc/autograd/autograd_not_implemented_fallback.cpp:76.)
  return Variable._execution_engine.run_backward(  # Calls into the C++ engine to run the backward pass
/usr/local/lib/python3.12/dist-packages/torch/autograd/graph.py:882: UserWarning: fbgemm::dense_embedding_codegen_lookup_function: an autograd kernel was not registered to the Autograd key(s) but we are trying to backprop through it. This may lead to silently incorrect behavior. This behavior is deprecated and will be removed in a future version of PyTorch. If your operator is differentiable, please ensure you have registered an autograd kernel to the correct Autograd key (e.g. DispatchKey::Autograd, DispatchKey::CompositeImplicitAutograd). If your operator is not differentiable, or to squash this warning and use the previous behavior, please register torch::CppFunction::makeFallthrough() to DispatchKey::Autograd. (Triggered internally at /opt/pytorch/pytorch/torch/csrc/autograd/autograd_not_implemented_fallback.cpp:76.)
  return Variable._execution_engine.run_backward(  # Calls into the C++ engine to run the backward pass
/usr/local/lib/python3.12/dist-packages/torch/autograd/graph.py:882: UserWarning: fbgemm::dense_embedding_codegen_lookup_function: an autograd kernel was not registered to the Autograd key(s) but we are trying to backprop through it. This may lead to silently incorrect behavior. This behavior is deprecated and will be removed in a future version of PyTorch. If your operator is differentiable, please ensure you have registered an autograd kernel to the correct Autograd key (e.g. DispatchKey::Autograd, DispatchKey::CompositeImplicitAutograd). If your operator is not differentiable, or to squash this warning and use the previous behavior, please register torch::CppFunction::makeFallthrough() to DispatchKey::Autograd. (Triggered internally at /opt/pytorch/pytorch/torch/csrc/autograd/autograd_not_implemented_fallback.cpp:76.)
  return Variable._execution_engine.run_backward(  # Calls into the C++ engine to run the backward pass
/usr/local/lib/python3.12/dist-packages/torch/autograd/graph.py:882: UserWarning: fbgemm::dense_embedding_codegen_lookup_function: an autograd kernel was not registered to the Autograd key(s) but we are trying to backprop through it. This may lead to silently incorrect behavior. This behavior is deprecated and will be removed in a future version of PyTorch. If your operator is differentiable, please ensure you have registered an autograd kernel to the correct Autograd key (e.g. DispatchKey::Autograd, DispatchKey::CompositeImplicitAutograd). If your operator is not differentiable, or to squash this warning and use the previous behavior, please register torch::CppFunction::makeFallthrough() to DispatchKey::Autograd. (Triggered internally at /opt/pytorch/pytorch/torch/csrc/autograd/autograd_not_implemented_fallback.cpp:76.)
  return Variable._execution_engine.run_backward(  # Calls into the C++ engine to run the backward pass
/usr/local/lib/python3.12/dist-packages/torch/autograd/graph.py:882: UserWarning: fbgemm::dense_embedding_codegen_lookup_function: an autograd kernel was not registered to the Autograd key(s) but we are trying to backprop through it. This may lead to silently incorrect behavior. This behavior is deprecated and will be removed in a future version of PyTorch. If your operator is differentiable, please ensure you have registered an autograd kernel to the correct Autograd key (e.g. DispatchKey::Autograd, DispatchKey::CompositeImplicitAutograd). If your operator is not differentiable, or to squash this warning and use the previous behavior, please register torch::CppFunction::makeFallthrough() to DispatchKey::Autograd. (Triggered internally at /opt/pytorch/pytorch/torch/csrc/autograd/autograd_not_implemented_fallback.cpp:76.)
  return Variable._execution_engine.run_backward(  # Calls into the C++ engine to run the backward pass
/usr/local/lib/python3.12/dist-packages/torch/autograd/graph.py:882: UserWarning: fbgemm::dense_embedding_codegen_lookup_function: an autograd kernel was not registered to the Autograd key(s) but we are trying to backprop through it. This may lead to silently incorrect behavior. This behavior is deprecated and will be removed in a future version of PyTorch. If your operator is differentiable, please ensure you have registered an autograd kernel to the correct Autograd key (e.g. DispatchKey::Autograd, DispatchKey::CompositeImplicitAutograd). If your operator is not differentiable, or to squash this warning and use the previous behavior, please register torch::CppFunction::makeFallthrough() to DispatchKey::Autograd. (Triggered internally at /opt/pytorch/pytorch/torch/csrc/autograd/autograd_not_implemented_fallback.cpp:76.)
  return Variable._execution_engine.run_backward(  # Calls into the C++ engine to run the backward pass
[07/26/26 06:05:18] INFO     [train] [iter 179, tokens 40960, elapsed_time 21729.38 ms, achieved FLOPS 729.66 TFLOPS, MFU 4.05%]: loss nan                                                                                                      
/usr/local/lib/python3.12/dist-packages/torch/autograd/graph.py:882: UserWarning: fbgemm::dense_embedding_codegen_lookup_function: an autograd kernel was not registered to the Autograd key(s) but we are trying to backprop through it. This may lead to silently incorrect behavior. This behavior is deprecated and will be removed in a future version of PyTorch. If your operator is differentiable, please ensure you have registered an autograd kernel to the correct Autograd key (e.g. DispatchKey::Autograd, DispatchKey::CompositeImplicitAutograd). If your operator is not differentiable, or to squash this warning and use the previous behavior, please register torch::CppFunction::makeFallthrough() to DispatchKey::Autograd. (Triggered internally at /opt/pytorch/pytorch/torch/csrc/autograd/autograd_not_implemented_fallback.cpp:76.)
  return Variable._execution_engine.run_backward(  # Calls into the C++ engine to run the backward pass
/usr/local/lib/python3.12/dist-packages/torch/autograd/graph.py:882: UserWarning: fbgemm::dense_embedding_codegen_lookup_function: an autograd kernel was not registered to the Autograd key(s) but we are trying to backprop through it. This may lead to silently incorrect behavior. This behavior is deprecated and will be removed in a future version of PyTorch. If your operator is differentiable, please ensure you have registered an autograd kernel to the correct Autograd key (e.g. DispatchKey::Autograd, DispatchKey::CompositeImplicitAutograd). If your operator is not differentiable, or to squash this warning and use the previous behavior, please register torch::CppFunction::makeFallthrough() to DispatchKey::Autograd. (Triggered internally at /opt/pytorch/pytorch/torch/csrc/autograd/autograd_not_implemented_fallback.cpp:76.)
  return Variable._execution_engine.run_backward(  # Calls into the C++ engine to run the backward pass
/usr/local/lib/python3.12/dist-packages/torch/autograd/graph.py:882: UserWarning: fbgemm::dense_embedding_codegen_lookup_function: an autograd kernel was not registered to the Autograd key(s) but we are trying to backprop through it. This may lead to silently incorrect behavior. This behavior is deprecated and will be removed in a future version of PyTorch. If your operator is differentiable, please ensure you have registered an autograd kernel to the correct Autograd key (e.g. DispatchKey::Autograd, DispatchKey::CompositeImplicitAutograd). If your operator is not differentiable, or to squash this warning and use the previous behavior, please register torch::CppFunction::makeFallthrough() to DispatchKey::Autograd. (Triggered internally at /opt/pytorch/pytorch/torch/csrc/autograd/autograd_not_implemented_fallback.cpp:76.)
  return Variable._execution_engine.run_backward(  # Calls into the C++ engine to run the backward pass
/usr/local/lib/python3.12/dist-packages/torch/autograd/graph.py:882: UserWarning: fbgemm::dense_embedding_codegen_lookup_function: an autograd kernel was not registered to the Autograd key(s) but we are trying to backprop through it. This may lead to silently incorrect behavior. This behavior is deprecated and will be removed in a future version of PyTorch. If your operator is differentiable, please ensure you have registered an autograd kernel to the correct Autograd key (e.g. DispatchKey::Autograd, DispatchKey::CompositeImplicitAutograd). If your operator is not differentiable, or to squash this warning and use the previous behavior, please register torch::CppFunction::makeFallthrough() to DispatchKey::Autograd. (Triggered internally at /opt/pytorch/pytorch/torch/csrc/autograd/autograd_not_implemented_fallback.cpp:76.)
  return Variable._execution_engine.run_backward(  # Calls into the C++ engine to run the backward pass
/usr/local/lib/python3.12/dist-packages/torch/autograd/graph.py:882: UserWarning: fbgemm::dense_embedding_codegen_lookup_function: an autograd kernel was not registered to the Autograd key(s) but we are trying to backprop through it. This may lead to silently incorrect behavior. This behavior is deprecated and will be removed in a future version of PyTorch. If your operator is differentiable, please ensure you have registered an autograd kernel to the correct Autograd key (e.g. DispatchKey::Autograd, DispatchKey::CompositeImplicitAutograd). If your operator is not differentiable, or to squash this warning and use the previous behavior, please register torch::CppFunction::makeFallthrough() to DispatchKey::Autograd. (Triggered internally at /opt/pytorch/pytorch/torch/csrc/autograd/autograd_not_implemented_fallback.cpp:76.)
  return Variable._execution_engine.run_backward(  # Calls into the C++ engine to run the backward pass
/usr/local/lib/python3.12/dist-packages/torch/autograd/graph.py:882: UserWarning: fbgemm::dense_embedding_codegen_lookup_function: an autograd kernel was not registered to the Autograd key(s) but we are trying to backprop through it. This may lead to silently incorrect behavior. This behavior is deprecated and will be removed in a future version of PyTorch. If your operator is differentiable, please ensure you have registered an autograd kernel to the correct Autograd key (e.g. DispatchKey::Autograd, DispatchKey::CompositeImplicitAutograd). If your operator is not differentiable, or to squash this warning and use the previous behavior, please register torch::CppFunction::makeFallthrough() to DispatchKey::Autograd. (Triggered internally at /opt/pytorch/pytorch/torch/csrc/autograd/autograd_not_implemented_fallback.cpp:76.)
  return Variable._execution_engine.run_backward(  # Calls into the C++ engine to run the backward pass
/usr/local/lib/python3.12/dist-packages/torch/autograd/graph.py:882: UserWarning: fbgemm::dense_embedding_codegen_lookup_function: an autograd kernel was not registered to the Autograd key(s) but we are trying to backprop through it. This may lead to silently incorrect behavior. This behavior is deprecated and will be removed in a future version of PyTorch. If your operator is differentiable, please ensure you have registered an autograd kernel to the correct Autograd key (e.g. DispatchKey::Autograd, DispatchKey::CompositeImplicitAutograd). If your operator is not differentiable, or to squash this warning and use the previous behavior, please register torch::CppFunction::makeFallthrough() to DispatchKey::Autograd. (Triggered internally at /opt/pytorch/pytorch/torch/csrc/autograd/autograd_not_implemented_fallback.cpp:76.)
  return Variable._execution_engine.run_backward(  # Calls into the C++ engine to run the backward pass
/usr/local/lib/python3.12/dist-packages/torch/autograd/graph.py:882: UserWarning: fbgemm::dense_embedding_codegen_lookup_function: an autograd kernel was not registered to the Autograd key(s) but we are trying to backprop through it. This may lead to silently incorrect behavior. This behavior is deprecated and will be removed in a future version of PyTorch. If your operator is differentiable, please ensure you have registered an autograd kernel to the correct Autograd key (e.g. DispatchKey::Autograd, DispatchKey::CompositeImplicitAutograd). If your operator is not differentiable, or to squash this warning and use the previous behavior, please register torch::CppFunction::makeFallthrough() to DispatchKey::Autograd. (Triggered internally at /opt/pytorch/pytorch/torch/csrc/autograd/autograd_not_implemented_fallback.cpp:76.)
  return Variable._execution_engine.run_backward(  # Calls into the C++ engine to run the backward pass
[07/26/26 06:05:48] INFO     [train] [iter 199, tokens 40960, elapsed_time 27593.75 ms, achieved FLOPS 651.48 TFLOPS, MFU 3.62%]: loss nan                                                                                                      
/usr/local/lib/python3.12/dist-packages/torch/autograd/graph.py:882: UserWarning: fbgemm::dense_embedding_codegen_lookup_function: an autograd kernel was not registered to the Autograd key(s) but we are trying to backprop through it. This may lead to silently incorrect behavior. This behavior is deprecated and will be removed in a future version of PyTorch. If your operator is differentiable, please ensure you have registered an autograd kernel to the correct Autograd key (e.g. DispatchKey::Autograd, DispatchKey::CompositeImplicitAutograd). If your operator is not differentiable, or to squash this warning and use the previous behavior, please register torch::CppFunction::makeFallthrough() to DispatchKey::Autograd. (Triggered internally at /opt/pytorch/pytorch/torch/csrc/autograd/autograd_not_implemented_fallback.cpp:76.)
  return Variable._execution_engine.run_backward(  # Calls into the C++ engine to run the backward pass
/usr/local/lib/python3.12/dist-packages/torch/autograd/graph.py:882: UserWarning: fbgemm::dense_embedding_codegen_lookup_function: an autograd kernel was not registered to the Autograd key(s) but we are trying to backprop through it. This may lead to silently incorrect behavior. This behavior is deprecated and will be removed in a future version of PyTorch. If your operator is differentiable, please ensure you have registered an autograd kernel to the correct Autograd key (e.g. DispatchKey::Autograd, DispatchKey::CompositeImplicitAutograd). If your operator is not differentiable, or to squash this warning and use the previous behavior, please register torch::CppFunction::makeFallthrough() to DispatchKey::Autograd. (Triggered internally at /opt/pytorch/pytorch/torch/csrc/autograd/autograd_not_implemented_fallback.cpp:76.)
  return Variable._execution_engine.run_backward(  # Calls into the C++ engine to run the backward pass
/usr/local/lib/python3.12/dist-packages/torch/autograd/graph.py:882: UserWarning: fbgemm::dense_embedding_codegen_lookup_function: an autograd kernel was not registered to the Autograd key(s) but we are trying to backprop through it. This may lead to silently incorrect behavior. This behavior is deprecated and will be removed in a future version of PyTorch. If your operator is differentiable, please ensure you have registered an autograd kernel to the correct Autograd key (e.g. DispatchKey::Autograd, DispatchKey::CompositeImplicitAutograd). If your operator is not differentiable, or to squash this warning and use the previous behavior, please register torch::CppFunction::makeFallthrough() to DispatchKey::Autograd. (Triggered internally at /opt/pytorch/pytorch/torch/csrc/autograd/autograd_not_implemented_fallback.cpp:76.)
  return Variable._execution_engine.run_backward(  # Calls into the C++ engine to run the backward pass
/usr/local/lib/python3.12/dist-packages/torch/autograd/graph.py:882: UserWarning: fbgemm::dense_embedding_codegen_lookup_function: an autograd kernel was not registered to the Autograd key(s) but we are trying to backprop through it. This may lead to silently incorrect behavior. This behavior is deprecated and will be removed in a future version of PyTorch. If your operator is differentiable, please ensure you have registered an autograd kernel to the correct Autograd key (e.g. DispatchKey::Autograd, DispatchKey::CompositeImplicitAutograd). If your operator is not differentiable, or to squash this warning and use the previous behavior, please register torch::CppFunction::makeFallthrough() to DispatchKey::Autograd. (Triggered internally at /opt/pytorch/pytorch/torch/csrc/autograd/autograd_not_implemented_fallback.cpp:76.)
  return Variable._execution_engine.run_backward(  # Calls into the C++ engine to run the backward pass
/usr/local/lib/python3.12/dist-packages/torch/autograd/graph.py:882: UserWarning: fbgemm::dense_embedding_codegen_lookup_function: an autograd kernel was not registered to the Autograd key(s) but we are trying to backprop through it. This may lead to silently incorrect behavior. This behavior is deprecated and will be removed in a future version of PyTorch. If your operator is differentiable, please ensure you have registered an autograd kernel to the correct Autograd key (e.g. DispatchKey::Autograd, DispatchKey::CompositeImplicitAutograd). If your operator is not differentiable, or to squash this warning and use the previous behavior, please register torch::CppFunction::makeFallthrough() to DispatchKey::Autograd. (Triggered internally at /opt/pytorch/pytorch/torch/csrc/autograd/autograd_not_implemented_fallback.cpp:76.)
  return Variable._execution_engine.run_backward(  # Calls into the C++ engine to run the backward pass
/usr/local/lib/python3.12/dist-packages/torch/autograd/graph.py:882: UserWarning: fbgemm::dense_embedding_codegen_lookup_function: an autograd kernel was not registered to the Autograd key(s) but we are trying to backprop through it. This may lead to silently incorrect behavior. This behavior is deprecated and will be removed in a future version of PyTorch. If your operator is differentiable, please ensure you have registered an autograd kernel to the correct Autograd key (e.g. DispatchKey::Autograd, DispatchKey::CompositeImplicitAutograd). If your operator is not differentiable, or to squash this warning and use the previous behavior, please register torch::CppFunction::makeFallthrough() to DispatchKey::Autograd. (Triggered internally at /opt/pytorch/pytorch/torch/csrc/autograd/autograd_not_implemented_fallback.cpp:76.)
  return Variable._execution_engine.run_backward(  # Calls into the C++ engine to run the backward pass
/usr/local/lib/python3.12/dist-packages/torch/autograd/graph.py:882: UserWarning: fbgemm::dense_embedding_codegen_lookup_function: an autograd kernel was not registered to the Autograd key(s) but we are trying to backprop through it. This may lead to silently incorrect behavior. This behavior is deprecated and will be removed in a future version of PyTorch. If your operator is differentiable, please ensure you have registered an autograd kernel to the correct Autograd key (e.g. DispatchKey::Autograd, DispatchKey::CompositeImplicitAutograd). If your operator is not differentiable, or to squash this warning and use the previous behavior, please register torch::CppFunction::makeFallthrough() to DispatchKey::Autograd. (Triggered internally at /opt/pytorch/pytorch/torch/csrc/autograd/autograd_not_implemented_fallback.cpp:76.)
  return Variable._execution_engine.run_backward(  # Calls into the C++ engine to run the backward pass
/usr/local/lib/python3.12/dist-packages/torch/autograd/graph.py:882: UserWarning: fbgemm::dense_embedding_codegen_lookup_function: an autograd kernel was not registered to the Autograd key(s) but we are trying to backprop through it. This may lead to silently incorrect behavior. This behavior is deprecated and will be removed in a future version of PyTorch. If your operator is differentiable, please ensure you have registered an autograd kernel to the correct Autograd key (e.g. DispatchKey::Autograd, DispatchKey::CompositeImplicitAutograd). If your operator is not differentiable, or to squash this warning and use the previous behavior, please register torch::CppFunction::makeFallthrough() to DispatchKey::Autograd. (Triggered internally at /opt/pytorch/pytorch/torch/csrc/autograd/autograd_not_implemented_fallback.cpp:76.)
  return Variable._execution_engine.run_backward(  # Calls into the C++ engine to run the backward pass
[07/26/26 06:06:12] INFO     [train] [iter 219, tokens 40960, elapsed_time 21753.19 ms, achieved FLOPS 708.86 TFLOPS, MFU 3.94%]: loss nan                                                                                                      
/usr/local/lib/python3.12/dist-packages/torch/autograd/graph.py:882: UserWarning: fbgemm::dense_embedding_codegen_lookup_function: an autograd kernel was not registered to the Autograd key(s) but we are trying to backprop through it. This may lead to silently incorrect behavior. This behavior is deprecated and will be removed in a future version of PyTorch. If your operator is differentiable, please ensure you have registered an autograd kernel to the correct Autograd key (e.g. DispatchKey::Autograd, DispatchKey::CompositeImplicitAutograd). If your operator is not differentiable, or to squash this warning and use the previous behavior, please register torch::CppFunction::makeFallthrough() to DispatchKey::Autograd. (Triggered internally at /opt/pytorch/pytorch/torch/csrc/autograd/autograd_not_implemented_fallback.cpp:76.)
  return Variable._execution_engine.run_backward(  # Calls into the C++ engine to run the backward pass
/usr/local/lib/python3.12/dist-packages/torch/autograd/graph.py:882: UserWarning: fbgemm::dense_embedding_codegen_lookup_function: an autograd kernel was not registered to the Autograd key(s) but we are trying to backprop through it. This may lead to silently incorrect behavior. This behavior is deprecated and will be removed in a future version of PyTorch. If your operator is differentiable, please ensure you have registered an autograd kernel to the correct Autograd key (e.g. DispatchKey::Autograd, DispatchKey::CompositeImplicitAutograd). If your operator is not differentiable, or to squash this warning and use the previous behavior, please register torch::CppFunction::makeFallthrough() to DispatchKey::Autograd. (Triggered internally at /opt/pytorch/pytorch/torch/csrc/autograd/autograd_not_implemented_fallback.cpp:76.)
  return Variable._execution_engine.run_backward(  # Calls into the C++ engine to run the backward pass
/usr/local/lib/python3.12/dist-packages/torch/autograd/graph.py:882: UserWarning: fbgemm::dense_embedding_codegen_lookup_function: an autograd kernel was not registered to the Autograd key(s) but we are trying to backprop through it. This may lead to silently incorrect behavior. This behavior is deprecated and will be removed in a future version of PyTorch. If your operator is differentiable, please ensure you have registered an autograd kernel to the correct Autograd key (e.g. DispatchKey::Autograd, DispatchKey::CompositeImplicitAutograd). If your operator is not differentiable, or to squash this warning and use the previous behavior, please register torch::CppFunction::makeFallthrough() to DispatchKey::Autograd. (Triggered internally at /opt/pytorch/pytorch/torch/csrc/autograd/autograd_not_implemented_fallback.cpp:76.)
  return Variable._execution_engine.run_backward(  # Calls into the C++ engine to run the backward pass
/usr/local/lib/python3.12/dist-packages/torch/autograd/graph.py:882: UserWarning: fbgemm::dense_embedding_codegen_lookup_function: an autograd kernel was not registered to the Autograd key(s) but we are trying to backprop through it. This may lead to silently incorrect behavior. This behavior is deprecated and will be removed in a future version of PyTorch. If your operator is differentiable, please ensure you have registered an autograd kernel to the correct Autograd key (e.g. DispatchKey::Autograd, DispatchKey::CompositeImplicitAutograd). If your operator is not differentiable, or to squash this warning and use the previous behavior, please register torch::CppFunction::makeFallthrough() to DispatchKey::Autograd. (Triggered internally at /opt/pytorch/pytorch/torch/csrc/autograd/autograd_not_implemented_fallback.cpp:76.)
  return Variable._execution_engine.run_backward(  # Calls into the C++ engine to run the backward pass
/usr/local/lib/python3.12/dist-packages/torch/autograd/graph.py:882: UserWarning: fbgemm::dense_embedding_codegen_lookup_function: an autograd kernel was not registered to the Autograd key(s) but we are trying to backprop through it. This may lead to silently incorrect behavior. This behavior is deprecated and will be removed in a future version of PyTorch. If your operator is differentiable, please ensure you have registered an autograd kernel to the correct Autograd key (e.g. DispatchKey::Autograd, DispatchKey::CompositeImplicitAutograd). If your operator is not differentiable, or to squash this warning and use the previous behavior, please register torch::CppFunction::makeFallthrough() to DispatchKey::Autograd. (Triggered internally at /opt/pytorch/pytorch/torch/csrc/autograd/autograd_not_implemented_fallback.cpp:76.)
  return Variable._execution_engine.run_backward(  # Calls into the C++ engine to run the backward pass
/usr/local/lib/python3.12/dist-packages/torch/autograd/graph.py:882: UserWarning: fbgemm::dense_embedding_codegen_lookup_function: an autograd kernel was not registered to the Autograd key(s) but we are trying to backprop through it. This may lead to silently incorrect behavior. This behavior is deprecated and will be removed in a future version of PyTorch. If your operator is differentiable, please ensure you have registered an autograd kernel to the correct Autograd key (e.g. DispatchKey::Autograd, DispatchKey::CompositeImplicitAutograd). If your operator is not differentiable, or to squash this warning and use the previous behavior, please register torch::CppFunction::makeFallthrough() to DispatchKey::Autograd. (Triggered internally at /opt/pytorch/pytorch/torch/csrc/autograd/autograd_not_implemented_fallback.cpp:76.)
  return Variable._execution_engine.run_backward(  # Calls into the C++ engine to run the backward pass
/usr/local/lib/python3.12/dist-packages/torch/autograd/graph.py:882: UserWarning: fbgemm::dense_embedding_codegen_lookup_function: an autograd kernel was not registered to the Autograd key(s) but we are trying to backprop through it. This may lead to silently incorrect behavior. This behavior is deprecated and will be removed in a future version of PyTorch. If your operator is differentiable, please ensure you have registered an autograd kernel to the correct Autograd key (e.g. DispatchKey::Autograd, DispatchKey::CompositeImplicitAutograd). If your operator is not differentiable, or to squash this warning and use the previous behavior, please register torch::CppFunction::makeFallthrough() to DispatchKey::Autograd. (Triggered internally at /opt/pytorch/pytorch/torch/csrc/autograd/autograd_not_implemented_fallback.cpp:76.)
  return Variable._execution_engine.run_backward(  # Calls into the C++ engine to run the backward pass
/usr/local/lib/python3.12/dist-packages/torch/autograd/graph.py:882: UserWarning: fbgemm::dense_embedding_codegen_lookup_function: an autograd kernel was not registered to the Autograd key(s) but we are trying to backprop through it. This may lead to silently incorrect behavior. This behavior is deprecated and will be removed in a future version of PyTorch. If your operator is differentiable, please ensure you have registered an autograd kernel to the correct Autograd key (e.g. DispatchKey::Autograd, DispatchKey::CompositeImplicitAutograd). If your operator is not differentiable, or to squash this warning and use the previous behavior, please register torch::CppFunction::makeFallthrough() to DispatchKey::Autograd. (Triggered internally at /opt/pytorch/pytorch/torch/csrc/autograd/autograd_not_implemented_fallback.cpp:76.)
  return Variable._execution_engine.run_backward(  # Calls into the C++ engine to run the backward pass
[07/26/26 06:06:35] INFO     [train] [iter 239, tokens 40960, elapsed_time 21835.86 ms, achieved FLOPS 699.10 TFLOPS, MFU 3.88%]: loss nan                                                                                                      
/usr/local/lib/python3.12/dist-packages/torch/autograd/graph.py:882: UserWarning: fbgemm::dense_embedding_codegen_lookup_function: an autograd kernel was not registered to the Autograd key(s) but we are trying to backprop through it. This may lead to silently incorrect behavior. This behavior is deprecated and will be removed in a future version of PyTorch. If your operator is differentiable, please ensure you have registered an autograd kernel to the correct Autograd key (e.g. DispatchKey::Autograd, DispatchKey::CompositeImplicitAutograd). If your operator is not differentiable, or to squash this warning and use the previous behavior, please register torch::CppFunction::makeFallthrough() to DispatchKey::Autograd. (Triggered internally at /opt/pytorch/pytorch/torch/csrc/autograd/autograd_not_implemented_fallback.cpp:76.)
  return Variable._execution_engine.run_backward(  # Calls into the C++ engine to run the backward pass
/usr/local/lib/python3.12/dist-packages/torch/autograd/graph.py:882: UserWarning: fbgemm::dense_embedding_codegen_lookup_function: an autograd kernel was not registered to the Autograd key(s) but we are trying to backprop through it. This may lead to silently incorrect behavior. This behavior is deprecated and will be removed in a future version of PyTorch. If your operator is differentiable, please ensure you have registered an autograd kernel to the correct Autograd key (e.g. DispatchKey::Autograd, DispatchKey::CompositeImplicitAutograd). If your operator is not differentiable, or to squash this warning and use the previous behavior, please register torch::CppFunction::makeFallthrough() to DispatchKey::Autograd. (Triggered internally at /opt/pytorch/pytorch/torch/csrc/autograd/autograd_not_implemented_fallback.cpp:76.)
  return Variable._execution_engine.run_backward(  # Calls into the C++ engine to run the backward pass
/usr/local/lib/python3.12/dist-packages/torch/autograd/graph.py:882: UserWarning: fbgemm::dense_embedding_codegen_lookup_function: an autograd kernel was not registered to the Autograd key(s) but we are trying to backprop through it. This may lead to silently incorrect behavior. This behavior is deprecated and will be removed in a future version of PyTorch. If your operator is differentiable, please ensure you have registered an autograd kernel to the correct Autograd key (e.g. DispatchKey::Autograd, DispatchKey::CompositeImplicitAutograd). If your operator is not differentiable, or to squash this warning and use the previous behavior, please register torch::CppFunction::makeFallthrough() to DispatchKey::Autograd. (Triggered internally at /opt/pytorch/pytorch/torch/csrc/autograd/autograd_not_implemented_fallback.cpp:76.)
  return Variable._execution_engine.run_backward(  # Calls into the C++ engine to run the backward pass
/usr/local/lib/python3.12/dist-packages/torch/autograd/graph.py:882: UserWarning: fbgemm::dense_embedding_codegen_lookup_function: an autograd kernel was not registered to the Autograd key(s) but we are trying to backprop through it. This may lead to silently incorrect behavior. This behavior is deprecated and will be removed in a future version of PyTorch. If your operator is differentiable, please ensure you have registered an autograd kernel to the correct Autograd key (e.g. DispatchKey::Autograd, DispatchKey::CompositeImplicitAutograd). If your operator is not differentiable, or to squash this warning and use the previous behavior, please register torch::CppFunction::makeFallthrough() to DispatchKey::Autograd. (Triggered internally at /opt/pytorch/pytorch/torch/csrc/autograd/autograd_not_implemented_fallback.cpp:76.)
  return Variable._execution_engine.run_backward(  # Calls into the C++ engine to run the backward pass
/usr/local/lib/python3.12/dist-packages/torch/autograd/graph.py:882: UserWarning: fbgemm::dense_embedding_codegen_lookup_function: an autograd kernel was not registered to the Autograd key(s) but we are trying to backprop through it. This may lead to silently incorrect behavior. This behavior is deprecated and will be removed in a future version of PyTorch. If your operator is differentiable, please ensure you have registered an autograd kernel to the correct Autograd key (e.g. DispatchKey::Autograd, DispatchKey::CompositeImplicitAutograd). If your operator is not differentiable, or to squash this warning and use the previous behavior, please register torch::CppFunction::makeFallthrough() to DispatchKey::Autograd. (Triggered internally at /opt/pytorch/pytorch/torch/csrc/autograd/autograd_not_implemented_fallback.cpp:76.)
  return Variable._execution_engine.run_backward(  # Calls into the C++ engine to run the backward pass
/usr/local/lib/python3.12/dist-packages/torch/autograd/graph.py:882: UserWarning: fbgemm::dense_embedding_codegen_lookup_function: an autograd kernel was not registered to the Autograd key(s) but we are trying to backprop through it. This may lead to silently incorrect behavior. This behavior is deprecated and will be removed in a future version of PyTorch. If your operator is differentiable, please ensure you have registered an autograd kernel to the correct Autograd key (e.g. DispatchKey::Autograd, DispatchKey::CompositeImplicitAutograd). If your operator is not differentiable, or to squash this warning and use the previous behavior, please register torch::CppFunction::makeFallthrough() to DispatchKey::Autograd. (Triggered internally at /opt/pytorch/pytorch/torch/csrc/autograd/autograd_not_implemented_fallback.cpp:76.)
  return Variable._execution_engine.run_backward(  # Calls into the C++ engine to run the backward pass
/usr/local/lib/python3.12/dist-packages/torch/autograd/graph.py:882: UserWarning: fbgemm::dense_embedding_codegen_lookup_function: an autograd kernel was not registered to the Autograd key(s) but we are trying to backprop through it. This may lead to silently incorrect behavior. This behavior is deprecated and will be removed in a future version of PyTorch. If your operator is differentiable, please ensure you have registered an autograd kernel to the correct Autograd key (e.g. DispatchKey::Autograd, DispatchKey::CompositeImplicitAutograd). If your operator is not differentiable, or to squash this warning and use the previous behavior, please register torch::CppFunction::makeFallthrough() to DispatchKey::Autograd. (Triggered internally at /opt/pytorch/pytorch/torch/csrc/autograd/autograd_not_implemented_fallback.cpp:76.)
  return Variable._execution_engine.run_backward(  # Calls into the C++ engine to run the backward pass
/usr/local/lib/python3.12/dist-packages/torch/autograd/graph.py:882: UserWarning: fbgemm::dense_embedding_codegen_lookup_function: an autograd kernel was not registered to the Autograd key(s) but we are trying to backprop through it. This may lead to silently incorrect behavior. This behavior is deprecated and will be removed in a future version of PyTorch. If your operator is differentiable, please ensure you have registered an autograd kernel to the correct Autograd key (e.g. DispatchKey::Autograd, DispatchKey::CompositeImplicitAutograd). If your operator is not differentiable, or to squash this warning and use the previous behavior, please register torch::CppFunction::makeFallthrough() to DispatchKey::Autograd. (Triggered internally at /opt/pytorch/pytorch/torch/csrc/autograd/autograd_not_implemented_fallback.cpp:76.)
  return Variable._execution_engine.run_backward(  # Calls into the C++ engine to run the backward pass
[07/26/26 06:07:01] INFO     [train] [iter 259, tokens 40960, elapsed_time 24138.42 ms, achieved FLOPS 654.65 TFLOPS, MFU 3.64%]: loss nan                                                                                                      
/usr/local/lib/python3.12/dist-packages/torch/autograd/graph.py:882: UserWarning: fbgemm::dense_embedding_codegen_lookup_function: an autograd kernel was not registered to the Autograd key(s) but we are trying to backprop through it. This may lead to silently incorrect behavior. This behavior is deprecated and will be removed in a future version of PyTorch. If your operator is differentiable, please ensure you have registered an autograd kernel to the correct Autograd key (e.g. DispatchKey::Autograd, DispatchKey::CompositeImplicitAutograd). If your operator is not differentiable, or to squash this warning and use the previous behavior, please register torch::CppFunction::makeFallthrough() to DispatchKey::Autograd. (Triggered internally at /opt/pytorch/pytorch/torch/csrc/autograd/autograd_not_implemented_fallback.cpp:76.)
  return Variable._execution_engine.run_backward(  # Calls into the C++ engine to run the backward pass
/usr/local/lib/python3.12/dist-packages/torch/autograd/graph.py:882: UserWarning: fbgemm::dense_embedding_codegen_lookup_function: an autograd kernel was not registered to the Autograd key(s) but we are trying to backprop through it. This may lead to silently incorrect behavior. This behavior is deprecated and will be removed in a future version of PyTorch. If your operator is differentiable, please ensure you have registered an autograd kernel to the correct Autograd key (e.g. DispatchKey::Autograd, DispatchKey::CompositeImplicitAutograd). If your operator is not differentiable, or to squash this warning and use the previous behavior, please register torch::CppFunction::makeFallthrough() to DispatchKey::Autograd. (Triggered internally at /opt/pytorch/pytorch/torch/csrc/autograd/autograd_not_implemented_fallback.cpp:76.)
  return Variable._execution_engine.run_backward(  # Calls into the C++ engine to run the backward pass
/usr/local/lib/python3.12/dist-packages/torch/autograd/graph.py:882: UserWarning: fbgemm::dense_embedding_codegen_lookup_function: an autograd kernel was not registered to the Autograd key(s) but we are trying to backprop through it. This may lead to silently incorrect behavior. This behavior is deprecated and will be removed in a future version of PyTorch. If your operator is differentiable, please ensure you have registered an autograd kernel to the correct Autograd key (e.g. DispatchKey::Autograd, DispatchKey::CompositeImplicitAutograd). If your operator is not differentiable, or to squash this warning and use the previous behavior, please register torch::CppFunction::makeFallthrough() to DispatchKey::Autograd. (Triggered internally at /opt/pytorch/pytorch/torch/csrc/autograd/autograd_not_implemented_fallback.cpp:76.)
  return Variable._execution_engine.run_backward(  # Calls into the C++ engine to run the backward pass
/usr/local/lib/python3.12/dist-packages/torch/autograd/graph.py:882: UserWarning: fbgemm::dense_embedding_codegen_lookup_function: an autograd kernel was not registered to the Autograd key(s) but we are trying to backprop through it. This may lead to silently incorrect behavior. This behavior is deprecated and will be removed in a future version of PyTorch. If your operator is differentiable, please ensure you have registered an autograd kernel to the correct Autograd key (e.g. DispatchKey::Autograd, DispatchKey::CompositeImplicitAutograd). If your operator is not differentiable, or to squash this warning and use the previous behavior, please register torch::CppFunction::makeFallthrough() to DispatchKey::Autograd. (Triggered internally at /opt/pytorch/pytorch/torch/csrc/autograd/autograd_not_implemented_fallback.cpp:76.)
  return Variable._execution_engine.run_backward(  # Calls into the C++ engine to run the backward pass
/usr/local/lib/python3.12/dist-packages/torch/autograd/graph.py:882: UserWarning: fbgemm::dense_embedding_codegen_lookup_function: an autograd kernel was not registered to the Autograd key(s) but we are trying to backprop through it. This may lead to silently incorrect behavior. This behavior is deprecated and will be removed in a future version of PyTorch. If your operator is differentiable, please ensure you have registered an autograd kernel to the correct Autograd key (e.g. DispatchKey::Autograd, DispatchKey::CompositeImplicitAutograd). If your operator is not differentiable, or to squash this warning and use the previous behavior, please register torch::CppFunction::makeFallthrough() to DispatchKey::Autograd. (Triggered internally at /opt/pytorch/pytorch/torch/csrc/autograd/autograd_not_implemented_fallback.cpp:76.)
  return Variable._execution_engine.run_backward(  # Calls into the C++ engine to run the backward pass
/usr/local/lib/python3.12/dist-packages/torch/autograd/graph.py:882: UserWarning: fbgemm::dense_embedding_codegen_lookup_function: an autograd kernel was not registered to the Autograd key(s) but we are trying to backprop through it. This may lead to silently incorrect behavior. This behavior is deprecated and will be removed in a future version of PyTorch. If your operator is differentiable, please ensure you have registered an autograd kernel to the correct Autograd key (e.g. DispatchKey::Autograd, DispatchKey::CompositeImplicitAutograd). If your operator is not differentiable, or to squash this warning and use the previous behavior, please register torch::CppFunction::makeFallthrough() to DispatchKey::Autograd. (Triggered internally at /opt/pytorch/pytorch/torch/csrc/autograd/autograd_not_implemented_fallback.cpp:76.)
  return Variable._execution_engine.run_backward(  # Calls into the C++ engine to run the backward pass
/usr/local/lib/python3.12/dist-packages/torch/autograd/graph.py:882: UserWarning: fbgemm::dense_embedding_codegen_lookup_function: an autograd kernel was not registered to the Autograd key(s) but we are trying to backprop through it. This may lead to silently incorrect behavior. This behavior is deprecated and will be removed in a future version of PyTorch. If your operator is differentiable, please ensure you have registered an autograd kernel to the correct Autograd key (e.g. DispatchKey::Autograd, DispatchKey::CompositeImplicitAutograd). If your operator is not differentiable, or to squash this warning and use the previous behavior, please register torch::CppFunction::makeFallthrough() to DispatchKey::Autograd. (Triggered internally at /opt/pytorch/pytorch/torch/csrc/autograd/autograd_not_implemented_fallback.cpp:76.)
  return Variable._execution_engine.run_backward(  # Calls into the C++ engine to run the backward pass
/usr/local/lib/python3.12/dist-packages/torch/autograd/graph.py:882: UserWarning: fbgemm::dense_embedding_codegen_lookup_function: an autograd kernel was not registered to the Autograd key(s) but we are trying to backprop through it. This may lead to silently incorrect behavior. This behavior is deprecated and will be removed in a future version of PyTorch. If your operator is differentiable, please ensure you have registered an autograd kernel to the correct Autograd key (e.g. DispatchKey::Autograd, DispatchKey::CompositeImplicitAutograd). If your operator is not differentiable, or to squash this warning and use the previous behavior, please register torch::CppFunction::makeFallthrough() to DispatchKey::Autograd. (Triggered internally at /opt/pytorch/pytorch/torch/csrc/autograd/autograd_not_implemented_fallback.cpp:76.)
  return Variable._execution_engine.run_backward(  # Calls into the C++ engine to run the backward pass
[07/26/26 06:07:24] INFO     [train] [iter 279, tokens 40960, elapsed_time 21388.07 ms, achieved FLOPS 720.80 TFLOPS, MFU 4.00%]: loss nan                                                                                                      
/usr/local/lib/python3.12/dist-packages/torch/autograd/graph.py:882: UserWarning: fbgemm::dense_embedding_codegen_lookup_function: an autograd kernel was not registered to the Autograd key(s) but we are trying to backprop through it. This may lead to silently incorrect behavior. This behavior is deprecated and will be removed in a future version of PyTorch. If your operator is differentiable, please ensure you have registered an autograd kernel to the correct Autograd key (e.g. DispatchKey::Autograd, DispatchKey::CompositeImplicitAutograd). If your operator is not differentiable, or to squash this warning and use the previous behavior, please register torch::CppFunction::makeFallthrough() to DispatchKey::Autograd. (Triggered internally at /opt/pytorch/pytorch/torch/csrc/autograd/autograd_not_implemented_fallback.cpp:76.)
  return Variable._execution_engine.run_backward(  # Calls into the C++ engine to run the backward pass
/usr/local/lib/python3.12/dist-packages/torch/autograd/graph.py:882: UserWarning: fbgemm::dense_embedding_codegen_lookup_function: an autograd kernel was not registered to the Autograd key(s) but we are trying to backprop through it. This may lead to silently incorrect behavior. This behavior is deprecated and will be removed in a future version of PyTorch. If your operator is differentiable, please ensure you have registered an autograd kernel to the correct Autograd key (e.g. DispatchKey::Autograd, DispatchKey::CompositeImplicitAutograd). If your operator is not differentiable, or to squash this warning and use the previous behavior, please register torch::CppFunction::makeFallthrough() to DispatchKey::Autograd. (Triggered internally at /opt/pytorch/pytorch/torch/csrc/autograd/autograd_not_implemented_fallback.cpp:76.)
  return Variable._execution_engine.run_backward(  # Calls into the C++ engine to run the backward pass
/usr/local/lib/python3.12/dist-packages/torch/autograd/graph.py:882: UserWarning: fbgemm::dense_embedding_codegen_lookup_function: an autograd kernel was not registered to the Autograd key(s) but we are trying to backprop through it. This may lead to silently incorrect behavior. This behavior is deprecated and will be removed in a future version of PyTorch. If your operator is differentiable, please ensure you have registered an autograd kernel to the correct Autograd key (e.g. DispatchKey::Autograd, DispatchKey::CompositeImplicitAutograd). If your operator is not differentiable, or to squash this warning and use the previous behavior, please register torch::CppFunction::makeFallthrough() to DispatchKey::Autograd. (Triggered internally at /opt/pytorch/pytorch/torch/csrc/autograd/autograd_not_implemented_fallback.cpp:76.)
  return Variable._execution_engine.run_backward(  # Calls into the C++ engine to run the backward pass
/usr/local/lib/python3.12/dist-packages/torch/autograd/graph.py:882: UserWarning: fbgemm::dense_embedding_codegen_lookup_function: an autograd kernel was not registered to the Autograd key(s) but we are trying to backprop through it. This may lead to silently incorrect behavior. This behavior is deprecated and will be removed in a future version of PyTorch. If your operator is differentiable, please ensure you have registered an autograd kernel to the correct Autograd key (e.g. DispatchKey::Autograd, DispatchKey::CompositeImplicitAutograd). If your operator is not differentiable, or to squash this warning and use the previous behavior, please register torch::CppFunction::makeFallthrough() to DispatchKey::Autograd. (Triggered internally at /opt/pytorch/pytorch/torch/csrc/autograd/autograd_not_implemented_fallback.cpp:76.)
  return Variable._execution_engine.run_backward(  # Calls into the C++ engine to run the backward pass
/usr/local/lib/python3.12/dist-packages/torch/autograd/graph.py:882: UserWarning: fbgemm::dense_embedding_codegen_lookup_function: an autograd kernel was not registered to the Autograd key(s) but we are trying to backprop through it. This may lead to silently incorrect behavior. This behavior is deprecated and will be removed in a future version of PyTorch. If your operator is differentiable, please ensure you have registered an autograd kernel to the correct Autograd key (e.g. DispatchKey::Autograd, DispatchKey::CompositeImplicitAutograd). If your operator is not differentiable, or to squash this warning and use the previous behavior, please register torch::CppFunction::makeFallthrough() to DispatchKey::Autograd. (Triggered internally at /opt/pytorch/pytorch/torch/csrc/autograd/autograd_not_implemented_fallback.cpp:76.)
  return Variable._execution_engine.run_backward(  # Calls into the C++ engine to run the backward pass
/usr/local/lib/python3.12/dist-packages/torch/autograd/graph.py:882: UserWarning: fbgemm::dense_embedding_codegen_lookup_function: an autograd kernel was not registered to the Autograd key(s) but we are trying to backprop through it. This may lead to silently incorrect behavior. This behavior is deprecated and will be removed in a future version of PyTorch. If your operator is differentiable, please ensure you have registered an autograd kernel to the correct Autograd key (e.g. DispatchKey::Autograd, DispatchKey::CompositeImplicitAutograd). If your operator is not differentiable, or to squash this warning and use the previous behavior, please register torch::CppFunction::makeFallthrough() to DispatchKey::Autograd. (Triggered internally at /opt/pytorch/pytorch/torch/csrc/autograd/autograd_not_implemented_fallback.cpp:76.)
  return Variable._execution_engine.run_backward(  # Calls into the C++ engine to run the backward pass
/usr/local/lib/python3.12/dist-packages/torch/autograd/graph.py:882: UserWarning: fbgemm::dense_embedding_codegen_lookup_function: an autograd kernel was not registered to the Autograd key(s) but we are trying to backprop through it. This may lead to silently incorrect behavior. This behavior is deprecated and will be removed in a future version of PyTorch. If your operator is differentiable, please ensure you have registered an autograd kernel to the correct Autograd key (e.g. DispatchKey::Autograd, DispatchKey::CompositeImplicitAutograd). If your operator is not differentiable, or to squash this warning and use the previous behavior, please register torch::CppFunction::makeFallthrough() to DispatchKey::Autograd. (Triggered internally at /opt/pytorch/pytorch/torch/csrc/autograd/autograd_not_implemented_fallback.cpp:76.)
  return Variable._execution_engine.run_backward(  # Calls into the C++ engine to run the backward pass
/usr/local/lib/python3.12/dist-packages/torch/autograd/graph.py:882: UserWarning: fbgemm::dense_embedding_codegen_lookup_function: an autograd kernel was not registered to the Autograd key(s) but we are trying to backprop through it. This may lead to silently incorrect behavior. This behavior is deprecated and will be removed in a future version of PyTorch. If your operator is differentiable, please ensure you have registered an autograd kernel to the correct Autograd key (e.g. DispatchKey::Autograd, DispatchKey::CompositeImplicitAutograd). If your operator is not differentiable, or to squash this warning and use the previous behavior, please register torch::CppFunction::makeFallthrough() to DispatchKey::Autograd. (Triggered internally at /opt/pytorch/pytorch/torch/csrc/autograd/autograd_not_implemented_fallback.cpp:76.)
  return Variable._execution_engine.run_backward(  # Calls into the C++ engine to run the backward pass
[07/26/26 06:07:47] INFO     [train] [iter 299, tokens 40960, elapsed_time 21989.53 ms, achieved FLOPS 685.14 TFLOPS, MFU 3.81%]: loss nan                                                                                                      
/usr/local/lib/python3.12/dist-packages/torch/autograd/graph.py:882: UserWarning: fbgemm::dense_embedding_codegen_lookup_function: an autograd kernel was not registered to the Autograd key(s) but we are trying to backprop through it. This may lead to silently incorrect behavior. This behavior is deprecated and will be removed in a future version of PyTorch. If your operator is differentiable, please ensure you have registered an autograd kernel to the correct Autograd key (e.g. DispatchKey::Autograd, DispatchKey::CompositeImplicitAutograd). If your operator is not differentiable, or to squash this warning and use the previous behavior, please register torch::CppFunction::makeFallthrough() to DispatchKey::Autograd. (Triggered internally at /opt/pytorch/pytorch/torch/csrc/autograd/autograd_not_implemented_fallback.cpp:76.)
  return Variable._execution_engine.run_backward(  # Calls into the C++ engine to run the backward pass
/usr/local/lib/python3.12/dist-packages/torch/autograd/graph.py:882: UserWarning: fbgemm::dense_embedding_codegen_lookup_function: an autograd kernel was not registered to the Autograd key(s) but we are trying to backprop through it. This may lead to silently incorrect behavior. This behavior is deprecated and will be removed in a future version of PyTorch. If your operator is differentiable, please ensure you have registered an autograd kernel to the correct Autograd key (e.g. DispatchKey::Autograd, DispatchKey::CompositeImplicitAutograd). If your operator is not differentiable, or to squash this warning and use the previous behavior, please register torch::CppFunction::makeFallthrough() to DispatchKey::Autograd. (Triggered internally at /opt/pytorch/pytorch/torch/csrc/autograd/autograd_not_implemented_fallback.cpp:76.)
  return Variable._execution_engine.run_backward(  # Calls into the C++ engine to run the backward pass
/usr/local/lib/python3.12/dist-packages/torch/autograd/graph.py:882: UserWarning: fbgemm::dense_embedding_codegen_lookup_function: an autograd kernel was not registered to the Autograd key(s) but we are trying to backprop through it. This may lead to silently incorrect behavior. This behavior is deprecated and will be removed in a future version of PyTorch. If your operator is differentiable, please ensure you have registered an autograd kernel to the correct Autograd key (e.g. DispatchKey::Autograd, DispatchKey::CompositeImplicitAutograd). If your operator is not differentiable, or to squash this warning and use the previous behavior, please register torch::CppFunction::makeFallthrough() to DispatchKey::Autograd. (Triggered internally at /opt/pytorch/pytorch/torch/csrc/autograd/autograd_not_implemented_fallback.cpp:76.)
  return Variable._execution_engine.run_backward(  # Calls into the C++ engine to run the backward pass
/usr/local/lib/python3.12/dist-packages/torch/autograd/graph.py:882: UserWarning: fbgemm::dense_embedding_codegen_lookup_function: an autograd kernel was not registered to the Autograd key(s) but we are trying to backprop through it. This may lead to silently incorrect behavior. This behavior is deprecated and will be removed in a future version of PyTorch. If your operator is differentiable, please ensure you have registered an autograd kernel to the correct Autograd key (e.g. DispatchKey::Autograd, DispatchKey::CompositeImplicitAutograd). If your operator is not differentiable, or to squash this warning and use the previous behavior, please register torch::CppFunction::makeFallthrough() to DispatchKey::Autograd. (Triggered internally at /opt/pytorch/pytorch/torch/csrc/autograd/autograd_not_implemented_fallback.cpp:76.)
  return Variable._execution_engine.run_backward(  # Calls into the C++ engine to run the backward pass
/usr/local/lib/python3.12/dist-packages/torch/autograd/graph.py:882: UserWarning: fbgemm::dense_embedding_codegen_lookup_function: an autograd kernel was not registered to the Autograd key(s) but we are trying to backprop through it. This may lead to silently incorrect behavior. This behavior is deprecated and will be removed in a future version of PyTorch. If your operator is differentiable, please ensure you have registered an autograd kernel to the correct Autograd key (e.g. DispatchKey::Autograd, DispatchKey::CompositeImplicitAutograd). If your operator is not differentiable, or to squash this warning and use the previous behavior, please register torch::CppFunction::makeFallthrough() to DispatchKey::Autograd. (Triggered internally at /opt/pytorch/pytorch/torch/csrc/autograd/autograd_not_implemented_fallback.cpp:76.)
  return Variable._execution_engine.run_backward(  # Calls into the C++ engine to run the backward pass
/usr/local/lib/python3.12/dist-packages/torch/autograd/graph.py:882: UserWarning: fbgemm::dense_embedding_codegen_lookup_function: an autograd kernel was not registered to the Autograd key(s) but we are trying to backprop through it. This may lead to silently incorrect behavior. This behavior is deprecated and will be removed in a future version of PyTorch. If your operator is differentiable, please ensure you have registered an autograd kernel to the correct Autograd key (e.g. DispatchKey::Autograd, DispatchKey::CompositeImplicitAutograd). If your operator is not differentiable, or to squash this warning and use the previous behavior, please register torch::CppFunction::makeFallthrough() to DispatchKey::Autograd. (Triggered internally at /opt/pytorch/pytorch/torch/csrc/autograd/autograd_not_implemented_fallback.cpp:76.)
  return Variable._execution_engine.run_backward(  # Calls into the C++ engine to run the backward pass
/usr/local/lib/python3.12/dist-packages/torch/autograd/graph.py:882: UserWarning: fbgemm::dense_embedding_codegen_lookup_function: an autograd kernel was not registered to the Autograd key(s) but we are trying to backprop through it. This may lead to silently incorrect behavior. This behavior is deprecated and will be removed in a future version of PyTorch. If your operator is differentiable, please ensure you have registered an autograd kernel to the correct Autograd key (e.g. DispatchKey::Autograd, DispatchKey::CompositeImplicitAutograd). If your operator is not differentiable, or to squash this warning and use the previous behavior, please register torch::CppFunction::makeFallthrough() to DispatchKey::Autograd. (Triggered internally at /opt/pytorch/pytorch/torch/csrc/autograd/autograd_not_implemented_fallback.cpp:76.)
  return Variable._execution_engine.run_backward(  # Calls into the C++ engine to run the backward pass
/usr/local/lib/python3.12/dist-packages/torch/autograd/graph.py:882: UserWarning: fbgemm::dense_embedding_codegen_lookup_function: an autograd kernel was not registered to the Autograd key(s) but we are trying to backprop through it. This may lead to silently incorrect behavior. This behavior is deprecated and will be removed in a future version of PyTorch. If your operator is differentiable, please ensure you have registered an autograd kernel to the correct Autograd key (e.g. DispatchKey::Autograd, DispatchKey::CompositeImplicitAutograd). If your operator is not differentiable, or to squash this warning and use the previous behavior, please register torch::CppFunction::makeFallthrough() to DispatchKey::Autograd. (Triggered internally at /opt/pytorch/pytorch/torch/csrc/autograd/autograd_not_implemented_fallback.cpp:76.)
  return Variable._execution_engine.run_backward(  # Calls into the C++ engine to run the backward pass
[07/26/26 06:08:13] INFO     [train] [iter 319, tokens 40960, elapsed_time 24046.16 ms, achieved FLOPS 639.93 TFLOPS, MFU 3.56%]: loss nan                                                                                                      
/usr/local/lib/python3.12/dist-packages/torch/autograd/graph.py:882: UserWarning: fbgemm::dense_embedding_codegen_lookup_function: an autograd kernel was not registered to the Autograd key(s) but we are trying to backprop through it. This may lead to silently incorrect behavior. This behavior is deprecated and will be removed in a future version of PyTorch. If your operator is differentiable, please ensure you have registered an autograd kernel to the correct Autograd key (e.g. DispatchKey::Autograd, DispatchKey::CompositeImplicitAutograd). If your operator is not differentiable, or to squash this warning and use the previous behavior, please register torch::CppFunction::makeFallthrough() to DispatchKey::Autograd. (Triggered internally at /opt/pytorch/pytorch/torch/csrc/autograd/autograd_not_implemented_fallback.cpp:76.)
  return Variable._execution_engine.run_backward(  # Calls into the C++ engine to run the backward pass
/usr/local/lib/python3.12/dist-packages/torch/autograd/graph.py:882: UserWarning: fbgemm::dense_embedding_codegen_lookup_function: an autograd kernel was not registered to the Autograd key(s) but we are trying to backprop through it. This may lead to silently incorrect behavior. This behavior is deprecated and will be removed in a future version of PyTorch. If your operator is differentiable, please ensure you have registered an autograd kernel to the correct Autograd key (e.g. DispatchKey::Autograd, DispatchKey::CompositeImplicitAutograd). If your operator is not differentiable, or to squash this warning and use the previous behavior, please register torch::CppFunction::makeFallthrough() to DispatchKey::Autograd. (Triggered internally at /opt/pytorch/pytorch/torch/csrc/autograd/autograd_not_implemented_fallback.cpp:76.)
  return Variable._execution_engine.run_backward(  # Calls into the C++ engine to run the backward pass
/usr/local/lib/python3.12/dist-packages/torch/autograd/graph.py:882: UserWarning: fbgemm::dense_embedding_codegen_lookup_function: an autograd kernel was not registered to the Autograd key(s) but we are trying to backprop through it. This may lead to silently incorrect behavior. This behavior is deprecated and will be removed in a future version of PyTorch. If your operator is differentiable, please ensure you have registered an autograd kernel to the correct Autograd key (e.g. DispatchKey::Autograd, DispatchKey::CompositeImplicitAutograd). If your operator is not differentiable, or to squash this warning and use the previous behavior, please register torch::CppFunction::makeFallthrough() to DispatchKey::Autograd. (Triggered internally at /opt/pytorch/pytorch/torch/csrc/autograd/autograd_not_implemented_fallback.cpp:76.)
  return Variable._execution_engine.run_backward(  # Calls into the C++ engine to run the backward pass
/usr/local/lib/python3.12/dist-packages/torch/autograd/graph.py:882: UserWarning: fbgemm::dense_embedding_codegen_lookup_function: an autograd kernel was not registered to the Autograd key(s) but we are trying to backprop through it. This may lead to silently incorrect behavior. This behavior is deprecated and will be removed in a future version of PyTorch. If your operator is differentiable, please ensure you have registered an autograd kernel to the correct Autograd key (e.g. DispatchKey::Autograd, DispatchKey::CompositeImplicitAutograd). If your operator is not differentiable, or to squash this warning and use the previous behavior, please register torch::CppFunction::makeFallthrough() to DispatchKey::Autograd. (Triggered internally at /opt/pytorch/pytorch/torch/csrc/autograd/autograd_not_implemented_fallback.cpp:76.)
  return Variable._execution_engine.run_backward(  # Calls into the C++ engine to run the backward pass
/usr/local/lib/python3.12/dist-packages/torch/autograd/graph.py:882: UserWarning: fbgemm::dense_embedding_codegen_lookup_function: an autograd kernel was not registered to the Autograd key(s) but we are trying to backprop through it. This may lead to silently incorrect behavior. This behavior is deprecated and will be removed in a future version of PyTorch. If your operator is differentiable, please ensure you have registered an autograd kernel to the correct Autograd key (e.g. DispatchKey::Autograd, DispatchKey::CompositeImplicitAutograd). If your operator is not differentiable, or to squash this warning and use the previous behavior, please register torch::CppFunction::makeFallthrough() to DispatchKey::Autograd. (Triggered internally at /opt/pytorch/pytorch/torch/csrc/autograd/autograd_not_implemented_fallback.cpp:76.)
  return Variable._execution_engine.run_backward(  # Calls into the C++ engine to run the backward pass
/usr/local/lib/python3.12/dist-packages/torch/autograd/graph.py:882: UserWarning: fbgemm::dense_embedding_codegen_lookup_function: an autograd kernel was not registered to the Autograd key(s) but we are trying to backprop through it. This may lead to silently incorrect behavior. This behavior is deprecated and will be removed in a future version of PyTorch. If your operator is differentiable, please ensure you have registered an autograd kernel to the correct Autograd key (e.g. DispatchKey::Autograd, DispatchKey::CompositeImplicitAutograd). If your operator is not differentiable, or to squash this warning and use the previous behavior, please register torch::CppFunction::makeFallthrough() to DispatchKey::Autograd. (Triggered internally at /opt/pytorch/pytorch/torch/csrc/autograd/autograd_not_implemented_fallback.cpp:76.)
  return Variable._execution_engine.run_backward(  # Calls into the C++ engine to run the backward pass
/usr/local/lib/python3.12/dist-packages/torch/autograd/graph.py:882: UserWarning: fbgemm::dense_embedding_codegen_lookup_function: an autograd kernel was not registered to the Autograd key(s) but we are trying to backprop through it. This may lead to silently incorrect behavior. This behavior is deprecated and will be removed in a future version of PyTorch. If your operator is differentiable, please ensure you have registered an autograd kernel to the correct Autograd key (e.g. DispatchKey::Autograd, DispatchKey::CompositeImplicitAutograd). If your operator is not differentiable, or to squash this warning and use the previous behavior, please register torch::CppFunction::makeFallthrough() to DispatchKey::Autograd. (Triggered internally at /opt/pytorch/pytorch/torch/csrc/autograd/autograd_not_implemented_fallback.cpp:76.)
  return Variable._execution_engine.run_backward(  # Calls into the C++ engine to run the backward pass
/usr/local/lib/python3.12/dist-packages/torch/autograd/graph.py:882: UserWarning: fbgemm::dense_embedding_codegen_lookup_function: an autograd kernel was not registered to the Autograd key(s) but we are trying to backprop through it. This may lead to silently incorrect behavior. This behavior is deprecated and will be removed in a future version of PyTorch. If your operator is differentiable, please ensure you have registered an autograd kernel to the correct Autograd key (e.g. DispatchKey::Autograd, DispatchKey::CompositeImplicitAutograd). If your operator is not differentiable, or to squash this warning and use the previous behavior, please register torch::CppFunction::makeFallthrough() to DispatchKey::Autograd. (Triggered internally at /opt/pytorch/pytorch/torch/csrc/autograd/autograd_not_implemented_fallback.cpp:76.)
  return Variable._execution_engine.run_backward(  # Calls into the C++ engine to run the backward pass
[07/26/26 06:08:37] INFO     [train] [iter 339, tokens 40960, elapsed_time 22562.01 ms, achieved FLOPS 719.81 TFLOPS, MFU 4.00%]: loss nan                                                                                                      
/usr/local/lib/python3.12/dist-packages/torch/autograd/graph.py:882: UserWarning: fbgemm::dense_embedding_codegen_lookup_function: an autograd kernel was not registered to the Autograd key(s) but we are trying to backprop through it. This may lead to silently incorrect behavior. This behavior is deprecated and will be removed in a future version of PyTorch. If your operator is differentiable, please ensure you have registered an autograd kernel to the correct Autograd key (e.g. DispatchKey::Autograd, DispatchKey::CompositeImplicitAutograd). If your operator is not differentiable, or to squash this warning and use the previous behavior, please register torch::CppFunction::makeFallthrough() to DispatchKey::Autograd. (Triggered internally at /opt/pytorch/pytorch/torch/csrc/autograd/autograd_not_implemented_fallback.cpp:76.)
  return Variable._execution_engine.run_backward(  # Calls into the C++ engine to run the backward pass
/usr/local/lib/python3.12/dist-packages/torch/autograd/graph.py:882: UserWarning: fbgemm::dense_embedding_codegen_lookup_function: an autograd kernel was not registered to the Autograd key(s) but we are trying to backprop through it. This may lead to silently incorrect behavior. This behavior is deprecated and will be removed in a future version of PyTorch. If your operator is differentiable, please ensure you have registered an autograd kernel to the correct Autograd key (e.g. DispatchKey::Autograd, DispatchKey::CompositeImplicitAutograd). If your operator is not differentiable, or to squash this warning and use the previous behavior, please register torch::CppFunction::makeFallthrough() to DispatchKey::Autograd. (Triggered internally at /opt/pytorch/pytorch/torch/csrc/autograd/autograd_not_implemented_fallback.cpp:76.)
  return Variable._execution_engine.run_backward(  # Calls into the C++ engine to run the backward pass
/usr/local/lib/python3.12/dist-packages/torch/autograd/graph.py:882: UserWarning: fbgemm::dense_embedding_codegen_lookup_function: an autograd kernel was not registered to the Autograd key(s) but we are trying to backprop through it. This may lead to silently incorrect behavior. This behavior is deprecated and will be removed in a future version of PyTorch. If your operator is differentiable, please ensure you have registered an autograd kernel to the correct Autograd key (e.g. DispatchKey::Autograd, DispatchKey::CompositeImplicitAutograd). If your operator is not differentiable, or to squash this warning and use the previous behavior, please register torch::CppFunction::makeFallthrough() to DispatchKey::Autograd. (Triggered internally at /opt/pytorch/pytorch/torch/csrc/autograd/autograd_not_implemented_fallback.cpp:76.)
  return Variable._execution_engine.run_backward(  # Calls into the C++ engine to run the backward pass
/usr/local/lib/python3.12/dist-packages/torch/autograd/graph.py:882: UserWarning: fbgemm::dense_embedding_codegen_lookup_function: an autograd kernel was not registered to the Autograd key(s) but we are trying to backprop through it. This may lead to silently incorrect behavior. This behavior is deprecated and will be removed in a future version of PyTorch. If your operator is differentiable, please ensure you have registered an autograd kernel to the correct Autograd key (e.g. DispatchKey::Autograd, DispatchKey::CompositeImplicitAutograd). If your operator is not differentiable, or to squash this warning and use the previous behavior, please register torch::CppFunction::makeFallthrough() to DispatchKey::Autograd. (Triggered internally at /opt/pytorch/pytorch/torch/csrc/autograd/autograd_not_implemented_fallback.cpp:76.)
  return Variable._execution_engine.run_backward(  # Calls into the C++ engine to run the backward pass
/usr/local/lib/python3.12/dist-packages/torch/autograd/graph.py:882: UserWarning: fbgemm::dense_embedding_codegen_lookup_function: an autograd kernel was not registered to the Autograd key(s) but we are trying to backprop through it. This may lead to silently incorrect behavior. This behavior is deprecated and will be removed in a future version of PyTorch. If your operator is differentiable, please ensure you have registered an autograd kernel to the correct Autograd key (e.g. DispatchKey::Autograd, DispatchKey::CompositeImplicitAutograd). If your operator is not differentiable, or to squash this warning and use the previous behavior, please register torch::CppFunction::makeFallthrough() to DispatchKey::Autograd. (Triggered internally at /opt/pytorch/pytorch/torch/csrc/autograd/autograd_not_implemented_fallback.cpp:76.)
  return Variable._execution_engine.run_backward(  # Calls into the C++ engine to run the backward pass
/usr/local/lib/python3.12/dist-packages/torch/autograd/graph.py:882: UserWarning: fbgemm::dense_embedding_codegen_lookup_function: an autograd kernel was not registered to the Autograd key(s) but we are trying to backprop through it. This may lead to silently incorrect behavior. This behavior is deprecated and will be removed in a future version of PyTorch. If your operator is differentiable, please ensure you have registered an autograd kernel to the correct Autograd key (e.g. DispatchKey::Autograd, DispatchKey::CompositeImplicitAutograd). If your operator is not differentiable, or to squash this warning and use the previous behavior, please register torch::CppFunction::makeFallthrough() to DispatchKey::Autograd. (Triggered internally at /opt/pytorch/pytorch/torch/csrc/autograd/autograd_not_implemented_fallback.cpp:76.)
  return Variable._execution_engine.run_backward(  # Calls into the C++ engine to run the backward pass
/usr/local/lib/python3.12/dist-packages/torch/autograd/graph.py:882: UserWarning: fbgemm::dense_embedding_codegen_lookup_function: an autograd kernel was not registered to the Autograd key(s) but we are trying to backprop through it. This may lead to silently incorrect behavior. This behavior is deprecated and will be removed in a future version of PyTorch. If your operator is differentiable, please ensure you have registered an autograd kernel to the correct Autograd key (e.g. DispatchKey::Autograd, DispatchKey::CompositeImplicitAutograd). If your operator is not differentiable, or to squash this warning and use the previous behavior, please register torch::CppFunction::makeFallthrough() to DispatchKey::Autograd. (Triggered internally at /opt/pytorch/pytorch/torch/csrc/autograd/autograd_not_implemented_fallback.cpp:76.)
  return Variable._execution_engine.run_backward(  # Calls into the C++ engine to run the backward pass
/usr/local/lib/python3.12/dist-packages/torch/autograd/graph.py:882: UserWarning: fbgemm::dense_embedding_codegen_lookup_function: an autograd kernel was not registered to the Autograd key(s) but we are trying to backprop through it. This may lead to silently incorrect behavior. This behavior is deprecated and will be removed in a future version of PyTorch. If your operator is differentiable, please ensure you have registered an autograd kernel to the correct Autograd key (e.g. DispatchKey::Autograd, DispatchKey::CompositeImplicitAutograd). If your operator is not differentiable, or to squash this warning and use the previous behavior, please register torch::CppFunction::makeFallthrough() to DispatchKey::Autograd. (Triggered internally at /opt/pytorch/pytorch/torch/csrc/autograd/autograd_not_implemented_fallback.cpp:76.)
  return Variable._execution_engine.run_backward(  # Calls into the C++ engine to run the backward pass
[07/26/26 06:09:00] INFO     [train] [iter 359, tokens 40960, elapsed_time 21571.55 ms, achieved FLOPS 679.94 TFLOPS, MFU 3.78%]: loss nan                                                                                                      
/usr/local/lib/python3.12/dist-packages/torch/autograd/graph.py:882: UserWarning: fbgemm::dense_embedding_codegen_lookup_function: an autograd kernel was not registered to the Autograd key(s) but we are trying to backprop through it. This may lead to silently incorrect behavior. This behavior is deprecated and will be removed in a future version of PyTorch. If your operator is differentiable, please ensure you have registered an autograd kernel to the correct Autograd key (e.g. DispatchKey::Autograd, DispatchKey::CompositeImplicitAutograd). If your operator is not differentiable, or to squash this warning and use the previous behavior, please register torch::CppFunction::makeFallthrough() to DispatchKey::Autograd. (Triggered internally at /opt/pytorch/pytorch/torch/csrc/autograd/autograd_not_implemented_fallback.cpp:76.)
  return Variable._execution_engine.run_backward(  # Calls into the C++ engine to run the backward pass
/usr/local/lib/python3.12/dist-packages/torch/autograd/graph.py:882: UserWarning: fbgemm::dense_embedding_codegen_lookup_function: an autograd kernel was not registered to the Autograd key(s) but we are trying to backprop through it. This may lead to silently incorrect behavior. This behavior is deprecated and will be removed in a future version of PyTorch. If your operator is differentiable, please ensure you have registered an autograd kernel to the correct Autograd key (e.g. DispatchKey::Autograd, DispatchKey::CompositeImplicitAutograd). If your operator is not differentiable, or to squash this warning and use the previous behavior, please register torch::CppFunction::makeFallthrough() to DispatchKey::Autograd. (Triggered internally at /opt/pytorch/pytorch/torch/csrc/autograd/autograd_not_implemented_fallback.cpp:76.)
  return Variable._execution_engine.run_backward(  # Calls into the C++ engine to run the backward pass
/usr/local/lib/python3.12/dist-packages/torch/autograd/graph.py:882: UserWarning: fbgemm::dense_embedding_codegen_lookup_function: an autograd kernel was not registered to the Autograd key(s) but we are trying to backprop through it. This may lead to silently incorrect behavior. This behavior is deprecated and will be removed in a future version of PyTorch. If your operator is differentiable, please ensure you have registered an autograd kernel to the correct Autograd key (e.g. DispatchKey::Autograd, DispatchKey::CompositeImplicitAutograd). If your operator is not differentiable, or to squash this warning and use the previous behavior, please register torch::CppFunction::makeFallthrough() to DispatchKey::Autograd. (Triggered internally at /opt/pytorch/pytorch/torch/csrc/autograd/autograd_not_implemented_fallback.cpp:76.)
  return Variable._execution_engine.run_backward(  # Calls into the C++ engine to run the backward pass
/usr/local/lib/python3.12/dist-packages/torch/autograd/graph.py:882: UserWarning: fbgemm::dense_embedding_codegen_lookup_function: an autograd kernel was not registered to the Autograd key(s) but we are trying to backprop through it. This may lead to silently incorrect behavior. This behavior is deprecated and will be removed in a future version of PyTorch. If your operator is differentiable, please ensure you have registered an autograd kernel to the correct Autograd key (e.g. DispatchKey::Autograd, DispatchKey::CompositeImplicitAutograd). If your operator is not differentiable, or to squash this warning and use the previous behavior, please register torch::CppFunction::makeFallthrough() to DispatchKey::Autograd. (Triggered internally at /opt/pytorch/pytorch/torch/csrc/autograd/autograd_not_implemented_fallback.cpp:76.)
  return Variable._execution_engine.run_backward(  # Calls into the C++ engine to run the backward pass
/usr/local/lib/python3.12/dist-packages/torch/autograd/graph.py:882: UserWarning: fbgemm::dense_embedding_codegen_lookup_function: an autograd kernel was not registered to the Autograd key(s) but we are trying to backprop through it. This may lead to silently incorrect behavior. This behavior is deprecated and will be removed in a future version of PyTorch. If your operator is differentiable, please ensure you have registered an autograd kernel to the correct Autograd key (e.g. DispatchKey::Autograd, DispatchKey::CompositeImplicitAutograd). If your operator is not differentiable, or to squash this warning and use the previous behavior, please register torch::CppFunction::makeFallthrough() to DispatchKey::Autograd. (Triggered internally at /opt/pytorch/pytorch/torch/csrc/autograd/autograd_not_implemented_fallback.cpp:76.)
  return Variable._execution_engine.run_backward(  # Calls into the C++ engine to run the backward pass
/usr/local/lib/python3.12/dist-packages/torch/autograd/graph.py:882: UserWarning: fbgemm::dense_embedding_codegen_lookup_function: an autograd kernel was not registered to the Autograd key(s) but we are trying to backprop through it. This may lead to silently incorrect behavior. This behavior is deprecated and will be removed in a future version of PyTorch. If your operator is differentiable, please ensure you have registered an autograd kernel to the correct Autograd key (e.g. DispatchKey::Autograd, DispatchKey::CompositeImplicitAutograd). If your operator is not differentiable, or to squash this warning and use the previous behavior, please register torch::CppFunction::makeFallthrough() to DispatchKey::Autograd. (Triggered internally at /opt/pytorch/pytorch/torch/csrc/autograd/autograd_not_implemented_fallback.cpp:76.)
  return Variable._execution_engine.run_backward(  # Calls into the C++ engine to run the backward pass
/usr/local/lib/python3.12/dist-packages/torch/autograd/graph.py:882: UserWarning: fbgemm::dense_embedding_codegen_lookup_function: an autograd kernel was not registered to the Autograd key(s) but we are trying to backprop through it. This may lead to silently incorrect behavior. This behavior is deprecated and will be removed in a future version of PyTorch. If your operator is differentiable, please ensure you have registered an autograd kernel to the correct Autograd key (e.g. DispatchKey::Autograd, DispatchKey::CompositeImplicitAutograd). If your operator is not differentiable, or to squash this warning and use the previous behavior, please register torch::CppFunction::makeFallthrough() to DispatchKey::Autograd. (Triggered internally at /opt/pytorch/pytorch/torch/csrc/autograd/autograd_not_implemented_fallback.cpp:76.)
  return Variable._execution_engine.run_backward(  # Calls into the C++ engine to run the backward pass
/usr/local/lib/python3.12/dist-packages/torch/autograd/graph.py:882: UserWarning: fbgemm::dense_embedding_codegen_lookup_function: an autograd kernel was not registered to the Autograd key(s) but we are trying to backprop through it. This may lead to silently incorrect behavior. This behavior is deprecated and will be removed in a future version of PyTorch. If your operator is differentiable, please ensure you have registered an autograd kernel to the correct Autograd key (e.g. DispatchKey::Autograd, DispatchKey::CompositeImplicitAutograd). If your operator is not differentiable, or to squash this warning and use the previous behavior, please register torch::CppFunction::makeFallthrough() to DispatchKey::Autograd. (Triggered internally at /opt/pytorch/pytorch/torch/csrc/autograd/autograd_not_implemented_fallback.cpp:76.)
  return Variable._execution_engine.run_backward(  # Calls into the C++ engine to run the backward pass
[07/26/26 06:09:25] INFO     [train] [iter 379, tokens 40960, elapsed_time 22530.77 ms, achieved FLOPS 679.70 TFLOPS, MFU 3.78%]: loss nan                                                                                                      
/usr/local/lib/python3.12/dist-packages/torch/autograd/graph.py:882: UserWarning: fbgemm::dense_embedding_codegen_lookup_function: an autograd kernel was not registered to the Autograd key(s) but we are trying to backprop through it. This may lead to silently incorrect behavior. This behavior is deprecated and will be removed in a future version of PyTorch. If your operator is differentiable, please ensure you have registered an autograd kernel to the correct Autograd key (e.g. DispatchKey::Autograd, DispatchKey::CompositeImplicitAutograd). If your operator is not differentiable, or to squash this warning and use the previous behavior, please register torch::CppFunction::makeFallthrough() to DispatchKey::Autograd. (Triggered internally at /opt/pytorch/pytorch/torch/csrc/autograd/autograd_not_implemented_fallback.cpp:76.)
  return Variable._execution_engine.run_backward(  # Calls into the C++ engine to run the backward pass
/usr/local/lib/python3.12/dist-packages/torch/autograd/graph.py:882: UserWarning: fbgemm::dense_embedding_codegen_lookup_function: an autograd kernel was not registered to the Autograd key(s) but we are trying to backprop through it. This may lead to silently incorrect behavior. This behavior is deprecated and will be removed in a future version of PyTorch. If your operator is differentiable, please ensure you have registered an autograd kernel to the correct Autograd key (e.g. DispatchKey::Autograd, DispatchKey::CompositeImplicitAutograd). If your operator is not differentiable, or to squash this warning and use the previous behavior, please register torch::CppFunction::makeFallthrough() to DispatchKey::Autograd. (Triggered internally at /opt/pytorch/pytorch/torch/csrc/autograd/autograd_not_implemented_fallback.cpp:76.)
  return Variable._execution_engine.run_backward(  # Calls into the C++ engine to run the backward pass
/usr/local/lib/python3.12/dist-packages/torch/autograd/graph.py:882: UserWarning: fbgemm::dense_embedding_codegen_lookup_function: an autograd kernel was not registered to the Autograd key(s) but we are trying to backprop through it. This may lead to silently incorrect behavior. This behavior is deprecated and will be removed in a future version of PyTorch. If your operator is differentiable, please ensure you have registered an autograd kernel to the correct Autograd key (e.g. DispatchKey::Autograd, DispatchKey::CompositeImplicitAutograd). If your operator is not differentiable, or to squash this warning and use the previous behavior, please register torch::CppFunction::makeFallthrough() to DispatchKey::Autograd. (Triggered internally at /opt/pytorch/pytorch/torch/csrc/autograd/autograd_not_implemented_fallback.cpp:76.)
  return Variable._execution_engine.run_backward(  # Calls into the C++ engine to run the backward pass
/usr/local/lib/python3.12/dist-packages/torch/autograd/graph.py:882: UserWarning: fbgemm::dense_embedding_codegen_lookup_function: an autograd kernel was not registered to the Autograd key(s) but we are trying to backprop through it. This may lead to silently incorrect behavior. This behavior is deprecated and will be removed in a future version of PyTorch. If your operator is differentiable, please ensure you have registered an autograd kernel to the correct Autograd key (e.g. DispatchKey::Autograd, DispatchKey::CompositeImplicitAutograd). If your operator is not differentiable, or to squash this warning and use the previous behavior, please register torch::CppFunction::makeFallthrough() to DispatchKey::Autograd. (Triggered internally at /opt/pytorch/pytorch/torch/csrc/autograd/autograd_not_implemented_fallback.cpp:76.)
  return Variable._execution_engine.run_backward(  # Calls into the C++ engine to run the backward pass
/usr/local/lib/python3.12/dist-packages/torch/autograd/graph.py:882: UserWarning: fbgemm::dense_embedding_codegen_lookup_function: an autograd kernel was not registered to the Autograd key(s) but we are trying to backprop through it. This may lead to silently incorrect behavior. This behavior is deprecated and will be removed in a future version of PyTorch. If your operator is differentiable, please ensure you have registered an autograd kernel to the correct Autograd key (e.g. DispatchKey::Autograd, DispatchKey::CompositeImplicitAutograd). If your operator is not differentiable, or to squash this warning and use the previous behavior, please register torch::CppFunction::makeFallthrough() to DispatchKey::Autograd. (Triggered internally at /opt/pytorch/pytorch/torch/csrc/autograd/autograd_not_implemented_fallback.cpp:76.)
  return Variable._execution_engine.run_backward(  # Calls into the C++ engine to run the backward pass
/usr/local/lib/python3.12/dist-packages/torch/autograd/graph.py:882: UserWarning: fbgemm::dense_embedding_codegen_lookup_function: an autograd kernel was not registered to the Autograd key(s) but we are trying to backprop through it. This may lead to silently incorrect behavior. This behavior is deprecated and will be removed in a future version of PyTorch. If your operator is differentiable, please ensure you have registered an autograd kernel to the correct Autograd key (e.g. DispatchKey::Autograd, DispatchKey::CompositeImplicitAutograd). If your operator is not differentiable, or to squash this warning and use the previous behavior, please register torch::CppFunction::makeFallthrough() to DispatchKey::Autograd. (Triggered internally at /opt/pytorch/pytorch/torch/csrc/autograd/autograd_not_implemented_fallback.cpp:76.)
  return Variable._execution_engine.run_backward(  # Calls into the C++ engine to run the backward pass
/usr/local/lib/python3.12/dist-packages/torch/autograd/graph.py:882: UserWarning: fbgemm::dense_embedding_codegen_lookup_function: an autograd kernel was not registered to the Autograd key(s) but we are trying to backprop through it. This may lead to silently incorrect behavior. This behavior is deprecated and will be removed in a future version of PyTorch. If your operator is differentiable, please ensure you have registered an autograd kernel to the correct Autograd key (e.g. DispatchKey::Autograd, DispatchKey::CompositeImplicitAutograd). If your operator is not differentiable, or to squash this warning and use the previous behavior, please register torch::CppFunction::makeFallthrough() to DispatchKey::Autograd. (Triggered internally at /opt/pytorch/pytorch/torch/csrc/autograd/autograd_not_implemented_fallback.cpp:76.)
  return Variable._execution_engine.run_backward(  # Calls into the C++ engine to run the backward pass
/usr/local/lib/python3.12/dist-packages/torch/autograd/graph.py:882: UserWarning: fbgemm::dense_embedding_codegen_lookup_function: an autograd kernel was not registered to the Autograd key(s) but we are trying to backprop through it. This may lead to silently incorrect behavior. This behavior is deprecated and will be removed in a future version of PyTorch. If your operator is differentiable, please ensure you have registered an autograd kernel to the correct Autograd key (e.g. DispatchKey::Autograd, DispatchKey::CompositeImplicitAutograd). If your operator is not differentiable, or to squash this warning and use the previous behavior, please register torch::CppFunction::makeFallthrough() to DispatchKey::Autograd. (Triggered internally at /opt/pytorch/pytorch/torch/csrc/autograd/autograd_not_implemented_fallback.cpp:76.)
  return Variable._execution_engine.run_backward(  # Calls into the C++ engine to run the backward pass
[07/26/26 06:09:49] INFO     [train] [iter 399, tokens 40960, elapsed_time 21586.33 ms, achieved FLOPS 696.72 TFLOPS, MFU 3.87%]: loss nan                                                                                                      
/usr/local/lib/python3.12/dist-packages/torch/autograd/graph.py:882: UserWarning: fbgemm::dense_embedding_codegen_lookup_function: an autograd kernel was not registered to the Autograd key(s) but we are trying to backprop through it. This may lead to silently incorrect behavior. This behavior is deprecated and will be removed in a future version of PyTorch. If your operator is differentiable, please ensure you have registered an autograd kernel to the correct Autograd key (e.g. DispatchKey::Autograd, DispatchKey::CompositeImplicitAutograd). If your operator is not differentiable, or to squash this warning and use the previous behavior, please register torch::CppFunction::makeFallthrough() to DispatchKey::Autograd. (Triggered internally at /opt/pytorch/pytorch/torch/csrc/autograd/autograd_not_implemented_fallback.cpp:76.)
  return Variable._execution_engine.run_backward(  # Calls into the C++ engine to run the backward pass
/usr/local/lib/python3.12/dist-packages/torch/autograd/graph.py:882: UserWarning: fbgemm::dense_embedding_codegen_lookup_function: an autograd kernel was not registered to the Autograd key(s) but we are trying to backprop through it. This may lead to silently incorrect behavior. This behavior is deprecated and will be removed in a future version of PyTorch. If your operator is differentiable, please ensure you have registered an autograd kernel to the correct Autograd key (e.g. DispatchKey::Autograd, DispatchKey::CompositeImplicitAutograd). If your operator is not differentiable, or to squash this warning and use the previous behavior, please register torch::CppFunction::makeFallthrough() to DispatchKey::Autograd. (Triggered internally at /opt/pytorch/pytorch/torch/csrc/autograd/autograd_not_implemented_fallback.cpp:76.)
  return Variable._execution_engine.run_backward(  # Calls into the C++ engine to run the backward pass
/usr/local/lib/python3.12/dist-packages/torch/autograd/graph.py:882: UserWarning: fbgemm::dense_embedding_codegen_lookup_function: an autograd kernel was not registered to the Autograd key(s) but we are trying to backprop through it. This may lead to silently incorrect behavior. This behavior is deprecated and will be removed in a future version of PyTorch. If your operator is differentiable, please ensure you have registered an autograd kernel to the correct Autograd key (e.g. DispatchKey::Autograd, DispatchKey::CompositeImplicitAutograd). If your operator is not differentiable, or to squash this warning and use the previous behavior, please register torch::CppFunction::makeFallthrough() to DispatchKey::Autograd. (Triggered internally at /opt/pytorch/pytorch/torch/csrc/autograd/autograd_not_implemented_fallback.cpp:76.)
  return Variable._execution_engine.run_backward(  # Calls into the C++ engine to run the backward pass
/usr/local/lib/python3.12/dist-packages/torch/autograd/graph.py:882: UserWarning: fbgemm::dense_embedding_codegen_lookup_function: an autograd kernel was not registered to the Autograd key(s) but we are trying to backprop through it. This may lead to silently incorrect behavior. This behavior is deprecated and will be removed in a future version of PyTorch. If your operator is differentiable, please ensure you have registered an autograd kernel to the correct Autograd key (e.g. DispatchKey::Autograd, DispatchKey::CompositeImplicitAutograd). If your operator is not differentiable, or to squash this warning and use the previous behavior, please register torch::CppFunction::makeFallthrough() to DispatchKey::Autograd. (Triggered internally at /opt/pytorch/pytorch/torch/csrc/autograd/autograd_not_implemented_fallback.cpp:76.)
  return Variable._execution_engine.run_backward(  # Calls into the C++ engine to run the backward pass
/usr/local/lib/python3.12/dist-packages/torch/autograd/graph.py:882: UserWarning: fbgemm::dense_embedding_codegen_lookup_function: an autograd kernel was not registered to the Autograd key(s) but we are trying to backprop through it. This may lead to silently incorrect behavior. This behavior is deprecated and will be removed in a future version of PyTorch. If your operator is differentiable, please ensure you have registered an autograd kernel to the correct Autograd key (e.g. DispatchKey::Autograd, DispatchKey::CompositeImplicitAutograd). If your operator is not differentiable, or to squash this warning and use the previous behavior, please register torch::CppFunction::makeFallthrough() to DispatchKey::Autograd. (Triggered internally at /opt/pytorch/pytorch/torch/csrc/autograd/autograd_not_implemented_fallback.cpp:76.)
  return Variable._execution_engine.run_backward(  # Calls into the C++ engine to run the backward pass
/usr/local/lib/python3.12/dist-packages/torch/autograd/graph.py:882: UserWarning: fbgemm::dense_embedding_codegen_lookup_function: an autograd kernel was not registered to the Autograd key(s) but we are trying to backprop through it. This may lead to silently incorrect behavior. This behavior is deprecated and will be removed in a future version of PyTorch. If your operator is differentiable, please ensure you have registered an autograd kernel to the correct Autograd key (e.g. DispatchKey::Autograd, DispatchKey::CompositeImplicitAutograd). If your operator is not differentiable, or to squash this warning and use the previous behavior, please register torch::CppFunction::makeFallthrough() to DispatchKey::Autograd. (Triggered internally at /opt/pytorch/pytorch/torch/csrc/autograd/autograd_not_implemented_fallback.cpp:76.)
  return Variable._execution_engine.run_backward(  # Calls into the C++ engine to run the backward pass
/usr/local/lib/python3.12/dist-packages/torch/autograd/graph.py:882: UserWarning: fbgemm::dense_embedding_codegen_lookup_function: an autograd kernel was not registered to the Autograd key(s) but we are trying to backprop through it. This may lead to silently incorrect behavior. This behavior is deprecated and will be removed in a future version of PyTorch. If your operator is differentiable, please ensure you have registered an autograd kernel to the correct Autograd key (e.g. DispatchKey::Autograd, DispatchKey::CompositeImplicitAutograd). If your operator is not differentiable, or to squash this warning and use the previous behavior, please register torch::CppFunction::makeFallthrough() to DispatchKey::Autograd. (Triggered internally at /opt/pytorch/pytorch/torch/csrc/autograd/autograd_not_implemented_fallback.cpp:76.)
  return Variable._execution_engine.run_backward(  # Calls into the C++ engine to run the backward pass
/usr/local/lib/python3.12/dist-packages/torch/autograd/graph.py:882: UserWarning: fbgemm::dense_embedding_codegen_lookup_function: an autograd kernel was not registered to the Autograd key(s) but we are trying to backprop through it. This may lead to silently incorrect behavior. This behavior is deprecated and will be removed in a future version of PyTorch. If your operator is differentiable, please ensure you have registered an autograd kernel to the correct Autograd key (e.g. DispatchKey::Autograd, DispatchKey::CompositeImplicitAutograd). If your operator is not differentiable, or to squash this warning and use the previous behavior, please register torch::CppFunction::makeFallthrough() to DispatchKey::Autograd. (Triggered internally at /opt/pytorch/pytorch/torch/csrc/autograd/autograd_not_implemented_fallback.cpp:76.)
  return Variable._execution_engine.run_backward(  # Calls into the C++ engine to run the backward pass
[07/26/26 06:10:13] INFO     [train] [iter 419, tokens 40960, elapsed_time 22435.28 ms, achieved FLOPS 709.77 TFLOPS, MFU 3.94%]: loss nan                                                                                                      
/usr/local/lib/python3.12/dist-packages/torch/autograd/graph.py:882: UserWarning: fbgemm::dense_embedding_codegen_lookup_function: an autograd kernel was not registered to the Autograd key(s) but we are trying to backprop through it. This may lead to silently incorrect behavior. This behavior is deprecated and will be removed in a future version of PyTorch. If your operator is differentiable, please ensure you have registered an autograd kernel to the correct Autograd key (e.g. DispatchKey::Autograd, DispatchKey::CompositeImplicitAutograd). If your operator is not differentiable, or to squash this warning and use the previous behavior, please register torch::CppFunction::makeFallthrough() to DispatchKey::Autograd. (Triggered internally at /opt/pytorch/pytorch/torch/csrc/autograd/autograd_not_implemented_fallback.cpp:76.)
  return Variable._execution_engine.run_backward(  # Calls into the C++ engine to run the backward pass
/usr/local/lib/python3.12/dist-packages/torch/autograd/graph.py:882: UserWarning: fbgemm::dense_embedding_codegen_lookup_function: an autograd kernel was not registered to the Autograd key(s) but we are trying to backprop through it. This may lead to silently incorrect behavior. This behavior is deprecated and will be removed in a future version of PyTorch. If your operator is differentiable, please ensure you have registered an autograd kernel to the correct Autograd key (e.g. DispatchKey::Autograd, DispatchKey::CompositeImplicitAutograd). If your operator is not differentiable, or to squash this warning and use the previous behavior, please register torch::CppFunction::makeFallthrough() to DispatchKey::Autograd. (Triggered internally at /opt/pytorch/pytorch/torch/csrc/autograd/autograd_not_implemented_fallback.cpp:76.)
  return Variable._execution_engine.run_backward(  # Calls into the C++ engine to run the backward pass
/usr/local/lib/python3.12/dist-packages/torch/autograd/graph.py:882: UserWarning: fbgemm::dense_embedding_codegen_lookup_function: an autograd kernel was not registered to the Autograd key(s) but we are trying to backprop through it. This may lead to silently incorrect behavior. This behavior is deprecated and will be removed in a future version of PyTorch. If your operator is differentiable, please ensure you have registered an autograd kernel to the correct Autograd key (e.g. DispatchKey::Autograd, DispatchKey::CompositeImplicitAutograd). If your operator is not differentiable, or to squash this warning and use the previous behavior, please register torch::CppFunction::makeFallthrough() to DispatchKey::Autograd. (Triggered internally at /opt/pytorch/pytorch/torch/csrc/autograd/autograd_not_implemented_fallback.cpp:76.)
  return Variable._execution_engine.run_backward(  # Calls into the C++ engine to run the backward pass
/usr/local/lib/python3.12/dist-packages/torch/autograd/graph.py:882: UserWarning: fbgemm::dense_embedding_codegen_lookup_function: an autograd kernel was not registered to the Autograd key(s) but we are trying to backprop through it. This may lead to silently incorrect behavior. This behavior is deprecated and will be removed in a future version of PyTorch. If your operator is differentiable, please ensure you have registered an autograd kernel to the correct Autograd key (e.g. DispatchKey::Autograd, DispatchKey::CompositeImplicitAutograd). If your operator is not differentiable, or to squash this warning and use the previous behavior, please register torch::CppFunction::makeFallthrough() to DispatchKey::Autograd. (Triggered internally at /opt/pytorch/pytorch/torch/csrc/autograd/autograd_not_implemented_fallback.cpp:76.)
  return Variable._execution_engine.run_backward(  # Calls into the C++ engine to run the backward pass
/usr/local/lib/python3.12/dist-packages/torch/autograd/graph.py:882: UserWarning: fbgemm::dense_embedding_codegen_lookup_function: an autograd kernel was not registered to the Autograd key(s) but we are trying to backprop through it. This may lead to silently incorrect behavior. This behavior is deprecated and will be removed in a future version of PyTorch. If your operator is differentiable, please ensure you have registered an autograd kernel to the correct Autograd key (e.g. DispatchKey::Autograd, DispatchKey::CompositeImplicitAutograd). If your operator is not differentiable, or to squash this warning and use the previous behavior, please register torch::CppFunction::makeFallthrough() to DispatchKey::Autograd. (Triggered internally at /opt/pytorch/pytorch/torch/csrc/autograd/autograd_not_implemented_fallback.cpp:76.)
  return Variable._execution_engine.run_backward(  # Calls into the C++ engine to run the backward pass
/usr/local/lib/python3.12/dist-packages/torch/autograd/graph.py:882: UserWarning: fbgemm::dense_embedding_codegen_lookup_function: an autograd kernel was not registered to the Autograd key(s) but we are trying to backprop through it. This may lead to silently incorrect behavior. This behavior is deprecated and will be removed in a future version of PyTorch. If your operator is differentiable, please ensure you have registered an autograd kernel to the correct Autograd key (e.g. DispatchKey::Autograd, DispatchKey::CompositeImplicitAutograd). If your operator is not differentiable, or to squash this warning and use the previous behavior, please register torch::CppFunction::makeFallthrough() to DispatchKey::Autograd. (Triggered internally at /opt/pytorch/pytorch/torch/csrc/autograd/autograd_not_implemented_fallback.cpp:76.)
  return Variable._execution_engine.run_backward(  # Calls into the C++ engine to run the backward pass
/usr/local/lib/python3.12/dist-packages/torch/autograd/graph.py:882: UserWarning: fbgemm::dense_embedding_codegen_lookup_function: an autograd kernel was not registered to the Autograd key(s) but we are trying to backprop through it. This may lead to silently incorrect behavior. This behavior is deprecated and will be removed in a future version of PyTorch. If your operator is differentiable, please ensure you have registered an autograd kernel to the correct Autograd key (e.g. DispatchKey::Autograd, DispatchKey::CompositeImplicitAutograd). If your operator is not differentiable, or to squash this warning and use the previous behavior, please register torch::CppFunction::makeFallthrough() to DispatchKey::Autograd. (Triggered internally at /opt/pytorch/pytorch/torch/csrc/autograd/autograd_not_implemented_fallback.cpp:76.)
  return Variable._execution_engine.run_backward(  # Calls into the C++ engine to run the backward pass
/usr/local/lib/python3.12/dist-packages/torch/autograd/graph.py:882: UserWarning: fbgemm::dense_embedding_codegen_lookup_function: an autograd kernel was not registered to the Autograd key(s) but we are trying to backprop through it. This may lead to silently incorrect behavior. This behavior is deprecated and will be removed in a future version of PyTorch. If your operator is differentiable, please ensure you have registered an autograd kernel to the correct Autograd key (e.g. DispatchKey::Autograd, DispatchKey::CompositeImplicitAutograd). If your operator is not differentiable, or to squash this warning and use the previous behavior, please register torch::CppFunction::makeFallthrough() to DispatchKey::Autograd. (Triggered internally at /opt/pytorch/pytorch/torch/csrc/autograd/autograd_not_implemented_fallback.cpp:76.)
  return Variable._execution_engine.run_backward(  # Calls into the C++ engine to run the backward pass
[07/26/26 06:10:39] INFO     [train] [iter 439, tokens 40960, elapsed_time 23558.86 ms, achieved FLOPS 684.75 TFLOPS, MFU 3.80%]: loss nan                                                                                                      
/usr/local/lib/python3.12/dist-packages/torch/autograd/graph.py:882: UserWarning: fbgemm::dense_embedding_codegen_lookup_function: an autograd kernel was not registered to the Autograd key(s) but we are trying to backprop through it. This may lead to silently incorrect behavior. This behavior is deprecated and will be removed in a future version of PyTorch. If your operator is differentiable, please ensure you have registered an autograd kernel to the correct Autograd key (e.g. DispatchKey::Autograd, DispatchKey::CompositeImplicitAutograd). If your operator is not differentiable, or to squash this warning and use the previous behavior, please register torch::CppFunction::makeFallthrough() to DispatchKey::Autograd. (Triggered internally at /opt/pytorch/pytorch/torch/csrc/autograd/autograd_not_implemented_fallback.cpp:76.)
  return Variable._execution_engine.run_backward(  # Calls into the C++ engine to run the backward pass
/usr/local/lib/python3.12/dist-packages/torch/autograd/graph.py:882: UserWarning: fbgemm::dense_embedding_codegen_lookup_function: an autograd kernel was not registered to the Autograd key(s) but we are trying to backprop through it. This may lead to silently incorrect behavior. This behavior is deprecated and will be removed in a future version of PyTorch. If your operator is differentiable, please ensure you have registered an autograd kernel to the correct Autograd key (e.g. DispatchKey::Autograd, DispatchKey::CompositeImplicitAutograd). If your operator is not differentiable, or to squash this warning and use the previous behavior, please register torch::CppFunction::makeFallthrough() to DispatchKey::Autograd. (Triggered internally at /opt/pytorch/pytorch/torch/csrc/autograd/autograd_not_implemented_fallback.cpp:76.)
  return Variable._execution_engine.run_backward(  # Calls into the C++ engine to run the backward pass
/usr/local/lib/python3.12/dist-packages/torch/autograd/graph.py:882: UserWarning: fbgemm::dense_embedding_codegen_lookup_function: an autograd kernel was not registered to the Autograd key(s) but we are trying to backprop through it. This may lead to silently incorrect behavior. This behavior is deprecated and will be removed in a future version of PyTorch. If your operator is differentiable, please ensure you have registered an autograd kernel to the correct Autograd key (e.g. DispatchKey::Autograd, DispatchKey::CompositeImplicitAutograd). If your operator is not differentiable, or to squash this warning and use the previous behavior, please register torch::CppFunction::makeFallthrough() to DispatchKey::Autograd. (Triggered internally at /opt/pytorch/pytorch/torch/csrc/autograd/autograd_not_implemented_fallback.cpp:76.)
  return Variable._execution_engine.run_backward(  # Calls into the C++ engine to run the backward pass
/usr/local/lib/python3.12/dist-packages/torch/autograd/graph.py:882: UserWarning: fbgemm::dense_embedding_codegen_lookup_function: an autograd kernel was not registered to the Autograd key(s) but we are trying to backprop through it. This may lead to silently incorrect behavior. This behavior is deprecated and will be removed in a future version of PyTorch. If your operator is differentiable, please ensure you have registered an autograd kernel to the correct Autograd key (e.g. DispatchKey::Autograd, DispatchKey::CompositeImplicitAutograd). If your operator is not differentiable, or to squash this warning and use the previous behavior, please register torch::CppFunction::makeFallthrough() to DispatchKey::Autograd. (Triggered internally at /opt/pytorch/pytorch/torch/csrc/autograd/autograd_not_implemented_fallback.cpp:76.)
  return Variable._execution_engine.run_backward(  # Calls into the C++ engine to run the backward pass
/usr/local/lib/python3.12/dist-packages/torch/autograd/graph.py:882: UserWarning: fbgemm::dense_embedding_codegen_lookup_function: an autograd kernel was not registered to the Autograd key(s) but we are trying to backprop through it. This may lead to silently incorrect behavior. This behavior is deprecated and will be removed in a future version of PyTorch. If your operator is differentiable, please ensure you have registered an autograd kernel to the correct Autograd key (e.g. DispatchKey::Autograd, DispatchKey::CompositeImplicitAutograd). If your operator is not differentiable, or to squash this warning and use the previous behavior, please register torch::CppFunction::makeFallthrough() to DispatchKey::Autograd. (Triggered internally at /opt/pytorch/pytorch/torch/csrc/autograd/autograd_not_implemented_fallback.cpp:76.)
  return Variable._execution_engine.run_backward(  # Calls into the C++ engine to run the backward pass
/usr/local/lib/python3.12/dist-packages/torch/autograd/graph.py:882: UserWarning: fbgemm::dense_embedding_codegen_lookup_function: an autograd kernel was not registered to the Autograd key(s) but we are trying to backprop through it. This may lead to silently incorrect behavior. This behavior is deprecated and will be removed in a future version of PyTorch. If your operator is differentiable, please ensure you have registered an autograd kernel to the correct Autograd key (e.g. DispatchKey::Autograd, DispatchKey::CompositeImplicitAutograd). If your operator is not differentiable, or to squash this warning and use the previous behavior, please register torch::CppFunction::makeFallthrough() to DispatchKey::Autograd. (Triggered internally at /opt/pytorch/pytorch/torch/csrc/autograd/autograd_not_implemented_fallback.cpp:76.)
  return Variable._execution_engine.run_backward(  # Calls into the C++ engine to run the backward pass
/usr/local/lib/python3.12/dist-packages/torch/autograd/graph.py:882: UserWarning: fbgemm::dense_embedding_codegen_lookup_function: an autograd kernel was not registered to the Autograd key(s) but we are trying to backprop through it. This may lead to silently incorrect behavior. This behavior is deprecated and will be removed in a future version of PyTorch. If your operator is differentiable, please ensure you have registered an autograd kernel to the correct Autograd key (e.g. DispatchKey::Autograd, DispatchKey::CompositeImplicitAutograd). If your operator is not differentiable, or to squash this warning and use the previous behavior, please register torch::CppFunction::makeFallthrough() to DispatchKey::Autograd. (Triggered internally at /opt/pytorch/pytorch/torch/csrc/autograd/autograd_not_implemented_fallback.cpp:76.)
  return Variable._execution_engine.run_backward(  # Calls into the C++ engine to run the backward pass
/usr/local/lib/python3.12/dist-packages/torch/autograd/graph.py:882: UserWarning: fbgemm::dense_embedding_codegen_lookup_function: an autograd kernel was not registered to the Autograd key(s) but we are trying to backprop through it. This may lead to silently incorrect behavior. This behavior is deprecated and will be removed in a future version of PyTorch. If your operator is differentiable, please ensure you have registered an autograd kernel to the correct Autograd key (e.g. DispatchKey::Autograd, DispatchKey::CompositeImplicitAutograd). If your operator is not differentiable, or to squash this warning and use the previous behavior, please register torch::CppFunction::makeFallthrough() to DispatchKey::Autograd. (Triggered internally at /opt/pytorch/pytorch/torch/csrc/autograd/autograd_not_implemented_fallback.cpp:76.)
  return Variable._execution_engine.run_backward(  # Calls into the C++ engine to run the backward pass
[07/26/26 06:11:04] INFO     [train] [iter 459, tokens 40960, elapsed_time 22870.84 ms, achieved FLOPS 675.30 TFLOPS, MFU 3.75%]: loss nan                                                                                                      
/usr/local/lib/python3.12/dist-packages/torch/autograd/graph.py:882: UserWarning: fbgemm::dense_embedding_codegen_lookup_function: an autograd kernel was not registered to the Autograd key(s) but we are trying to backprop through it. This may lead to silently incorrect behavior. This behavior is deprecated and will be removed in a future version of PyTorch. If your operator is differentiable, please ensure you have registered an autograd kernel to the correct Autograd key (e.g. DispatchKey::Autograd, DispatchKey::CompositeImplicitAutograd). If your operator is not differentiable, or to squash this warning and use the previous behavior, please register torch::CppFunction::makeFallthrough() to DispatchKey::Autograd. (Triggered internally at /opt/pytorch/pytorch/torch/csrc/autograd/autograd_not_implemented_fallback.cpp:76.)
  return Variable._execution_engine.run_backward(  # Calls into the C++ engine to run the backward pass
/usr/local/lib/python3.12/dist-packages/torch/autograd/graph.py:882: UserWarning: fbgemm::dense_embedding_codegen_lookup_function: an autograd kernel was not registered to the Autograd key(s) but we are trying to backprop through it. This may lead to silently incorrect behavior. This behavior is deprecated and will be removed in a future version of PyTorch. If your operator is differentiable, please ensure you have registered an autograd kernel to the correct Autograd key (e.g. DispatchKey::Autograd, DispatchKey::CompositeImplicitAutograd). If your operator is not differentiable, or to squash this warning and use the previous behavior, please register torch::CppFunction::makeFallthrough() to DispatchKey::Autograd. (Triggered internally at /opt/pytorch/pytorch/torch/csrc/autograd/autograd_not_implemented_fallback.cpp:76.)
  return Variable._execution_engine.run_backward(  # Calls into the C++ engine to run the backward pass
/usr/local/lib/python3.12/dist-packages/torch/autograd/graph.py:882: UserWarning: fbgemm::dense_embedding_codegen_lookup_function: an autograd kernel was not registered to the Autograd key(s) but we are trying to backprop through it. This may lead to silently incorrect behavior. This behavior is deprecated and will be removed in a future version of PyTorch. If your operator is differentiable, please ensure you have registered an autograd kernel to the correct Autograd key (e.g. DispatchKey::Autograd, DispatchKey::CompositeImplicitAutograd). If your operator is not differentiable, or to squash this warning and use the previous behavior, please register torch::CppFunction::makeFallthrough() to DispatchKey::Autograd. (Triggered internally at /opt/pytorch/pytorch/torch/csrc/autograd/autograd_not_implemented_fallback.cpp:76.)
  return Variable._execution_engine.run_backward(  # Calls into the C++ engine to run the backward pass
/usr/local/lib/python3.12/dist-packages/torch/autograd/graph.py:882: UserWarning: fbgemm::dense_embedding_codegen_lookup_function: an autograd kernel was not registered to the Autograd key(s) but we are trying to backprop through it. This may lead to silently incorrect behavior. This behavior is deprecated and will be removed in a future version of PyTorch. If your operator is differentiable, please ensure you have registered an autograd kernel to the correct Autograd key (e.g. DispatchKey::Autograd, DispatchKey::CompositeImplicitAutograd). If your operator is not differentiable, or to squash this warning and use the previous behavior, please register torch::CppFunction::makeFallthrough() to DispatchKey::Autograd. (Triggered internally at /opt/pytorch/pytorch/torch/csrc/autograd/autograd_not_implemented_fallback.cpp:76.)
  return Variable._execution_engine.run_backward(  # Calls into the C++ engine to run the backward pass
/usr/local/lib/python3.12/dist-packages/torch/autograd/graph.py:882: UserWarning: fbgemm::dense_embedding_codegen_lookup_function: an autograd kernel was not registered to the Autograd key(s) but we are trying to backprop through it. This may lead to silently incorrect behavior. This behavior is deprecated and will be removed in a future version of PyTorch. If your operator is differentiable, please ensure you have registered an autograd kernel to the correct Autograd key (e.g. DispatchKey::Autograd, DispatchKey::CompositeImplicitAutograd). If your operator is not differentiable, or to squash this warning and use the previous behavior, please register torch::CppFunction::makeFallthrough() to DispatchKey::Autograd. (Triggered internally at /opt/pytorch/pytorch/torch/csrc/autograd/autograd_not_implemented_fallback.cpp:76.)
  return Variable._execution_engine.run_backward(  # Calls into the C++ engine to run the backward pass
/usr/local/lib/python3.12/dist-packages/torch/autograd/graph.py:882: UserWarning: fbgemm::dense_embedding_codegen_lookup_function: an autograd kernel was not registered to the Autograd key(s) but we are trying to backprop through it. This may lead to silently incorrect behavior. This behavior is deprecated and will be removed in a future version of PyTorch. If your operator is differentiable, please ensure you have registered an autograd kernel to the correct Autograd key (e.g. DispatchKey::Autograd, DispatchKey::CompositeImplicitAutograd). If your operator is not differentiable, or to squash this warning and use the previous behavior, please register torch::CppFunction::makeFallthrough() to DispatchKey::Autograd. (Triggered internally at /opt/pytorch/pytorch/torch/csrc/autograd/autograd_not_implemented_fallback.cpp:76.)
  return Variable._execution_engine.run_backward(  # Calls into the C++ engine to run the backward pass
/usr/local/lib/python3.12/dist-packages/torch/autograd/graph.py:882: UserWarning: fbgemm::dense_embedding_codegen_lookup_function: an autograd kernel was not registered to the Autograd key(s) but we are trying to backprop through it. This may lead to silently incorrect behavior. This behavior is deprecated and will be removed in a future version of PyTorch. If your operator is differentiable, please ensure you have registered an autograd kernel to the correct Autograd key (e.g. DispatchKey::Autograd, DispatchKey::CompositeImplicitAutograd). If your operator is not differentiable, or to squash this warning and use the previous behavior, please register torch::CppFunction::makeFallthrough() to DispatchKey::Autograd. (Triggered internally at /opt/pytorch/pytorch/torch/csrc/autograd/autograd_not_implemented_fallback.cpp:76.)
  return Variable._execution_engine.run_backward(  # Calls into the C++ engine to run the backward pass
/usr/local/lib/python3.12/dist-packages/torch/autograd/graph.py:882: UserWarning: fbgemm::dense_embedding_codegen_lookup_function: an autograd kernel was not registered to the Autograd key(s) but we are trying to backprop through it. This may lead to silently incorrect behavior. This behavior is deprecated and will be removed in a future version of PyTorch. If your operator is differentiable, please ensure you have registered an autograd kernel to the correct Autograd key (e.g. DispatchKey::Autograd, DispatchKey::CompositeImplicitAutograd). If your operator is not differentiable, or to squash this warning and use the previous behavior, please register torch::CppFunction::makeFallthrough() to DispatchKey::Autograd. (Triggered internally at /opt/pytorch/pytorch/torch/csrc/autograd/autograd_not_implemented_fallback.cpp:76.)
  return Variable._execution_engine.run_backward(  # Calls into the C++ engine to run the backward pass
[07/26/26 06:11:28] INFO     [train] [iter 479, tokens 40960, elapsed_time 22242.07 ms, achieved FLOPS 667.26 TFLOPS, MFU 3.71%]: loss nan                                                                                                      
/usr/local/lib/python3.12/dist-packages/torch/autograd/graph.py:882: UserWarning: fbgemm::dense_embedding_codegen_lookup_function: an autograd kernel was not registered to the Autograd key(s) but we are trying to backprop through it. This may lead to silently incorrect behavior. This behavior is deprecated and will be removed in a future version of PyTorch. If your operator is differentiable, please ensure you have registered an autograd kernel to the correct Autograd key (e.g. DispatchKey::Autograd, DispatchKey::CompositeImplicitAutograd). If your operator is not differentiable, or to squash this warning and use the previous behavior, please register torch::CppFunction::makeFallthrough() to DispatchKey::Autograd. (Triggered internally at /opt/pytorch/pytorch/torch/csrc/autograd/autograd_not_implemented_fallback.cpp:76.)
  return Variable._execution_engine.run_backward(  # Calls into the C++ engine to run the backward pass
/usr/local/lib/python3.12/dist-packages/torch/autograd/graph.py:882: UserWarning: fbgemm::dense_embedding_codegen_lookup_function: an autograd kernel was not registered to the Autograd key(s) but we are trying to backprop through it. This may lead to silently incorrect behavior. This behavior is deprecated and will be removed in a future version of PyTorch. If your operator is differentiable, please ensure you have registered an autograd kernel to the correct Autograd key (e.g. DispatchKey::Autograd, DispatchKey::CompositeImplicitAutograd). If your operator is not differentiable, or to squash this warning and use the previous behavior, please register torch::CppFunction::makeFallthrough() to DispatchKey::Autograd. (Triggered internally at /opt/pytorch/pytorch/torch/csrc/autograd/autograd_not_implemented_fallback.cpp:76.)
  return Variable._execution_engine.run_backward(  # Calls into the C++ engine to run the backward pass
/usr/local/lib/python3.12/dist-packages/torch/autograd/graph.py:882: UserWarning: fbgemm::dense_embedding_codegen_lookup_function: an autograd kernel was not registered to the Autograd key(s) but we are trying to backprop through it. This may lead to silently incorrect behavior. This behavior is deprecated and will be removed in a future version of PyTorch. If your operator is differentiable, please ensure you have registered an autograd kernel to the correct Autograd key (e.g. DispatchKey::Autograd, DispatchKey::CompositeImplicitAutograd). If your operator is not differentiable, or to squash this warning and use the previous behavior, please register torch::CppFunction::makeFallthrough() to DispatchKey::Autograd. (Triggered internally at /opt/pytorch/pytorch/torch/csrc/autograd/autograd_not_implemented_fallback.cpp:76.)
  return Variable._execution_engine.run_backward(  # Calls into the C++ engine to run the backward pass
/usr/local/lib/python3.12/dist-packages/torch/autograd/graph.py:882: UserWarning: fbgemm::dense_embedding_codegen_lookup_function: an autograd kernel was not registered to the Autograd key(s) but we are trying to backprop through it. This may lead to silently incorrect behavior. This behavior is deprecated and will be removed in a future version of PyTorch. If your operator is differentiable, please ensure you have registered an autograd kernel to the correct Autograd key (e.g. DispatchKey::Autograd, DispatchKey::CompositeImplicitAutograd). If your operator is not differentiable, or to squash this warning and use the previous behavior, please register torch::CppFunction::makeFallthrough() to DispatchKey::Autograd. (Triggered internally at /opt/pytorch/pytorch/torch/csrc/autograd/autograd_not_implemented_fallback.cpp:76.)
  return Variable._execution_engine.run_backward(  # Calls into the C++ engine to run the backward pass
/usr/local/lib/python3.12/dist-packages/torch/autograd/graph.py:882: UserWarning: fbgemm::dense_embedding_codegen_lookup_function: an autograd kernel was not registered to the Autograd key(s) but we are trying to backprop through it. This may lead to silently incorrect behavior. This behavior is deprecated and will be removed in a future version of PyTorch. If your operator is differentiable, please ensure you have registered an autograd kernel to the correct Autograd key (e.g. DispatchKey::Autograd, DispatchKey::CompositeImplicitAutograd). If your operator is not differentiable, or to squash this warning and use the previous behavior, please register torch::CppFunction::makeFallthrough() to DispatchKey::Autograd. (Triggered internally at /opt/pytorch/pytorch/torch/csrc/autograd/autograd_not_implemented_fallback.cpp:76.)
  return Variable._execution_engine.run_backward(  # Calls into the C++ engine to run the backward pass
/usr/local/lib/python3.12/dist-packages/torch/autograd/graph.py:882: UserWarning: fbgemm::dense_embedding_codegen_lookup_function: an autograd kernel was not registered to the Autograd key(s) but we are trying to backprop through it. This may lead to silently incorrect behavior. This behavior is deprecated and will be removed in a future version of PyTorch. If your operator is differentiable, please ensure you have registered an autograd kernel to the correct Autograd key (e.g. DispatchKey::Autograd, DispatchKey::CompositeImplicitAutograd). If your operator is not differentiable, or to squash this warning and use the previous behavior, please register torch::CppFunction::makeFallthrough() to DispatchKey::Autograd. (Triggered internally at /opt/pytorch/pytorch/torch/csrc/autograd/autograd_not_implemented_fallback.cpp:76.)
  return Variable._execution_engine.run_backward(  # Calls into the C++ engine to run the backward pass
/usr/local/lib/python3.12/dist-packages/torch/autograd/graph.py:882: UserWarning: fbgemm::dense_embedding_codegen_lookup_function: an autograd kernel was not registered to the Autograd key(s) but we are trying to backprop through it. This may lead to silently incorrect behavior. This behavior is deprecated and will be removed in a future version of PyTorch. If your operator is differentiable, please ensure you have registered an autograd kernel to the correct Autograd key (e.g. DispatchKey::Autograd, DispatchKey::CompositeImplicitAutograd). If your operator is not differentiable, or to squash this warning and use the previous behavior, please register torch::CppFunction::makeFallthrough() to DispatchKey::Autograd. (Triggered internally at /opt/pytorch/pytorch/torch/csrc/autograd/autograd_not_implemented_fallback.cpp:76.)
  return Variable._execution_engine.run_backward(  # Calls into the C++ engine to run the backward pass
/usr/local/lib/python3.12/dist-packages/torch/autograd/graph.py:882: UserWarning: fbgemm::dense_embedding_codegen_lookup_function: an autograd kernel was not registered to the Autograd key(s) but we are trying to backprop through it. This may lead to silently incorrect behavior. This behavior is deprecated and will be removed in a future version of PyTorch. If your operator is differentiable, please ensure you have registered an autograd kernel to the correct Autograd key (e.g. DispatchKey::Autograd, DispatchKey::CompositeImplicitAutograd). If your operator is not differentiable, or to squash this warning and use the previous behavior, please register torch::CppFunction::makeFallthrough() to DispatchKey::Autograd. (Triggered internally at /opt/pytorch/pytorch/torch/csrc/autograd/autograd_not_implemented_fallback.cpp:76.)
  return Variable._execution_engine.run_backward(  # Calls into the C++ engine to run the backward pass
[07/26/26 06:11:53] INFO     [train] [iter 499, tokens 40960, elapsed_time 23072.75 ms, achieved FLOPS 651.51 TFLOPS, MFU 3.62%]: loss nan                                                                                                      
                    INFO     Saving checkpoints to /workspace/checkpoints/hstu_8b_ml20m/iter500                                                                                                                                                 
                    INFO     dynamic module save dir /workspace/checkpoints/hstu_8b_ml20m/iter500/dynamicemb_module                                                                                                                             
/usr/local/lib/python3.12/dist-packages/torch/distributed/c10d_logger.py:83: UserWarning: barrier(): using the device under current context. You can specify `device_id` in `init_process_group` to mute this warning.
  return func(*args, **kwargs)
                    INFO     torch module save dir /workspace/checkpoints/hstu_8b_ml20m/iter500/torch_module                                                                                                                                    
[07/26/26 06:12:12] INFO     Checkpoints saved!!                                                                                                                                                                                                
/usr/local/lib/python3.12/dist-packages/torchmetrics/utilities/prints.py:42: UserWarning: No positive samples in targets, true positive value should be meaningless. Returning zero tensor in true positive score
  warnings.warn(*args, **kwargs)  # noqa: B028
[rank3]:[E726 06:46:33.973330981 ProcessGroupNCCL.cpp:758] [Rank 3] Watchdog caught collective operation timeout: WorkNCCL(SeqNum=123960, OpType=_ALLGATHER_BASE, NumelIn=4, NumelOut=32, Timeout(ms)=1800000) ran for 1800027 milliseconds before timing out.
[rank3]:[E726 06:46:33.973680138 ProcessGroupNCCL.cpp:2396] [PG ID 5 PG GUID 42(TENSOR_MODEL_PARALLEL_GROUP) Rank 3]  failure detected by watchdog at work sequence id: 123960 PG status: last enqueued work: 123961, last completed work: 123959
[rank3]:[E726 06:46:33.974428742 ProcessGroupNCCL.cpp:802] Stack trace of the failed collective: 
#0 all_gather_into_tensor from /usr/local/lib/python3.12/dist-packages/torch/distributed/distributed_c10d.py:4316
#1 wrapper from /usr/local/lib/python3.12/dist-packages/torch/distributed/c10d_logger.py:83
#2 _gather_along_first_dim from /workspace/recsys-examples/examples/commons/ops/collective_ops.py:145
#3 forward from /workspace/recsys-examples/examples/commons/ops/collective_ops.py:236
#4 apply from /usr/local/lib/python3.12/dist-packages/torch/autograd/function.py:596
#5 dmp_batch_to_tp from /workspace/recsys-examples/examples/commons/distributed/dmp_to_tp.py:49
#6 get_logit_and_labels from /workspace/recsys-examples/examples/hstu/model/ranking_gr.py:127
#7 forward from /workspace/recsys-examples/examples/hstu/model/ranking_gr.py:154
#8 _call_impl from /usr/local/lib/python3.12/dist-packages/torch/nn/modules/module.py:1789
#9 _wrapped_call_impl from /usr/local/lib/python3.12/dist-packages/torch/nn/modules/module.py:1778
#10 forward from /workspace/deps/megatron-lm/megatron/core/transformer/module.py:237
#11 _call_impl from /usr/local/lib/python3.12/dist-packages/torch/nn/modules/module.py:1789
#12 _wrapped_call_impl from /usr/local/lib/python3.12/dist-packages/torch/nn/modules/module.py:1778
#13 forward from /workspace/deps/megatron-lm/megatron/core/distributed/data_parallel_base.py:22
#14 _call_impl from /usr/local/lib/python3.12/dist-packages/torch/nn/modules/module.py:1789
#15 _wrapped_call_impl from /usr/local/lib/python3.12/dist-packages/torch/nn/modules/module.py:1778
#16 forward from /usr/local/lib/python3.12/dist-packages/torchrec/distributed/model_parallel.py:351
#17 _call_impl from /usr/local/lib/python3.12/dist-packages/torch/nn/modules/module.py:1789
#18 _wrapped_call_impl from /usr/local/lib/python3.12/dist-packages/torch/nn/modules/module.py:1778
#19 progress from /workspace/recsys-examples/examples/commons/pipeline/train_pipeline.py:952
#20 evaluate from /workspace/recsys-examples/examples/hstu/training/trainer/training.py:62
#21 train_with_pipeline from /workspace/recsys-examples/examples/hstu/training/trainer/training.py:282
#22 main from /workspace/recsys-examples/examples/hstu/./training/pretrain_gr_ranking.py:191
#23 <module> from /workspace/recsys-examples/examples/hstu/./training/pretrain_gr_ranking.py:203

[rank3]:[E726 06:46:33.974484714 ProcessGroupNCCL.cpp:2733] [PG ID 5 PG GUID 42(TENSOR_MODEL_PARALLEL_GROUP) Rank 3] First PG on this rank to signal dumping.
[rank1]:[E726 06:46:33.974862038 ProcessGroupNCCL.cpp:758] [Rank 1] Watchdog caught collective operation timeout: WorkNCCL(SeqNum=123960, OpType=_ALLGATHER_BASE, NumelIn=4, NumelOut=32, Timeout(ms)=1800000) ran for 1800028 milliseconds before timing out.
[rank1]:[E726 06:46:33.975315268 ProcessGroupNCCL.cpp:2396] [PG ID 5 PG GUID 42(TENSOR_MODEL_PARALLEL_GROUP) Rank 1]  failure detected by watchdog at work sequence id: 123960 PG status: last enqueued work: 123961, last completed work: 123959
[rank1]:[E726 06:46:33.975905400 ProcessGroupNCCL.cpp:802] Stack trace of the failed collective: 
#0 all_gather_into_tensor from /usr/local/lib/python3.12/dist-packages/torch/distributed/distributed_c10d.py:4316
#1 wrapper from /usr/local/lib/python3.12/dist-packages/torch/distributed/c10d_logger.py:83
#2 _gather_along_first_dim from /workspace/recsys-examples/examples/commons/ops/collective_ops.py:145
#3 forward from /workspace/recsys-examples/examples/commons/ops/collective_ops.py:236
#4 apply from /usr/local/lib/python3.12/dist-packages/torch/autograd/function.py:596
#5 dmp_batch_to_tp from /workspace/recsys-examples/examples/commons/distributed/dmp_to_tp.py:49
#6 get_logit_and_labels from /workspace/recsys-examples/examples/hstu/model/ranking_gr.py:127
#7 forward from /workspace/recsys-examples/examples/hstu/model/ranking_gr.py:154
#8 _call_impl from /usr/local/lib/python3.12/dist-packages/torch/nn/modules/module.py:1789
#9 _wrapped_call_impl from /usr/local/lib/python3.12/dist-packages/torch/nn/modules/module.py:1778
#10 forward from /workspace/deps/megatron-lm/megatron/core/transformer/module.py:237
#11 _call_impl from /usr/local/lib/python3.12/dist-packages/torch/nn/modules/module.py:1789
#12 _wrapped_call_impl from /usr/local/lib/python3.12/dist-packages/torch/nn/modules/module.py:1778
#13 forward from /workspace/deps/megatron-lm/megatron/core/distributed/data_parallel_base.py:22
#14 _call_impl from /usr/local/lib/python3.12/dist-packages/torch/nn/modules/module.py:1789
#15 _wrapped_call_impl from /usr/local/lib/python3.12/dist-packages/torch/nn/modules/module.py:1778
#16 forward from /usr/local/lib/python3.12/dist-packages/torchrec/distributed/model_parallel.py:351
#17 _call_impl from /usr/local/lib/python3.12/dist-packages/torch/nn/modules/module.py:1789
#18 _wrapped_call_impl from /usr/local/lib/python3.12/dist-packages/torch/nn/modules/module.py:1778
#19 progress from /workspace/recsys-examples/examples/commons/pipeline/train_pipeline.py:952
#20 evaluate from /workspace/recsys-examples/examples/hstu/training/trainer/training.py:62
#21 train_with_pipeline from /workspace/recsys-examples/examples/hstu/training/trainer/training.py:282
#22 main from /workspace/recsys-examples/examples/hstu/./training/pretrain_gr_ranking.py:191
#23 <module> from /workspace/recsys-examples/examples/hstu/./training/pretrain_gr_ranking.py:203

[rank1]:[E726 06:46:33.975966032 ProcessGroupNCCL.cpp:2733] [PG ID 5 PG GUID 42(TENSOR_MODEL_PARALLEL_GROUP) Rank 1] First PG on this rank to signal dumping.
[rank4]:[E726 06:46:33.976892838 ProcessGroupNCCL.cpp:758] [Rank 4] Watchdog caught collective operation timeout: WorkNCCL(SeqNum=123961, OpType=_ALLGATHER_BASE, NumelIn=4, NumelOut=32, Timeout(ms)=1800000) ran for 1800030 milliseconds before timing out.
[rank4]:[E726 06:46:33.977179232 ProcessGroupNCCL.cpp:2396] [PG ID 5 PG GUID 42(TENSOR_MODEL_PARALLEL_GROUP) Rank 4]  failure detected by watchdog at work sequence id: 123961 PG status: last enqueued work: 123961, last completed work: 123960
[rank4]:[E726 06:46:33.977926599 ProcessGroupNCCL.cpp:802] Stack trace of the failed collective: 
#0 all_gather_into_tensor from /usr/local/lib/python3.12/dist-packages/torch/distributed/distributed_c10d.py:4316
#1 wrapper from /usr/local/lib/python3.12/dist-packages/torch/distributed/c10d_logger.py:83
#2 _gather_along_first_dim from /workspace/recsys-examples/examples/commons/ops/collective_ops.py:145
#3 forward from /workspace/recsys-examples/examples/commons/ops/collective_ops.py:236
#4 apply from /usr/local/lib/python3.12/dist-packages/torch/autograd/function.py:596
#5 keyed_jagged_tensor_list_allgather from /workspace/recsys-examples/examples/commons/ops/collective_ops.py:568
#6 keyed_jagged_tensor_allgather from /workspace/recsys-examples/examples/commons/ops/collective_ops.py:657
#7 dmp_batch_to_tp from /workspace/recsys-examples/examples/commons/distributed/dmp_to_tp.py:53
#8 get_logit_and_labels from /workspace/recsys-examples/examples/hstu/model/ranking_gr.py:127
#9 forward from /workspace/recsys-examples/examples/hstu/model/ranking_gr.py:154
#10 _call_impl from /usr/local/lib/python3.12/dist-packages/torch/nn/modules/module.py:1789
#11 _wrapped_call_impl from /usr/local/lib/python3.12/dist-packages/torch/nn/modules/module.py:1778
#12 forward from /workspace/deps/megatron-lm/megatron/core/transformer/module.py:237
#13 _call_impl from /usr/local/lib/python3.12/dist-packages/torch/nn/modules/module.py:1789
#14 _wrapped_call_impl from /usr/local/lib/python3.12/dist-packages/torch/nn/modules/module.py:1778
#15 forward from /workspace/deps/megatron-lm/megatron/core/distributed/data_parallel_base.py:22
#16 _call_impl from /usr/local/lib/python3.12/dist-packages/torch/nn/modules/module.py:1789
#17 _wrapped_call_impl from /usr/local/lib/python3.12/dist-packages/torch/nn/modules/module.py:1778
#18 forward from /usr/local/lib/python3.12/dist-packages/torchrec/distributed/model_parallel.py:351
#19 _call_impl from /usr/local/lib/python3.12/dist-packages/torch/nn/modules/module.py:1789
#20 _wrapped_call_impl from /usr/local/lib/python3.12/dist-packages/torch/nn/modules/module.py:1778
#21 progress from /workspace/recsys-examples/examples/commons/pipeline/train_pipeline.py:952
#22 evaluate from /workspace/recsys-examples/examples/hstu/training/trainer/training.py:62
#23 train_with_pipeline from /workspace/recsys-examples/examples/hstu/training/trainer/training.py:282
#24 main from /workspace/recsys-examples/examples/hstu/./training/pretrain_gr_ranking.py:191
#25 <module> from /workspace/recsys-examples/examples/hstu/./training/pretrain_gr_ranking.py:203

[rank4]:[E726 06:46:33.977980898 ProcessGroupNCCL.cpp:2733] [PG ID 5 PG GUID 42(TENSOR_MODEL_PARALLEL_GROUP) Rank 4] First PG on this rank to signal dumping.
[rank7]:[E726 06:46:33.000814506 ProcessGroupNCCL.cpp:758] [Rank 7] Watchdog caught collective operation timeout: WorkNCCL(SeqNum=123961, OpType=_ALLGATHER_BASE, NumelIn=4, NumelOut=32, Timeout(ms)=1800000) ran for 1800054 milliseconds before timing out.
[rank7]:[E726 06:46:33.001075537 ProcessGroupNCCL.cpp:2396] [PG ID 5 PG GUID 42(TENSOR_MODEL_PARALLEL_GROUP) Rank 7]  failure detected by watchdog at work sequence id: 123961 PG status: last enqueued work: 123961, last completed work: 123960
[rank7]:[E726 06:46:33.001803230 ProcessGroupNCCL.cpp:802] Stack trace of the failed collective: 
#0 all_gather_into_tensor from /usr/local/lib/python3.12/dist-packages/torch/distributed/distributed_c10d.py:4316
#1 wrapper from /usr/local/lib/python3.12/dist-packages/torch/distributed/c10d_logger.py:83
#2 _gather_along_first_dim from /workspace/recsys-examples/examples/commons/ops/collective_ops.py:145
#3 forward from /workspace/recsys-examples/examples/commons/ops/collective_ops.py:236
#4 apply from /usr/local/lib/python3.12/dist-packages/torch/autograd/function.py:596
#5 keyed_jagged_tensor_list_allgather from /workspace/recsys-examples/examples/commons/ops/collective_ops.py:568
#6 keyed_jagged_tensor_allgather from /workspace/recsys-examples/examples/commons/ops/collective_ops.py:657
#7 dmp_batch_to_tp from /workspace/recsys-examples/examples/commons/distributed/dmp_to_tp.py:53
#8 get_logit_and_labels from /workspace/recsys-examples/examples/hstu/model/ranking_gr.py:127
#9 forward from /workspace/recsys-examples/examples/hstu/model/ranking_gr.py:154
#10 _call_impl from /usr/local/lib/python3.12/dist-packages/torch/nn/modules/module.py:1789
#11 _wrapped_call_impl from /usr/local/lib/python3.12/dist-packages/torch/nn/modules/module.py:1778
#12 forward from /workspace/deps/megatron-lm/megatron/core/transformer/module.py:237
#13 _call_impl from /usr/local/lib/python3.12/dist-packages/torch/nn/modules/module.py:1789
#14 _wrapped_call_impl from /usr/local/lib/python3.12/dist-packages/torch/nn/modules/module.py:1778
#15 forward from /workspace/deps/megatron-lm/megatron/core/distributed/data_parallel_base.py:22
#16 _call_impl from /usr/local/lib/python3.12/dist-packages/torch/nn/modules/module.py:1789
#17 _wrapped_call_impl from /usr/local/lib/python3.12/dist-packages/torch/nn/modules/module.py:1778
#18 forward from /usr/local/lib/python3.12/dist-packages/torchrec/distributed/model_parallel.py:351
#19 _call_impl from /usr/local/lib/python3.12/dist-packages/torch/nn/modules/module.py:1789
#20 _wrapped_call_impl from /usr/local/lib/python3.12/dist-packages/torch/nn/modules/module.py:1778
#21 progress from /workspace/recsys-examples/examples/commons/pipeline/train_pipeline.py:952
#22 evaluate from /workspace/recsys-examples/examples/hstu/training/trainer/training.py:62
#23 train_with_pipeline from /workspace/recsys-examples/examples/hstu/training/trainer/training.py:282
#24 main from /workspace/recsys-examples/examples/hstu/./training/pretrain_gr_ranking.py:191
#25 <module> from /workspace/recsys-examples/examples/hstu/./training/pretrain_gr_ranking.py:203

[rank7]:[E726 06:46:33.001859625 ProcessGroupNCCL.cpp:2733] [PG ID 5 PG GUID 42(TENSOR_MODEL_PARALLEL_GROUP) Rank 7] First PG on this rank to signal dumping.
[rank0]:[E726 06:46:33.002004823 ProcessGroupNCCL.cpp:758] [Rank 0] Watchdog caught collective operation timeout: WorkNCCL(SeqNum=123960, OpType=_ALLGATHER_BASE, NumelIn=4, NumelOut=32, Timeout(ms)=1800000) ran for 1800055 milliseconds before timing out.
[rank0]:[E726 06:46:33.002320402 ProcessGroupNCCL.cpp:2396] [PG ID 5 PG GUID 42(TENSOR_MODEL_PARALLEL_GROUP) Rank 0]  failure detected by watchdog at work sequence id: 123960 PG status: last enqueued work: 123961, last completed work: 123959
[rank0]:[E726 06:46:33.003037430 ProcessGroupNCCL.cpp:802] Stack trace of the failed collective: 
#0 all_gather_into_tensor from /usr/local/lib/python3.12/dist-packages/torch/distributed/distributed_c10d.py:4316
#1 wrapper from /usr/local/lib/python3.12/dist-packages/torch/distributed/c10d_logger.py:83
#2 _gather_along_first_dim from /workspace/recsys-examples/examples/commons/ops/collective_ops.py:145
#3 forward from /workspace/recsys-examples/examples/commons/ops/collective_ops.py:236
#4 apply from /usr/local/lib/python3.12/dist-packages/torch/autograd/function.py:596
#5 dmp_batch_to_tp from /workspace/recsys-examples/examples/commons/distributed/dmp_to_tp.py:49
#6 get_logit_and_labels from /workspace/recsys-examples/examples/hstu/model/ranking_gr.py:127
#7 forward from /workspace/recsys-examples/examples/hstu/model/ranking_gr.py:154
#8 _call_impl from /usr/local/lib/python3.12/dist-packages/torch/nn/modules/module.py:1789
#9 _wrapped_call_impl from /usr/local/lib/python3.12/dist-packages/torch/nn/modules/module.py:1778
#10 forward from /workspace/deps/megatron-lm/megatron/core/transformer/module.py:237
#11 _call_impl from /usr/local/lib/python3.12/dist-packages/torch/nn/modules/module.py:1789
#12 _wrapped_call_impl from /usr/local/lib/python3.12/dist-packages/torch/nn/modules/module.py:1778
#13 forward from /workspace/deps/megatron-lm/megatron/core/distributed/data_parallel_base.py:22
#14 _call_impl from /usr/local/lib/python3.12/dist-packages/torch/nn/modules/module.py:1789
#15 _wrapped_call_impl from /usr/local/lib/python3.12/dist-packages/torch/nn/modules/module.py:1778
#16 forward from /usr/local/lib/python3.12/dist-packages/torchrec/distributed/model_parallel.py:351
#17 _call_impl from /usr/local/lib/python3.12/dist-packages/torch/nn/modules/module.py:1789
#18 _wrapped_call_impl from /usr/local/lib/python3.12/dist-packages/torch/nn/modules/module.py:1778
#19 progress from /workspace/recsys-examples/examples/commons/pipeline/train_pipeline.py:952
#20 evaluate from /workspace/recsys-examples/examples/hstu/training/trainer/training.py:62
#21 train_with_pipeline from /workspace/recsys-examples/examples/hstu/training/trainer/training.py:282
#22 main from /workspace/recsys-examples/examples/hstu/./training/pretrain_gr_ranking.py:191
#23 <module> from /workspace/recsys-examples/examples/hstu/./training/pretrain_gr_ranking.py:203

[rank0]:[E726 06:46:33.003104395 ProcessGroupNCCL.cpp:2733] [PG ID 5 PG GUID 42(TENSOR_MODEL_PARALLEL_GROUP) Rank 0] First PG on this rank to signal dumping.
[rank2]:[E726 06:46:33.007703383 ProcessGroupNCCL.cpp:758] [Rank 2] Watchdog caught collective operation timeout: WorkNCCL(SeqNum=123960, OpType=_ALLGATHER_BASE, NumelIn=4, NumelOut=32, Timeout(ms)=1800000) ran for 1800061 milliseconds before timing out.
[rank2]:[E726 06:46:33.007970536 ProcessGroupNCCL.cpp:2396] [PG ID 5 PG GUID 42(TENSOR_MODEL_PARALLEL_GROUP) Rank 2]  failure detected by watchdog at work sequence id: 123960 PG status: last enqueued work: 123961, last completed work: 123959
[rank2]:[E726 06:46:33.008729256 ProcessGroupNCCL.cpp:802] Stack trace of the failed collective: 
#0 all_gather_into_tensor from /usr/local/lib/python3.12/dist-packages/torch/distributed/distributed_c10d.py:4316
#1 wrapper from /usr/local/lib/python3.12/dist-packages/torch/distributed/c10d_logger.py:83
#2 _gather_along_first_dim from /workspace/recsys-examples/examples/commons/ops/collective_ops.py:145
#3 forward from /workspace/recsys-examples/examples/commons/ops/collective_ops.py:236
#4 apply from /usr/local/lib/python3.12/dist-packages/torch/autograd/function.py:596
#5 dmp_batch_to_tp from /workspace/recsys-examples/examples/commons/distributed/dmp_to_tp.py:49
#6 get_logit_and_labels from /workspace/recsys-examples/examples/hstu/model/ranking_gr.py:127
#7 forward from /workspace/recsys-examples/examples/hstu/model/ranking_gr.py:154
#8 _call_impl from /usr/local/lib/python3.12/dist-packages/torch/nn/modules/module.py:1789
#9 _wrapped_call_impl from /usr/local/lib/python3.12/dist-packages/torch/nn/modules/module.py:1778
#10 forward from /workspace/deps/megatron-lm/megatron/core/transformer/module.py:237
#11 _call_impl from /usr/local/lib/python3.12/dist-packages/torch/nn/modules/module.py:1789
#12 _wrapped_call_impl from /usr/local/lib/python3.12/dist-packages/torch/nn/modules/module.py:1778
#13 forward from /workspace/deps/megatron-lm/megatron/core/distributed/data_parallel_base.py:22
#14 _call_impl from /usr/local/lib/python3.12/dist-packages/torch/nn/modules/module.py:1789
#15 _wrapped_call_impl from /usr/local/lib/python3.12/dist-packages/torch/nn/modules/module.py:1778
#16 forward from /usr/local/lib/python3.12/dist-packages/torchrec/distributed/model_parallel.py:351
#17 _call_impl from /usr/local/lib/python3.12/dist-packages/torch/nn/modules/module.py:1789
#18 _wrapped_call_impl from /usr/local/lib/python3.12/dist-packages/torch/nn/modules/module.py:1778
#19 progress from /workspace/recsys-examples/examples/commons/pipeline/train_pipeline.py:952
#20 evaluate from /workspace/recsys-examples/examples/hstu/training/trainer/training.py:62
#21 train_with_pipeline from /workspace/recsys-examples/examples/hstu/training/trainer/training.py:282
#22 main from /workspace/recsys-examples/examples/hstu/./training/pretrain_gr_ranking.py:191
#23 <module> from /workspace/recsys-examples/examples/hstu/./training/pretrain_gr_ranking.py:203

[rank2]:[E726 06:46:33.008779735 ProcessGroupNCCL.cpp:2733] [PG ID 5 PG GUID 42(TENSOR_MODEL_PARALLEL_GROUP) Rank 2] First PG on this rank to signal dumping.
[rank5]:[E726 06:46:33.009439806 ProcessGroupNCCL.cpp:758] [Rank 5] Watchdog caught collective operation timeout: WorkNCCL(SeqNum=123961, OpType=_ALLGATHER_BASE, NumelIn=4, NumelOut=32, Timeout(ms)=1800000) ran for 1800063 milliseconds before timing out.
[rank5]:[E726 06:46:33.009744453 ProcessGroupNCCL.cpp:2396] [PG ID 5 PG GUID 42(TENSOR_MODEL_PARALLEL_GROUP) Rank 5]  failure detected by watchdog at work sequence id: 123961 PG status: last enqueued work: 123961, last completed work: 123960
[rank5]:[E726 06:46:33.010510869 ProcessGroupNCCL.cpp:802] Stack trace of the failed collective: 
#0 all_gather_into_tensor from /usr/local/lib/python3.12/dist-packages/torch/distributed/distributed_c10d.py:4316
#1 wrapper from /usr/local/lib/python3.12/dist-packages/torch/distributed/c10d_logger.py:83
#2 _gather_along_first_dim from /workspace/recsys-examples/examples/commons/ops/collective_ops.py:145
#3 forward from /workspace/recsys-examples/examples/commons/ops/collective_ops.py:236
#4 apply from /usr/local/lib/python3.12/dist-packages/torch/autograd/function.py:596
#5 keyed_jagged_tensor_list_allgather from /workspace/recsys-examples/examples/commons/ops/collective_ops.py:568
#6 keyed_jagged_tensor_allgather from /workspace/recsys-examples/examples/commons/ops/collective_ops.py:657
#7 dmp_batch_to_tp from /workspace/recsys-examples/examples/commons/distributed/dmp_to_tp.py:53
#8 get_logit_and_labels from /workspace/recsys-examples/examples/hstu/model/ranking_gr.py:127
#9 forward from /workspace/recsys-examples/examples/hstu/model/ranking_gr.py:154
#10 _call_impl from /usr/local/lib/python3.12/dist-packages/torch/nn/modules/module.py:1789
#11 _wrapped_call_impl from /usr/local/lib/python3.12/dist-packages/torch/nn/modules/module.py:1778
#12 forward from /workspace/deps/megatron-lm/megatron/core/transformer/module.py:237
#13 _call_impl from /usr/local/lib/python3.12/dist-packages/torch/nn/modules/module.py:1789
#14 _wrapped_call_impl from /usr/local/lib/python3.12/dist-packages/torch/nn/modules/module.py:1778
#15 forward from /workspace/deps/megatron-lm/megatron/core/distributed/data_parallel_base.py:22
#16 _call_impl from /usr/local/lib/python3.12/dist-packages/torch/nn/modules/module.py:1789
#17 _wrapped_call_impl from /usr/local/lib/python3.12/dist-packages/torch/nn/modules/module.py:1778
#18 forward from /usr/local/lib/python3.12/dist-packages/torchrec/distributed/model_parallel.py:351
#19 _call_impl from /usr/local/lib/python3.12/dist-packages/torch/nn/modules/module.py:1789
#20 _wrapped_call_impl from /usr/local/lib/python3.12/dist-packages/torch/nn/modules/module.py:1778
#21 progress from /workspace/recsys-examples/examples/commons/pipeline/train_pipeline.py:952
#22 evaluate from /workspace/recsys-examples/examples/hstu/training/trainer/training.py:62
#23 train_with_pipeline from /workspace/recsys-examples/examples/hstu/training/trainer/training.py:282
#24 main from /workspace/recsys-examples/examples/hstu/./training/pretrain_gr_ranking.py:191
#25 <module> from /workspace/recsys-examples/examples/hstu/./training/pretrain_gr_ranking.py:203

[rank5]:[E726 06:46:33.010574529 ProcessGroupNCCL.cpp:2733] [PG ID 5 PG GUID 42(TENSOR_MODEL_PARALLEL_GROUP) Rank 5] First PG on this rank to signal dumping.
[rank6]:[E726 06:46:33.038032498 ProcessGroupNCCL.cpp:758] [Rank 6] Watchdog caught collective operation timeout: WorkNCCL(SeqNum=123961, OpType=_ALLGATHER_BASE, NumelIn=4, NumelOut=32, Timeout(ms)=1800000) ran for 1800091 milliseconds before timing out.
[rank6]:[E726 06:46:33.038301366 ProcessGroupNCCL.cpp:2396] [PG ID 5 PG GUID 42(TENSOR_MODEL_PARALLEL_GROUP) Rank 6]  failure detected by watchdog at work sequence id: 123961 PG status: last enqueued work: 123961, last completed work: 123960
[rank6]:[E726 06:46:33.038981850 ProcessGroupNCCL.cpp:802] Stack trace of the failed collective: 
#0 all_gather_into_tensor from /usr/local/lib/python3.12/dist-packages/torch/distributed/distributed_c10d.py:4316
#1 wrapper from /usr/local/lib/python3.12/dist-packages/torch/distributed/c10d_logger.py:83
#2 _gather_along_first_dim from /workspace/recsys-examples/examples/commons/ops/collective_ops.py:145
#3 forward from /workspace/recsys-examples/examples/commons/ops/collective_ops.py:236
#4 apply from /usr/local/lib/python3.12/dist-packages/torch/autograd/function.py:596
#5 keyed_jagged_tensor_list_allgather from /workspace/recsys-examples/examples/commons/ops/collective_ops.py:568
#6 keyed_jagged_tensor_allgather from /workspace/recsys-examples/examples/commons/ops/collective_ops.py:657
#7 dmp_batch_to_tp from /workspace/recsys-examples/examples/commons/distributed/dmp_to_tp.py:53
#8 get_logit_and_labels from /workspace/recsys-examples/examples/hstu/model/ranking_gr.py:127
#9 forward from /workspace/recsys-examples/examples/hstu/model/ranking_gr.py:154
#10 _call_impl from /usr/local/lib/python3.12/dist-packages/torch/nn/modules/module.py:1789
#11 _wrapped_call_impl from /usr/local/lib/python3.12/dist-packages/torch/nn/modules/module.py:1778
#12 forward from /workspace/deps/megatron-lm/megatron/core/transformer/module.py:237
#13 _call_impl from /usr/local/lib/python3.12/dist-packages/torch/nn/modules/module.py:1789
#14 _wrapped_call_impl from /usr/local/lib/python3.12/dist-packages/torch/nn/modules/module.py:1778
#15 forward from /workspace/deps/megatron-lm/megatron/core/distributed/data_parallel_base.py:22
#16 _call_impl from /usr/local/lib/python3.12/dist-packages/torch/nn/modules/module.py:1789
#17 _wrapped_call_impl from /usr/local/lib/python3.12/dist-packages/torch/nn/modules/module.py:1778
#18 forward from /usr/local/lib/python3.12/dist-packages/torchrec/distributed/model_parallel.py:351
#19 _call_impl from /usr/local/lib/python3.12/dist-packages/torch/nn/modules/module.py:1789
#20 _wrapped_call_impl from /usr/local/lib/python3.12/dist-packages/torch/nn/modules/module.py:1778
#21 progress from /workspace/recsys-examples/examples/commons/pipeline/train_pipeline.py:952
#22 evaluate from /workspace/recsys-examples/examples/hstu/training/trainer/training.py:62
#23 train_with_pipeline from /workspace/recsys-examples/examples/hstu/training/trainer/training.py:282
#24 main from /workspace/recsys-examples/examples/hstu/./training/pretrain_gr_ranking.py:191
#25 <module> from /workspace/recsys-examples/examples/hstu/./training/pretrain_gr_ranking.py:203

[rank6]:[E726 06:46:33.039039069 ProcessGroupNCCL.cpp:2733] [PG ID 5 PG GUID 42(TENSOR_MODEL_PARALLEL_GROUP) Rank 6] First PG on this rank to signal dumping.
[rank4]:[E726 06:46:33.373389959 ProcessGroupNCCL.cpp:1988] [PG ID 0 PG GUID 0(default_pg) Rank 4] Received a dump signal due to a collective timeout from this local rank and we will try our best to dump the debug info. Last enqueued NCCL work: 5727, last completed NCCL work: 5727.This is most likely caused by incorrect usages of collectives, e.g., wrong sizes used across ranks, the order of collectives is not same for all ranks or the scheduled collective, for some reason, didn't run. Additionally, this can be caused by GIL deadlock or other reasons such as network errors or bugs in the communications library (e.g. NCCL), etc. 
[rank4]:[E726 06:46:33.373714339 ProcessGroupNCCL.cpp:1701] [PG ID 0 PG GUID 0(default_pg) Rank 4] ProcessGroupNCCL preparing to dump debug info. Include stack trace: 1, only active collectives: 0
[rank3]:[E726 06:46:33.394966093 ProcessGroupNCCL.cpp:1988] [PG ID 0 PG GUID 0(default_pg) Rank 3] Received a dump signal due to a collective timeout from this local rank and we will try our best to dump the debug info. Last enqueued NCCL work: 5727, last completed NCCL work: 5727.This is most likely caused by incorrect usages of collectives, e.g., wrong sizes used across ranks, the order of collectives is not same for all ranks or the scheduled collective, for some reason, didn't run. Additionally, this can be caused by GIL deadlock or other reasons such as network errors or bugs in the communications library (e.g. NCCL), etc. 
[rank3]:[E726 06:46:33.395272477 ProcessGroupNCCL.cpp:1701] [PG ID 0 PG GUID 0(default_pg) Rank 3] ProcessGroupNCCL preparing to dump debug info. Include stack trace: 1, only active collectives: 0
[rank5]:[E726 06:46:33.517355590 ProcessGroupNCCL.cpp:1988] [PG ID 0 PG GUID 0(default_pg) Rank 5] Received a dump signal due to a collective timeout from this local rank and we will try our best to dump the debug info. Last enqueued NCCL work: 5727, last completed NCCL work: 5727.This is most likely caused by incorrect usages of collectives, e.g., wrong sizes used across ranks, the order of collectives is not same for all ranks or the scheduled collective, for some reason, didn't run. Additionally, this can be caused by GIL deadlock or other reasons such as network errors or bugs in the communications library (e.g. NCCL), etc. 
[rank1]:[E726 06:46:33.517439138 ProcessGroupNCCL.cpp:1988] [PG ID 0 PG GUID 0(default_pg) Rank 1] Received a dump signal due to a collective timeout from this local rank and we will try our best to dump the debug info. Last enqueued NCCL work: 5727, last completed NCCL work: 5727.This is most likely caused by incorrect usages of collectives, e.g., wrong sizes used across ranks, the order of collectives is not same for all ranks or the scheduled collective, for some reason, didn't run. Additionally, this can be caused by GIL deadlock or other reasons such as network errors or bugs in the communications library (e.g. NCCL), etc. 
[rank5]:[E726 06:46:33.517614158 ProcessGroupNCCL.cpp:1701] [PG ID 0 PG GUID 0(default_pg) Rank 5] ProcessGroupNCCL preparing to dump debug info. Include stack trace: 1, only active collectives: 0
[rank1]:[E726 06:46:33.517749578 ProcessGroupNCCL.cpp:1701] [PG ID 0 PG GUID 0(default_pg) Rank 1] ProcessGroupNCCL preparing to dump debug info. Include stack trace: 1, only active collectives: 0
[rank0]:[E726 06:46:33.518708838 ProcessGroupNCCL.cpp:1988] [PG ID 0 PG GUID 0(default_pg) Rank 0] Received a dump signal due to a collective timeout from this local rank and we will try our best to dump the debug info. Last enqueued NCCL work: 5727, last completed NCCL work: 5727.This is most likely caused by incorrect usages of collectives, e.g., wrong sizes used across ranks, the order of collectives is not same for all ranks or the scheduled collective, for some reason, didn't run. Additionally, this can be caused by GIL deadlock or other reasons such as network errors or bugs in the communications library (e.g. NCCL), etc. 
[rank0]:[E726 06:46:33.518950217 ProcessGroupNCCL.cpp:1701] [PG ID 0 PG GUID 0(default_pg) Rank 0] ProcessGroupNCCL preparing to dump debug info. Include stack trace: 1, only active collectives: 0
[rank2]:[E726 06:46:33.521806670 ProcessGroupNCCL.cpp:1988] [PG ID 0 PG GUID 0(default_pg) Rank 2] Received a dump signal due to a collective timeout from this local rank and we will try our best to dump the debug info. Last enqueued NCCL work: 5727, last completed NCCL work: 5727.This is most likely caused by incorrect usages of collectives, e.g., wrong sizes used across ranks, the order of collectives is not same for all ranks or the scheduled collective, for some reason, didn't run. Additionally, this can be caused by GIL deadlock or other reasons such as network errors or bugs in the communications library (e.g. NCCL), etc. 
[rank2]:[E726 06:46:33.522031591 ProcessGroupNCCL.cpp:1701] [PG ID 0 PG GUID 0(default_pg) Rank 2] ProcessGroupNCCL preparing to dump debug info. Include stack trace: 1, only active collectives: 0
[rank6]:[E726 06:46:33.542839167 ProcessGroupNCCL.cpp:1988] [PG ID 0 PG GUID 0(default_pg) Rank 6] Received a dump signal due to a collective timeout from this local rank and we will try our best to dump the debug info. Last enqueued NCCL work: 5727, last completed NCCL work: 5727.This is most likely caused by incorrect usages of collectives, e.g., wrong sizes used across ranks, the order of collectives is not same for all ranks or the scheduled collective, for some reason, didn't run. Additionally, this can be caused by GIL deadlock or other reasons such as network errors or bugs in the communications library (e.g. NCCL), etc. 
[rank6]:[E726 06:46:33.543120009 ProcessGroupNCCL.cpp:1701] [PG ID 0 PG GUID 0(default_pg) Rank 6] ProcessGroupNCCL preparing to dump debug info. Include stack trace: 1, only active collectives: 0
[rank7]:[E726 06:46:33.559132043 ProcessGroupNCCL.cpp:1988] [PG ID 0 PG GUID 0(default_pg) Rank 7] Received a dump signal due to a collective timeout from this local rank and we will try our best to dump the debug info. Last enqueued NCCL work: 5727, last completed NCCL work: 5727.This is most likely caused by incorrect usages of collectives, e.g., wrong sizes used across ranks, the order of collectives is not same for all ranks or the scheduled collective, for some reason, didn't run. Additionally, this can be caused by GIL deadlock or other reasons such as network errors or bugs in the communications library (e.g. NCCL), etc. 
[rank7]:[E726 06:46:33.559282637 ProcessGroupNCCL.cpp:1701] [PG ID 0 PG GUID 0(default_pg) Rank 7] ProcessGroupNCCL preparing to dump debug info. Include stack trace: 1, only active collectives: 0
[rank0]:[E726 06:47:33.332485894 ProcessGroupNCCL.cpp:819] [Rank 0] Some NCCL operations have failed or timed out. Due to the asynchronous nature of CUDA kernels, subsequent GPU operations might run on corrupted/incomplete data.
[rank0]:[E726 06:47:33.332501795 ProcessGroupNCCL.cpp:833] [Rank 0] To avoid data inconsistency, we are taking the entire process down.
[rank0]:[E726 06:47:33.333189868 ProcessGroupNCCL.cpp:2198] [PG ID 5 PG GUID 42(TENSOR_MODEL_PARALLEL_GROUP) Rank 0] Process group watchdog thread terminated with exception: [Rank 0] Watchdog caught collective operation timeout: WorkNCCL(SeqNum=123960, OpType=_ALLGATHER_BASE, NumelIn=4, NumelOut=32, Timeout(ms)=1800000) ran for 1800055 milliseconds before timing out.
Exception raised from checkTimeout at /opt/pytorch/pytorch/torch/csrc/distributed/c10d/ProcessGroupNCCL.cpp:761 (most recent call first):
frame #0: c10::Error::Error(c10::SourceLocation, std::__cxx11::basic_string<char, std::char_traits<char>, std::allocator<char> >) + 0x98 (0x7fe7b658a318 in /opt/tritonserver/backends/pytorch/libc10.so)
frame #1: c10d::ProcessGroupNCCL::WorkNCCL::checkTimeout(std::optional<std::chrono::duration<long, std::ratio<1l, 1000l> > >) + 0x30a (0x7fe7b789c6ca in /opt/tritonserver/backends/pytorch/libtorch_cuda.so)
frame #2: c10d::ProcessGroupNCCL::Watchdog::runLoop() + 0x19bd (0x7fe7b78a926d in /opt/tritonserver/backends/pytorch/libtorch_cuda.so)
frame #3: c10d::ProcessGroupNCCL::Watchdog::run() + 0x14f (0x7fe7b78abaff in /opt/tritonserver/backends/pytorch/libtorch_cuda.so)
frame #4: <unknown function> + 0xecdb4 (0x7fe7e406edb4 in /lib/x86_64-linux-gnu/libstdc++.so.6)
frame #5: <unknown function> + 0x9caa4 (0x7fe7efcf8aa4 in /lib/x86_64-linux-gnu/libc.so.6)
frame #6: __clone + 0x44 (0x7fe7efd85a64 in /lib/x86_64-linux-gnu/libc.so.6)

terminate called after throwing an instance of 'c10::DistBackendError'
  what():  [PG ID 5 PG GUID 42(TENSOR_MODEL_PARALLEL_GROUP) Rank 0] Process group watchdog thread terminated with exception: [Rank 0] Watchdog caught collective operation timeout: WorkNCCL(SeqNum=123960, OpType=_ALLGATHER_BASE, NumelIn=4, NumelOut=32, Timeout(ms)=1800000) ran for 1800055 milliseconds before timing out.
Exception raised from checkTimeout at /opt/pytorch/pytorch/torch/csrc/distributed/c10d/ProcessGroupNCCL.cpp:761 (most recent call first):
frame #0: c10::Error::Error(c10::SourceLocation, std::__cxx11::basic_string<char, std::char_traits<char>, std::allocator<char> >) + 0x98 (0x7fe7b658a318 in /opt/tritonserver/backends/pytorch/libc10.so)
frame #1: c10d::ProcessGroupNCCL::WorkNCCL::checkTimeout(std::optional<std::chrono::duration<long, std::ratio<1l, 1000l> > >) + 0x30a (0x7fe7b789c6ca in /opt/tritonserver/backends/pytorch/libtorch_cuda.so)
frame #2: c10d::ProcessGroupNCCL::Watchdog::runLoop() + 0x19bd (0x7fe7b78a926d in /opt/tritonserver/backends/pytorch/libtorch_cuda.so)
frame #3: c10d::ProcessGroupNCCL::Watchdog::run() + 0x14f (0x7fe7b78abaff in /opt/tritonserver/backends/pytorch/libtorch_cuda.so)
frame #4: <unknown function> + 0xecdb4 (0x7fe7e406edb4 in /lib/x86_64-linux-gnu/libstdc++.so.6)
frame #5: <unknown function> + 0x9caa4 (0x7fe7efcf8aa4 in /lib/x86_64-linux-gnu/libc.so.6)
frame #6: __clone + 0x44 (0x7fe7efd85a64 in /lib/x86_64-linux-gnu/libc.so.6)

Exception raised from run at /opt/pytorch/pytorch/torch/csrc/distributed/c10d/ProcessGroupNCCL.cpp:2204 (most recent call first):
frame #0: c10::Error::Error(c10::SourceLocation, std::__cxx11::basic_string<char, std::char_traits<char>, std::allocator<char> >) + 0x98 (0x7fe7b658a318 in /opt/tritonserver/backends/pytorch/libc10.so)
frame #1: <unknown function> + 0x9ab686 (0x7fe7b704e686 in /opt/tritonserver/backends/pytorch/libtorch_cuda.so)
frame #2: <unknown function> + 0xecdb4 (0x7fe7e406edb4 in /lib/x86_64-linux-gnu/libstdc++.so.6)
frame #3: <unknown function> + 0x9caa4 (0x7fe7efcf8aa4 in /lib/x86_64-linux-gnu/libc.so.6)
frame #4: __clone + 0x44 (0x7fe7efd85a64 in /lib/x86_64-linux-gnu/libc.so.6)

[rank4]:[E726 06:47:33.390973133 ProcessGroupNCCL.cpp:819] [Rank 4] Some NCCL operations have failed or timed out. Due to the asynchronous nature of CUDA kernels, subsequent GPU operations might run on corrupted/incomplete data.
[rank4]:[E726 06:47:33.390986118 ProcessGroupNCCL.cpp:833] [Rank 4] To avoid data inconsistency, we are taking the entire process down.
[rank4]:[E726 06:47:33.391653607 ProcessGroupNCCL.cpp:2198] [PG ID 5 PG GUID 42(TENSOR_MODEL_PARALLEL_GROUP) Rank 4] Process group watchdog thread terminated with exception: [Rank 4] Watchdog caught collective operation timeout: WorkNCCL(SeqNum=123961, OpType=_ALLGATHER_BASE, NumelIn=4, NumelOut=32, Timeout(ms)=1800000) ran for 1800030 milliseconds before timing out.
Exception raised from checkTimeout at /opt/pytorch/pytorch/torch/csrc/distributed/c10d/ProcessGroupNCCL.cpp:761 (most recent call first):
frame #0: c10::Error::Error(c10::SourceLocation, std::__cxx11::basic_string<char, std::char_traits<char>, std::allocator<char> >) + 0x98 (0x71c38026e318 in /opt/tritonserver/backends/pytorch/libc10.so)
frame #1: c10d::ProcessGroupNCCL::WorkNCCL::checkTimeout(std::optional<std::chrono::duration<long, std::ratio<1l, 1000l> > >) + 0x30a (0x71c3815806ca in /opt/tritonserver/backends/pytorch/libtorch_cuda.so)
frame #2: c10d::ProcessGroupNCCL::Watchdog::runLoop() + 0x19bd (0x71c38158d26d in /opt/tritonserver/backends/pytorch/libtorch_cuda.so)
frame #3: c10d::ProcessGroupNCCL::Watchdog::run() + 0x14f (0x71c38158faff in /opt/tritonserver/backends/pytorch/libtorch_cuda.so)
frame #4: <unknown function> + 0xecdb4 (0x71c3add52db4 in /lib/x86_64-linux-gnu/libstdc++.so.6)
frame #5: <unknown function> + 0x9caa4 (0x71c3b9a3caa4 in /lib/x86_64-linux-gnu/libc.so.6)
frame #6: __clone + 0x44 (0x71c3b9ac9a64 in /lib/x86_64-linux-gnu/libc.so.6)

terminate called after throwing an instance of 'c10::DistBackendError'
  what():  [PG ID 5 PG GUID 42(TENSOR_MODEL_PARALLEL_GROUP) Rank 4] Process group watchdog thread terminated with exception: [Rank 4] Watchdog caught collective operation timeout: WorkNCCL(SeqNum=123961, OpType=_ALLGATHER_BASE, NumelIn=4, NumelOut=32, Timeout(ms)=1800000) ran for 1800030 milliseconds before timing out.
Exception raised from checkTimeout at /opt/pytorch/pytorch/torch/csrc/distributed/c10d/ProcessGroupNCCL.cpp:761 (most recent call first):
frame #0: c10::Error::Error(c10::SourceLocation, std::__cxx11::basic_string<char, std::char_traits<char>, std::allocator<char> >) + 0x98 (0x71c38026e318 in /opt/tritonserver/backends/pytorch/libc10.so)
frame #1: c10d::ProcessGroupNCCL::WorkNCCL::checkTimeout(std::optional<std::chrono::duration<long, std::ratio<1l, 1000l> > >) + 0x30a (0x71c3815806ca in /opt/tritonserver/backends/pytorch/libtorch_cuda.so)
frame #2: c10d::ProcessGroupNCCL::Watchdog::runLoop() + 0x19bd (0x71c38158d26d in /opt/tritonserver/backends/pytorch/libtorch_cuda.so)
frame #3: c10d::ProcessGroupNCCL::Watchdog::run() + 0x14f (0x71c38158faff in /opt/tritonserver/backends/pytorch/libtorch_cuda.so)
frame #4: <unknown function> + 0xecdb4 (0x71c3add52db4 in /lib/x86_64-linux-gnu/libstdc++.so.6)
frame #5: <unknown function> + 0x9caa4 (0x71c3b9a3caa4 in /lib/x86_64-linux-gnu/libc.so.6)
frame #6: __clone + 0x44 (0x71c3b9ac9a64 in /lib/x86_64-linux-gnu/libc.so.6)

Exception raised from run at /opt/pytorch/pytorch/torch/csrc/distributed/c10d/ProcessGroupNCCL.cpp:2204 (most recent call first):
frame #0: c10::Error::Error(c10::SourceLocation, std::__cxx11::basic_string<char, std::char_traits<char>, std::allocator<char> >) + 0x98 (0x71c38026e318 in /opt/tritonserver/backends/pytorch/libc10.so)
frame #1: <unknown function> + 0x9ab686 (0x71c380d32686 in /opt/tritonserver/backends/pytorch/libtorch_cuda.so)
frame #2: <unknown function> + 0xecdb4 (0x71c3add52db4 in /lib/x86_64-linux-gnu/libstdc++.so.6)
frame #3: <unknown function> + 0x9caa4 (0x71c3b9a3caa4 in /lib/x86_64-linux-gnu/libc.so.6)
frame #4: __clone + 0x44 (0x71c3b9ac9a64 in /lib/x86_64-linux-gnu/libc.so.6)

[rank5]:[E726 06:47:33.418129308 ProcessGroupNCCL.cpp:819] [Rank 5] Some NCCL operations have failed or timed out. Due to the asynchronous nature of CUDA kernels, subsequent GPU operations might run on corrupted/incomplete data.
[rank5]:[E726 06:47:33.418139725 ProcessGroupNCCL.cpp:833] [Rank 5] To avoid data inconsistency, we are taking the entire process down.
[rank5]:[E726 06:47:33.418758240 ProcessGroupNCCL.cpp:2198] [PG ID 5 PG GUID 42(TENSOR_MODEL_PARALLEL_GROUP) Rank 5] Process group watchdog thread terminated with exception: [Rank 5] Watchdog caught collective operation timeout: WorkNCCL(SeqNum=123961, OpType=_ALLGATHER_BASE, NumelIn=4, NumelOut=32, Timeout(ms)=1800000) ran for 1800063 milliseconds before timing out.
Exception raised from checkTimeout at /opt/pytorch/pytorch/torch/csrc/distributed/c10d/ProcessGroupNCCL.cpp:761 (most recent call first):
frame #0: c10::Error::Error(c10::SourceLocation, std::__cxx11::basic_string<char, std::char_traits<char>, std::allocator<char> >) + 0x98 (0x7b70caa23318 in /opt/tritonserver/backends/pytorch/libc10.so)
frame #1: c10d::ProcessGroupNCCL::WorkNCCL::checkTimeout(std::optional<std::chrono::duration<long, std::ratio<1l, 1000l> > >) + 0x30a (0x7b70cbc9c6ca in /opt/tritonserver/backends/pytorch/libtorch_cuda.so)
frame #2: c10d::ProcessGroupNCCL::Watchdog::runLoop() + 0x19bd (0x7b70cbca926d in /opt/tritonserver/backends/pytorch/libtorch_cuda.so)
frame #3: c10d::ProcessGroupNCCL::Watchdog::run() + 0x14f (0x7b70cbcabaff in /opt/tritonserver/backends/pytorch/libtorch_cuda.so)
frame #4: <unknown function> + 0xecdb4 (0x7b70f846edb4 in /lib/x86_64-linux-gnu/libstdc++.so.6)
frame #5: <unknown function> + 0x9caa4 (0x7b710417eaa4 in /lib/x86_64-linux-gnu/libc.so.6)
frame #6: __clone + 0x44 (0x7b710420ba64 in /lib/x86_64-linux-gnu/libc.so.6)

terminate called after throwing an instance of 'c10::DistBackendError'
  what():  [PG ID 5 PG GUID 42(TENSOR_MODEL_PARALLEL_GROUP) Rank 5] Process group watchdog thread terminated with exception: [Rank 5] Watchdog caught collective operation timeout: WorkNCCL(SeqNum=123961, OpType=_ALLGATHER_BASE, NumelIn=4, NumelOut=32, Timeout(ms)=1800000) ran for 1800063 milliseconds before timing out.
Exception raised from checkTimeout at /opt/pytorch/pytorch/torch/csrc/distributed/c10d/ProcessGroupNCCL.cpp:761 (most recent call first):
frame #0: c10::Error::Error(c10::SourceLocation, std::__cxx11::basic_string<char, std::char_traits<char>, std::allocator<char> >) + 0x98 (0x7b70caa23318 in /opt/tritonserver/backends/pytorch/libc10.so)
frame #1: c10d::ProcessGroupNCCL::WorkNCCL::checkTimeout(std::optional<std::chrono::duration<long, std::ratio<1l, 1000l> > >) + 0x30a (0x7b70cbc9c6ca in /opt/tritonserver/backends/pytorch/libtorch_cuda.so)
frame #2: c10d::ProcessGroupNCCL::Watchdog::runLoop() + 0x19bd (0x7b70cbca926d in /opt/tritonserver/backends/pytorch/libtorch_cuda.so)
frame #3: c10d::ProcessGroupNCCL::Watchdog::run() + 0x14f (0x7b70cbcabaff in /opt/tritonserver/backends/pytorch/libtorch_cuda.so)
frame #4: <unknown function> + 0xecdb4 (0x7b70f846edb4 in /lib/x86_64-linux-gnu/libstdc++.so.6)
frame #5: <unknown function> + 0x9caa4 (0x7b710417eaa4 in /lib/x86_64-linux-gnu/libc.so.6)
frame #6: __clone + 0x44 (0x7b710420ba64 in /lib/x86_64-linux-gnu/libc.so.6)

Exception raised from run at /opt/pytorch/pytorch/torch/csrc/distributed/c10d/ProcessGroupNCCL.cpp:2204 (most recent call first):
frame #0: c10::Error::Error(c10::SourceLocation, std::__cxx11::basic_string<char, std::char_traits<char>, std::allocator<char> >) + 0x98 (0x7b70caa23318 in /opt/tritonserver/backends/pytorch/libc10.so)
frame #1: <unknown function> + 0x9ab686 (0x7b70cb44e686 in /opt/tritonserver/backends/pytorch/libtorch_cuda.so)
frame #2: <unknown function> + 0xecdb4 (0x7b70f846edb4 in /lib/x86_64-linux-gnu/libstdc++.so.6)
frame #3: <unknown function> + 0x9caa4 (0x7b710417eaa4 in /lib/x86_64-linux-gnu/libc.so.6)
frame #4: __clone + 0x44 (0x7b710420ba64 in /lib/x86_64-linux-gnu/libc.so.6)

[rank3]:[E726 06:47:33.434896747 ProcessGroupNCCL.cpp:819] [Rank 3] Some NCCL operations have failed or timed out. Due to the asynchronous nature of CUDA kernels, subsequent GPU operations might run on corrupted/incomplete data.
[rank3]:[E726 06:47:33.434907065 ProcessGroupNCCL.cpp:833] [Rank 3] To avoid data inconsistency, we are taking the entire process down.
[rank3]:[E726 06:47:33.435538044 ProcessGroupNCCL.cpp:2198] [PG ID 5 PG GUID 42(TENSOR_MODEL_PARALLEL_GROUP) Rank 3] Process group watchdog thread terminated with exception: [Rank 3] Watchdog caught collective operation timeout: WorkNCCL(SeqNum=123960, OpType=_ALLGATHER_BASE, NumelIn=4, NumelOut=32, Timeout(ms)=1800000) ran for 1800027 milliseconds before timing out.
Exception raised from checkTimeout at /opt/pytorch/pytorch/torch/csrc/distributed/c10d/ProcessGroupNCCL.cpp:761 (most recent call first):
frame #0: c10::Error::Error(c10::SourceLocation, std::__cxx11::basic_string<char, std::char_traits<char>, std::allocator<char> >) + 0x98 (0x7d92b9f8a318 in /opt/tritonserver/backends/pytorch/libc10.so)
frame #1: c10d::ProcessGroupNCCL::WorkNCCL::checkTimeout(std::optional<std::chrono::duration<long, std::ratio<1l, 1000l> > >) + 0x30a (0x7d92bb29c6ca in /opt/tritonserver/backends/pytorch/libtorch_cuda.so)
frame #2: c10d::ProcessGroupNCCL::Watchdog::runLoop() + 0x19bd (0x7d92bb2a926d in /opt/tritonserver/backends/pytorch/libtorch_cuda.so)
frame #3: c10d::ProcessGroupNCCL::Watchdog::run() + 0x14f (0x7d92bb2abaff in /opt/tritonserver/backends/pytorch/libtorch_cuda.so)
frame #4: <unknown function> + 0xecdb4 (0x7d92e7a6edb4 in /lib/x86_64-linux-gnu/libstdc++.so.6)
frame #5: <unknown function> + 0x9caa4 (0x7d92f36e7aa4 in /lib/x86_64-linux-gnu/libc.so.6)
frame #6: __clone + 0x44 (0x7d92f3774a64 in /lib/x86_64-linux-gnu/libc.so.6)

terminate called after throwing an instance of 'c10::DistBackendError'
  what():  [PG ID 5 PG GUID 42(TENSOR_MODEL_PARALLEL_GROUP) Rank 3] Process group watchdog thread terminated with exception: [Rank 3] Watchdog caught collective operation timeout: WorkNCCL(SeqNum=123960, OpType=_ALLGATHER_BASE, NumelIn=4, NumelOut=32, Timeout(ms)=1800000) ran for 1800027 milliseconds before timing out.
Exception raised from checkTimeout at /opt/pytorch/pytorch/torch/csrc/distributed/c10d/ProcessGroupNCCL.cpp:761 (most recent call first):
frame #0: c10::Error::Error(c10::SourceLocation, std::__cxx11::basic_string<char, std::char_traits<char>, std::allocator<char> >) + 0x98 (0x7d92b9f8a318 in /opt/tritonserver/backends/pytorch/libc10.so)
frame #1: c10d::ProcessGroupNCCL::WorkNCCL::checkTimeout(std::optional<std::chrono::duration<long, std::ratio<1l, 1000l> > >) + 0x30a (0x7d92bb29c6ca in /opt/tritonserver/backends/pytorch/libtorch_cuda.so)
frame #2: c10d::ProcessGroupNCCL::Watchdog::runLoop() + 0x19bd (0x7d92bb2a926d in /opt/tritonserver/backends/pytorch/libtorch_cuda.so)
frame #3: c10d::ProcessGroupNCCL::Watchdog::run() + 0x14f (0x7d92bb2abaff in /opt/tritonserver/backends/pytorch/libtorch_cuda.so)
frame #4: <unknown function> + 0xecdb4 (0x7d92e7a6edb4 in /lib/x86_64-linux-gnu/libstdc++.so.6)
frame #5: <unknown function> + 0x9caa4 (0x7d92f36e7aa4 in /lib/x86_64-linux-gnu/libc.so.6)
frame #6: __clone + 0x44 (0x7d92f3774a64 in /lib/x86_64-linux-gnu/libc.so.6)

Exception raised from run at /opt/pytorch/pytorch/torch/csrc/distributed/c10d/ProcessGroupNCCL.cpp:2204 (most recent call first):
frame #0: c10::Error::Error(c10::SourceLocation, std::__cxx11::basic_string<char, std::char_traits<char>, std::allocator<char> >) + 0x98 (0x7d92b9f8a318 in /opt/tritonserver/backends/pytorch/libc10.so)
frame #1: <unknown function> + 0x9ab686 (0x7d92baa4e686 in /opt/tritonserver/backends/pytorch/libtorch_cuda.so)
frame #2: <unknown function> + 0xecdb4 (0x7d92e7a6edb4 in /lib/x86_64-linux-gnu/libstdc++.so.6)
frame #3: <unknown function> + 0x9caa4 (0x7d92f36e7aa4 in /lib/x86_64-linux-gnu/libc.so.6)
frame #4: __clone + 0x44 (0x7d92f3774a64 in /lib/x86_64-linux-gnu/libc.so.6)

[rank1]:[E726 06:47:33.440617948 ProcessGroupNCCL.cpp:819] [Rank 1] Some NCCL operations have failed or timed out. Due to the asynchronous nature of CUDA kernels, subsequent GPU operations might run on corrupted/incomplete data.
[rank1]:[E726 06:47:33.440629593 ProcessGroupNCCL.cpp:833] [Rank 1] To avoid data inconsistency, we are taking the entire process down.
[rank1]:[E726 06:47:33.441268350 ProcessGroupNCCL.cpp:2198] [PG ID 5 PG GUID 42(TENSOR_MODEL_PARALLEL_GROUP) Rank 1] Process group watchdog thread terminated with exception: [Rank 1] Watchdog caught collective operation timeout: WorkNCCL(SeqNum=123960, OpType=_ALLGATHER_BASE, NumelIn=4, NumelOut=32, Timeout(ms)=1800000) ran for 1800028 milliseconds before timing out.
Exception raised from checkTimeout at /opt/pytorch/pytorch/torch/csrc/distributed/c10d/ProcessGroupNCCL.cpp:761 (most recent call first):
frame #0: c10::Error::Error(c10::SourceLocation, std::__cxx11::basic_string<char, std::char_traits<char>, std::allocator<char> >) + 0x98 (0x765a62023318 in /opt/tritonserver/backends/pytorch/libc10.so)
frame #1: c10d::ProcessGroupNCCL::WorkNCCL::checkTimeout(std::optional<std::chrono::duration<long, std::ratio<1l, 1000l> > >) + 0x30a (0x765a6329c6ca in /opt/tritonserver/backends/pytorch/libtorch_cuda.so)
frame #2: c10d::ProcessGroupNCCL::Watchdog::runLoop() + 0x19bd (0x765a632a926d in /opt/tritonserver/backends/pytorch/libtorch_cuda.so)
frame #3: c10d::ProcessGroupNCCL::Watchdog::run() + 0x14f (0x765a632abaff in /opt/tritonserver/backends/pytorch/libtorch_cuda.so)
frame #4: <unknown function> + 0xecdb4 (0x765a8fa6edb4 in /lib/x86_64-linux-gnu/libstdc++.so.6)
frame #5: <unknown function> + 0x9caa4 (0x765a9b796aa4 in /lib/x86_64-linux-gnu/libc.so.6)
frame #6: __clone + 0x44 (0x765a9b823a64 in /lib/x86_64-linux-gnu/libc.so.6)

terminate called after throwing an instance of 'c10::DistBackendError'
  what():  [PG ID 5 PG GUID 42(TENSOR_MODEL_PARALLEL_GROUP) Rank 1] Process group watchdog thread terminated with exception: [Rank 1] Watchdog caught collective operation timeout: WorkNCCL(SeqNum=123960, OpType=_ALLGATHER_BASE, NumelIn=4, NumelOut=32, Timeout(ms)=1800000) ran for 1800028 milliseconds before timing out.
Exception raised from checkTimeout at /opt/pytorch/pytorch/torch/csrc/distributed/c10d/ProcessGroupNCCL.cpp:761 (most recent call first):
frame #0: c10::Error::Error(c10::SourceLocation, std::__cxx11::basic_string<char, std::char_traits<char>, std::allocator<char> >) + 0x98 (0x765a62023318 in /opt/tritonserver/backends/pytorch/libc10.so)
frame #1: c10d::ProcessGroupNCCL::WorkNCCL::checkTimeout(std::optional<std::chrono::duration<long, std::ratio<1l, 1000l> > >) + 0x30a (0x765a6329c6ca in /opt/tritonserver/backends/pytorch/libtorch_cuda.so)
frame #2: c10d::ProcessGroupNCCL::Watchdog::runLoop() + 0x19bd (0x765a632a926d in /opt/tritonserver/backends/pytorch/libtorch_cuda.so)
frame #3: c10d::ProcessGroupNCCL::Watchdog::run() + 0x14f (0x765a632abaff in /opt/tritonserver/backends/pytorch/libtorch_cuda.so)
frame #4: <unknown function> + 0xecdb4 (0x765a8fa6edb4 in /lib/x86_64-linux-gnu/libstdc++.so.6)
frame #5: <unknown function> + 0x9caa4 (0x765a9b796aa4 in /lib/x86_64-linux-gnu/libc.so.6)
frame #6: __clone + 0x44 (0x765a9b823a64 in /lib/x86_64-linux-gnu/libc.so.6)

Exception raised from run at /opt/pytorch/pytorch/torch/csrc/distributed/c10d/ProcessGroupNCCL.cpp:2204 (most recent call first):
frame #0: c10::Error::Error(c10::SourceLocation, std::__cxx11::basic_string<char, std::char_traits<char>, std::allocator<char> >) + 0x98 (0x765a62023318 in /opt/tritonserver/backends/pytorch/libc10.so)
frame #1: <unknown function> + 0x9ab686 (0x765a62a4e686 in /opt/tritonserver/backends/pytorch/libtorch_cuda.so)
frame #2: <unknown function> + 0xecdb4 (0x765a8fa6edb4 in /lib/x86_64-linux-gnu/libstdc++.so.6)
frame #3: <unknown function> + 0x9caa4 (0x765a9b796aa4 in /lib/x86_64-linux-gnu/libc.so.6)
frame #4: __clone + 0x44 (0x765a9b823a64 in /lib/x86_64-linux-gnu/libc.so.6)

[rank7]:[E726 06:47:33.452974380 ProcessGroupNCCL.cpp:819] [Rank 7] Some NCCL operations have failed or timed out. Due to the asynchronous nature of CUDA kernels, subsequent GPU operations might run on corrupted/incomplete data.
[rank7]:[E726 06:47:33.452984513 ProcessGroupNCCL.cpp:833] [Rank 7] To avoid data inconsistency, we are taking the entire process down.
[rank7]:[E726 06:47:33.453602123 ProcessGroupNCCL.cpp:2198] [PG ID 5 PG GUID 42(TENSOR_MODEL_PARALLEL_GROUP) Rank 7] Process group watchdog thread terminated with exception: [Rank 7] Watchdog caught collective operation timeout: WorkNCCL(SeqNum=123961, OpType=_ALLGATHER_BASE, NumelIn=4, NumelOut=32, Timeout(ms)=1800000) ran for 1800054 milliseconds before timing out.
Exception raised from checkTimeout at /opt/pytorch/pytorch/torch/csrc/distributed/c10d/ProcessGroupNCCL.cpp:761 (most recent call first):
frame #0: c10::Error::Error(c10::SourceLocation, std::__cxx11::basic_string<char, std::char_traits<char>, std::allocator<char> >) + 0x98 (0x764028023318 in /opt/tritonserver/backends/pytorch/libc10.so)
frame #1: c10d::ProcessGroupNCCL::WorkNCCL::checkTimeout(std::optional<std::chrono::duration<long, std::ratio<1l, 1000l> > >) + 0x30a (0x76402929c6ca in /opt/tritonserver/backends/pytorch/libtorch_cuda.so)
frame #2: c10d::ProcessGroupNCCL::Watchdog::runLoop() + 0x19bd (0x7640292a926d in /opt/tritonserver/backends/pytorch/libtorch_cuda.so)
frame #3: c10d::ProcessGroupNCCL::Watchdog::run() + 0x14f (0x7640292abaff in /opt/tritonserver/backends/pytorch/libtorch_cuda.so)
frame #4: <unknown function> + 0xecdb4 (0x764055a6edb4 in /lib/x86_64-linux-gnu/libstdc++.so.6)
frame #5: <unknown function> + 0x9caa4 (0x76406179caa4 in /lib/x86_64-linux-gnu/libc.so.6)
frame #6: __clone + 0x44 (0x764061829a64 in /lib/x86_64-linux-gnu/libc.so.6)

terminate called after throwing an instance of 'c10::DistBackendError'
  what():  [PG ID 5 PG GUID 42(TENSOR_MODEL_PARALLEL_GROUP) Rank 7] Process group watchdog thread terminated with exception: [Rank 7] Watchdog caught collective operation timeout: WorkNCCL(SeqNum=123961, OpType=_ALLGATHER_BASE, NumelIn=4, NumelOut=32, Timeout(ms)=1800000) ran for 1800054 milliseconds before timing out.
Exception raised from checkTimeout at /opt/pytorch/pytorch/torch/csrc/distributed/c10d/ProcessGroupNCCL.cpp:761 (most recent call first):
frame #0: c10::Error::Error(c10::SourceLocation, std::__cxx11::basic_string<char, std::char_traits<char>, std::allocator<char> >) + 0x98 (0x764028023318 in /opt/tritonserver/backends/pytorch/libc10.so)
frame #1: c10d::ProcessGroupNCCL::WorkNCCL::checkTimeout(std::optional<std::chrono::duration<long, std::ratio<1l, 1000l> > >) + 0x30a (0x76402929c6ca in /opt/tritonserver/backends/pytorch/libtorch_cuda.so)
frame #2: c10d::ProcessGroupNCCL::Watchdog::runLoop() + 0x19bd (0x7640292a926d in /opt/tritonserver/backends/pytorch/libtorch_cuda.so)
frame #3: c10d::ProcessGroupNCCL::Watchdog::run() + 0x14f (0x7640292abaff in /opt/tritonserver/backends/pytorch/libtorch_cuda.so)
frame #4: <unknown function> + 0xecdb4 (0x764055a6edb4 in /lib/x86_64-linux-gnu/libstdc++.so.6)
frame #5: <unknown function> + 0x9caa4 (0x76406179caa4 in /lib/x86_64-linux-gnu/libc.so.6)
frame #6: __clone + 0x44 (0x764061829a64 in /lib/x86_64-linux-gnu/libc.so.6)

Exception raised from run at /opt/pytorch/pytorch/torch/csrc/distributed/c10d/ProcessGroupNCCL.cpp:2204 (most recent call first):
frame #0: c10::Error::Error(c10::SourceLocation, std::__cxx11::basic_string<char, std::char_traits<char>, std::allocator<char> >) + 0x98 (0x764028023318 in /opt/tritonserver/backends/pytorch/libc10.so)
frame #1: <unknown function> + 0x9ab686 (0x764028a4e686 in /opt/tritonserver/backends/pytorch/libtorch_cuda.so)
frame #2: <unknown function> + 0xecdb4 (0x764055a6edb4 in /lib/x86_64-linux-gnu/libstdc++.so.6)
frame #3: <unknown function> + 0x9caa4 (0x76406179caa4 in /lib/x86_64-linux-gnu/libc.so.6)
frame #4: __clone + 0x44 (0x764061829a64 in /lib/x86_64-linux-gnu/libc.so.6)

[rank2]:[E726 06:47:33.536509318 ProcessGroupNCCL.cpp:819] [Rank 2] Some NCCL operations have failed or timed out. Due to the asynchronous nature of CUDA kernels, subsequent GPU operations might run on corrupted/incomplete data.
[rank2]:[E726 06:47:33.536522323 ProcessGroupNCCL.cpp:833] [Rank 2] To avoid data inconsistency, we are taking the entire process down.
[rank2]:[E726 06:47:33.537182131 ProcessGroupNCCL.cpp:2198] [PG ID 5 PG GUID 42(TENSOR_MODEL_PARALLEL_GROUP) Rank 2] Process group watchdog thread terminated with exception: [Rank 2] Watchdog caught collective operation timeout: WorkNCCL(SeqNum=123960, OpType=_ALLGATHER_BASE, NumelIn=4, NumelOut=32, Timeout(ms)=1800000) ran for 1800061 milliseconds before timing out.
Exception raised from checkTimeout at /opt/pytorch/pytorch/torch/csrc/distributed/c10d/ProcessGroupNCCL.cpp:761 (most recent call first):
frame #0: c10::Error::Error(c10::SourceLocation, std::__cxx11::basic_string<char, std::char_traits<char>, std::allocator<char> >) + 0x98 (0x7cf14de23318 in /opt/tritonserver/backends/pytorch/libc10.so)
frame #1: c10d::ProcessGroupNCCL::WorkNCCL::checkTimeout(std::optional<std::chrono::duration<long, std::ratio<1l, 1000l> > >) + 0x30a (0x7cf14f09c6ca in /opt/tritonserver/backends/pytorch/libtorch_cuda.so)
frame #2: c10d::ProcessGroupNCCL::Watchdog::runLoop() + 0x19bd (0x7cf14f0a926d in /opt/tritonserver/backends/pytorch/libtorch_cuda.so)
frame #3: c10d::ProcessGroupNCCL::Watchdog::run() + 0x14f (0x7cf14f0abaff in /opt/tritonserver/backends/pytorch/libtorch_cuda.so)
frame #4: <unknown function> + 0xecdb4 (0x7cf17b86edb4 in /lib/x86_64-linux-gnu/libstdc++.so.6)
frame #5: <unknown function> + 0x9caa4 (0x7cf187565aa4 in /lib/x86_64-linux-gnu/libc.so.6)
frame #6: __clone + 0x44 (0x7cf1875f2a64 in /lib/x86_64-linux-gnu/libc.so.6)

terminate called after throwing an instance of 'c10::DistBackendError'
  what():  [PG ID 5 PG GUID 42(TENSOR_MODEL_PARALLEL_GROUP) Rank 2] Process group watchdog thread terminated with exception: [Rank 2] Watchdog caught collective operation timeout: WorkNCCL(SeqNum=123960, OpType=_ALLGATHER_BASE, NumelIn=4, NumelOut=32, Timeout(ms)=1800000) ran for 1800061 milliseconds before timing out.
Exception raised from checkTimeout at /opt/pytorch/pytorch/torch/csrc/distributed/c10d/ProcessGroupNCCL.cpp:761 (most recent call first):
frame #0: c10::Error::Error(c10::SourceLocation, std::__cxx11::basic_string<char, std::char_traits<char>, std::allocator<char> >) + 0x98 (0x7cf14de23318 in /opt/tritonserver/backends/pytorch/libc10.so)
frame #1: c10d::ProcessGroupNCCL::WorkNCCL::checkTimeout(std::optional<std::chrono::duration<long, std::ratio<1l, 1000l> > >) + 0x30a (0x7cf14f09c6ca in /opt/tritonserver/backends/pytorch/libtorch_cuda.so)
frame #2: c10d::ProcessGroupNCCL::Watchdog::runLoop() + 0x19bd (0x7cf14f0a926d in /opt/tritonserver/backends/pytorch/libtorch_cuda.so)
frame #3: c10d::ProcessGroupNCCL::Watchdog::run() + 0x14f (0x7cf14f0abaff in /opt/tritonserver/backends/pytorch/libtorch_cuda.so)
frame #4: <unknown function> + 0xecdb4 (0x7cf17b86edb4 in /lib/x86_64-linux-gnu/libstdc++.so.6)
frame #5: <unknown function> + 0x9caa4 (0x7cf187565aa4 in /lib/x86_64-linux-gnu/libc.so.6)
frame #6: __clone + 0x44 (0x7cf1875f2a64 in /lib/x86_64-linux-gnu/libc.so.6)

Exception raised from run at /opt/pytorch/pytorch/torch/csrc/distributed/c10d/ProcessGroupNCCL.cpp:2204 (most recent call first):
frame #0: c10::Error::Error(c10::SourceLocation, std::__cxx11::basic_string<char, std::char_traits<char>, std::allocator<char> >) + 0x98 (0x7cf14de23318 in /opt/tritonserver/backends/pytorch/libc10.so)
frame #1: <unknown function> + 0x9ab686 (0x7cf14e84e686 in /opt/tritonserver/backends/pytorch/libtorch_cuda.so)
frame #2: <unknown function> + 0xecdb4 (0x7cf17b86edb4 in /lib/x86_64-linux-gnu/libstdc++.so.6)
frame #3: <unknown function> + 0x9caa4 (0x7cf187565aa4 in /lib/x86_64-linux-gnu/libc.so.6)
frame #4: __clone + 0x44 (0x7cf1875f2a64 in /lib/x86_64-linux-gnu/libc.so.6)

[rank6]:[E726 06:47:33.567566857 ProcessGroupNCCL.cpp:819] [Rank 6] Some NCCL operations have failed or timed out. Due to the asynchronous nature of CUDA kernels, subsequent GPU operations might run on corrupted/incomplete data.
[rank6]:[E726 06:47:33.567578653 ProcessGroupNCCL.cpp:833] [Rank 6] To avoid data inconsistency, we are taking the entire process down.
[rank6]:[E726 06:47:33.568208854 ProcessGroupNCCL.cpp:2198] [PG ID 5 PG GUID 42(TENSOR_MODEL_PARALLEL_GROUP) Rank 6] Process group watchdog thread terminated with exception: [Rank 6] Watchdog caught collective operation timeout: WorkNCCL(SeqNum=123961, OpType=_ALLGATHER_BASE, NumelIn=4, NumelOut=32, Timeout(ms)=1800000) ran for 1800091 milliseconds before timing out.
Exception raised from checkTimeout at /opt/pytorch/pytorch/torch/csrc/distributed/c10d/ProcessGroupNCCL.cpp:761 (most recent call first):
frame #0: c10::Error::Error(c10::SourceLocation, std::__cxx11::basic_string<char, std::char_traits<char>, std::allocator<char> >) + 0x98 (0x714b6c46e318 in /opt/tritonserver/backends/pytorch/libc10.so)
frame #1: c10d::ProcessGroupNCCL::WorkNCCL::checkTimeout(std::optional<std::chrono::duration<long, std::ratio<1l, 1000l> > >) + 0x30a (0x714b6d7806ca in /opt/tritonserver/backends/pytorch/libtorch_cuda.so)
frame #2: c10d::ProcessGroupNCCL::Watchdog::runLoop() + 0x19bd (0x714b6d78d26d in /opt/tritonserver/backends/pytorch/libtorch_cuda.so)
frame #3: c10d::ProcessGroupNCCL::Watchdog::run() + 0x14f (0x714b6d78faff in /opt/tritonserver/backends/pytorch/libtorch_cuda.so)
frame #4: <unknown function> + 0xecdb4 (0x714b99f52db4 in /lib/x86_64-linux-gnu/libstdc++.so.6)
frame #5: <unknown function> + 0x9caa4 (0x714ba5c24aa4 in /lib/x86_64-linux-gnu/libc.so.6)
frame #6: __clone + 0x44 (0x714ba5cb1a64 in /lib/x86_64-linux-gnu/libc.so.6)

terminate called after throwing an instance of 'c10::DistBackendError'
  what():  [PG ID 5 PG GUID 42(TENSOR_MODEL_PARALLEL_GROUP) Rank 6] Process group watchdog thread terminated with exception: [Rank 6] Watchdog caught collective operation timeout: WorkNCCL(SeqNum=123961, OpType=_ALLGATHER_BASE, NumelIn=4, NumelOut=32, Timeout(ms)=1800000) ran for 1800091 milliseconds before timing out.
Exception raised from checkTimeout at /opt/pytorch/pytorch/torch/csrc/distributed/c10d/ProcessGroupNCCL.cpp:761 (most recent call first):
frame #0: c10::Error::Error(c10::SourceLocation, std::__cxx11::basic_string<char, std::char_traits<char>, std::allocator<char> >) + 0x98 (0x714b6c46e318 in /opt/tritonserver/backends/pytorch/libc10.so)
frame #1: c10d::ProcessGroupNCCL::WorkNCCL::checkTimeout(std::optional<std::chrono::duration<long, std::ratio<1l, 1000l> > >) + 0x30a (0x714b6d7806ca in /opt/tritonserver/backends/pytorch/libtorch_cuda.so)
frame #2: c10d::ProcessGroupNCCL::Watchdog::runLoop() + 0x19bd (0x714b6d78d26d in /opt/tritonserver/backends/pytorch/libtorch_cuda.so)
frame #3: c10d::ProcessGroupNCCL::Watchdog::run() + 0x14f (0x714b6d78faff in /opt/tritonserver/backends/pytorch/libtorch_cuda.so)
frame #4: <unknown function> + 0xecdb4 (0x714b99f52db4 in /lib/x86_64-linux-gnu/libstdc++.so.6)
frame #5: <unknown function> + 0x9caa4 (0x714ba5c24aa4 in /lib/x86_64-linux-gnu/libc.so.6)
frame #6: __clone + 0x44 (0x714ba5cb1a64 in /lib/x86_64-linux-gnu/libc.so.6)

Exception raised from run at /opt/pytorch/pytorch/torch/csrc/distributed/c10d/ProcessGroupNCCL.cpp:2204 (most recent call first):
frame #0: c10::Error::Error(c10::SourceLocation, std::__cxx11::basic_string<char, std::char_traits<char>, std::allocator<char> >) + 0x98 (0x714b6c46e318 in /opt/tritonserver/backends/pytorch/libc10.so)
frame #1: <unknown function> + 0x9ab686 (0x714b6cf32686 in /opt/tritonserver/backends/pytorch/libtorch_cuda.so)
frame #2: <unknown function> + 0xecdb4 (0x714b99f52db4 in /lib/x86_64-linux-gnu/libstdc++.so.6)
frame #3: <unknown function> + 0x9caa4 (0x714ba5c24aa4 in /lib/x86_64-linux-gnu/libc.so.6)
frame #4: __clone + 0x44 (0x714ba5cb1a64 in /lib/x86_64-linux-gnu/libc.so.6)

W0726 06:48:04.191000 1017 torch/distributed/elastic/multiprocessing/api.py:1014] Sending process 1085 closing signal SIGTERM
W0726 06:48:04.192000 1017 torch/distributed/elastic/multiprocessing/api.py:1014] Sending process 1086 closing signal SIGTERM
W0726 06:48:04.192000 1017 torch/distributed/elastic/multiprocessing/api.py:1014] Sending process 1087 closing signal SIGTERM
W0726 06:48:04.192000 1017 torch/distributed/elastic/multiprocessing/api.py:1014] Sending process 1088 closing signal SIGTERM
W0726 06:48:04.192000 1017 torch/distributed/elastic/multiprocessing/api.py:1014] Sending process 1090 closing signal SIGTERM
W0726 06:48:04.192000 1017 torch/distributed/elastic/multiprocessing/api.py:1014] Sending process 1091 closing signal SIGTERM
W0726 06:48:04.192000 1017 torch/distributed/elastic/multiprocessing/api.py:1014] Sending process 1092 closing signal SIGTERM
W0726 06:48:34.192000 1017 torch/distributed/elastic/multiprocessing/api.py:1033] Unable to shutdown process 1085 via 15, forcefully exiting via 9
E0726 06:48:34.812000 1017 torch/distributed/elastic/multiprocessing/api.py:988] failed (exitcode: -6) local_rank: 4 (pid: 1089) of binary: /usr/bin/python3
Traceback (most recent call last):
  File "/usr/local/bin/torchrun", line 6, in <module>
    sys.exit(main())
             ^^^^^^
  File "/usr/local/lib/python3.12/dist-packages/torch/distributed/elastic/multiprocessing/errors/__init__.py", line 367, in wrapper
    return f(*args, **kwargs)
           ^^^^^^^^^^^^^^^^^^
  File "/usr/local/lib/python3.12/dist-packages/torch/distributed/run.py", line 1016, in main
    run(args)
  File "/usr/local/lib/python3.12/dist-packages/torch/distributed/run.py", line 1007, in run
    elastic_launch(
  File "/usr/local/lib/python3.12/dist-packages/torch/distributed/launcher/api.py", line 191, in __call__
    return launch_agent(self._config, self._entrypoint, list(args))
           ^^^^^^^^^^^^^^^^^^^^^^^^^^^^^^^^^^^^^^^^^^^^^^^^^^^^^^^^
  File "/usr/local/lib/python3.12/dist-packages/torch/distributed/launcher/api.py", line 371, in launch_agent
    raise ChildFailedError(
torch.distributed.elastic.multiprocessing.errors.ChildFailedError: 
=====================================================
./training/pretrain_gr_ranking.py FAILED
-----------------------------------------------------
Failures:
[1]:
  time      : 2026-07-26_06:48:34
  host      : 57a1d79bf0c5
  rank      : 0 (local_rank: 0)
  exitcode  : -9 (pid: 1085)  (SIGKILL)
  error_file: <N/A>
  traceback : Signal 9 (SIGKILL) received by PID 1085
[2]:
  time      : 2026-07-26_06:48:34
  host      : 57a1d79bf0c5
  rank      : 1 (local_rank: 1)
  exitcode  : -6 (pid: 1086)  (SIGABRT)
  error_file: <N/A>
  traceback : Signal 6 (SIGABRT) received by PID 1086
[3]:
  time      : 2026-07-26_06:48:34
  host      : 57a1d79bf0c5
  rank      : 2 (local_rank: 2)
  exitcode  : -6 (pid: 1087)  (SIGABRT)
  error_file: <N/A>
  traceback : Signal 6 (SIGABRT) received by PID 1087
[4]:
  time      : 2026-07-26_06:48:34
  host      : 57a1d79bf0c5
  rank      : 3 (local_rank: 3)
  exitcode  : -6 (pid: 1088)  (SIGABRT)
  error_file: <N/A>
  traceback : Signal 6 (SIGABRT) received by PID 1088
[5]:
  time      : 2026-07-26_06:48:34
  host      : 57a1d79bf0c5
  rank      : 5 (local_rank: 5)
  exitcode  : -6 (pid: 1090)  (SIGABRT)
  error_file: <N/A>
  traceback : Signal 6 (SIGABRT) received by PID 1090
[6]:
  time      : 2026-07-26_06:48:34
  host      : 57a1d79bf0c5
  rank      : 6 (local_rank: 6)
  exitcode  : -6 (pid: 1091)  (SIGABRT)
  error_file: <N/A>
  traceback : Signal 6 (SIGABRT) received by PID 1091
[7]:
  time      : 2026-07-26_06:48:34
  host      : 57a1d79bf0c5
  rank      : 7 (local_rank: 7)
  exitcode  : -6 (pid: 1092)  (SIGABRT)
  error_file: <N/A>
  traceback : Signal 6 (SIGABRT) received by PID 1092
-----------------------------------------------------
Root Cause (first observed failure):
[0]:
  time      : 2026-07-26_06:48:04
  host      : 57a1d79bf0c5
  rank      : 4 (local_rank: 4)
  exitcode  : -6 (pid: 1089)  (SIGABRT)
  error_file: <N/A>
  traceback : Signal 6 (SIGABRT) received by PID 1089
=====================================================
